student_id,age,gender,family_income_level,parental_education,distance_from_home_km,has_scholarship,part_time_job,high_school_gpa,entrance_exam_score,prior_failures,semester,attendance_rate,study_hours_per_week,current_gpa,lms_login_freq_per_week,extracurricular_activities,counseling_visits,dropout
S100000,18,Male,Medium,Bachelor,2.7,0,1,2.33,56.9,0,4,81.3,21.9,2.5,4.0,1,0,0
S100001,27,Female,Medium,None,9.9,0,0,2.86,55.5,0,3,71.7,11.2,3.25,6.0,1,0,0
S100002,25,Female,Low,Secondary,3.9,0,1,2.84,40.8,0,1,70.9,9.1,2.14,11.0,0,0,1
S100003,22,Female,Medium,Bachelor,28.0,1,1,3.04,70.9,0,4,88.7,9.8,2.72,7.0,1,1,0
S100004,22,Male,Medium,Bachelor,5.4,0,1,2.97,72.4,0,2,80.0,16.8,2.85,7.0,1,0,1
S100005,28,Male,Medium,None,16.6,0,0,3.53,79.1,1,7,44.1,16.7,2.78,4.0,0,0,1
S100006,18,Female,High,Bachelor,24.4,0,0,3.29,74.8,0,4,77.0,8.8,3.07,9.0,0,0,0
S100007,26,Female,High,Secondary,8.6,0,1,2.96,71.0,0,1,74.2,16.0,2.23,4.0,1,0,0
S100008,19,Female,Medium,Bachelor,6.9,1,1,2.83,73.9,0,6,98.9,10.8,2.41,9.0,1,0,0
S100009,18,Female,Medium,Bachelor,0.5,0,1,2.98,75.5,0,6,61.4,6.3,3.3,4.0,1,0,0
S100010,23,Female,Medium,None,27.9,0,0,2.99,78.6,0,6,100.0,9.2,2.51,7.0,1,0,0
S100011,29,Female,Medium,Secondary,7.1,0,1,4.0,42.1,1,3,92.9,18.5,2.45,14.0,0,0,1
S100012,26,Male,Low,Secondary,10.2,0,0,2.27,58.1,0,8,75.8,13.6,2.21,9.0,1,0,1
S100013,26,Male,Medium,Bachelor,3.3,1,0,2.54,40.7,2,4,73.7,7.5,2.48,7.0,1,0,0
S100014,26,Male,Medium,Secondary,18.2,1,0,2.46,70.0,1,5,70.4,14.7,2.08,11.0,0,0,0
S100015,27,Female,Medium,Bachelor,5.3,0,1,3.13,89.4,1,5,84.8,13.6,3.31,5.0,0,0,1
S100016,23,Male,High,Secondary,18.3,0,0,3.11,78.4,0,5,68.2,8.5,2.49,4.0,1,0,0
S100017,18,Male,Medium,Secondary,0.0,0,0,2.71,55.9,0,2,78.2,6.3,2.04,7.0,1,1,0
S100018,27,Female,Medium,None,12.3,0,1,3.45,72.6,0,4,63.7,4.4,2.66,12.0,0,0,0
S100019,22,Male,Low,Secondary,33.9,0,1,3.18,70.2,0,2,90.7,1.8,1.82,12.0,0,0,0
S100020,23,Male,Low,Secondary,9.1,1,0,3.47,68.5,0,2,82.5,6.7,2.2,6.0,0,3,1
S100021,21,Female,Medium,Bachelor,21.5,0,1,3.6,45.4,1,7,73.0,9.1,3.75,7.0,0,0,0
S100022,19,Male,Medium,Postgraduate,14.2,0,1,1.93,84.7,1,7,76.4,16.3,2.04,10.0,1,1,1
S100023,29,Female,Low,Secondary,7.7,0,0,3.34,47.3,1,7,69.6,14.1,2.7,18.0,1,0,0
S100024,27,Female,Low,Bachelor,13.6,0,1,2.35,59.5,0,5,84.7,11.0,4.34,7.0,1,0,0
S100025,25,Male,Low,Secondary,16.7,0,1,3.12,79.4,0,3,61.2,0.6,2.97,14.0,0,0,1
S100026,22,Female,Medium,Bachelor,30.7,0,1,2.96,59.4,0,1,93.5,11.5,2.44,9.0,0,0,1
S100027,27,Female,Medium,None,8.0,0,0,2.98,66.2,0,6,82.6,1.8,1.41,11.0,1,0,0
S100028,24,Female,Medium,Bachelor,14.2,0,1,2.4,66.8,0,8,73.3,14.4,2.92,12.0,0,0,1
S100029,22,Female,Low,Secondary,2.1,0,1,3.52,66.0,0,5,88.8,14.5,2.26,9.0,0,0,1
S100030,22,Female,Low,Secondary,12.7,1,1,2.35,66.7,0,3,85.8,10.3,3.19,8.0,0,1,1
S100031,19,Female,Low,Bachelor,62.1,0,0,3.38,68.2,1,5,64.3,14.1,2.33,7.0,1,0,1
S100032,18,Female,Medium,Secondary,14.1,0,0,2.28,66.1,0,2,99.6,15.1,2.99,9.0,1,0,0
S100033,24,Male,Low,Secondary,1.5,1,1,2.99,51.6,0,7,42.6,10.5,3.81,13.0,1,0,1
S100034,28,Female,Low,Secondary,3.7,0,0,3.9,41.7,0,4,96.3,9.3,3.27,13.0,1,0,1
S100035,17,Female,High,Postgraduate,16.7,0,1,4.0,80.0,0,5,77.6,3.4,1.88,13.0,0,1,1
S100036,28,Female,Medium,Secondary,5.5,1,0,2.19,80.7,0,6,94.9,8.2,2.86,6.0,1,0,0
S100037,27,Male,High,Secondary,3.9,0,1,2.65,70.1,0,7,100.0,5.0,3.47,6.0,0,1,0
S100038,20,Male,Low,Bachelor,17.9,1,0,2.74,69.9,1,3,73.6,5.0,1.74,5.0,1,0,1
S100039,25,Female,Low,Bachelor,18.0,0,1,4.0,51.3,0,4,74.3,6.3,3.98,9.0,0,0,0
S100040,19,Female,High,Secondary,83.6,1,1,2.97,28.4,0,3,84.7,0.2,2.9,12.0,0,0,0
S100041,26,Female,Medium,Bachelor,2.6,0,0,3.54,61.3,0,1,63.0,14.9,3.2,6.0,1,0,0
S100042,26,Male,Medium,None,11.1,0,0,3.15,36.5,0,3,75.0,11.1,2.56,7.0,0,0,0
S100043,21,Male,High,Secondary,3.2,1,1,2.4,67.8,1,2,73.8,15.8,2.83,11.0,0,0,0
S100044,17,Female,Medium,Secondary,14.7,0,1,2.07,84.6,0,6,62.2,14.0,2.17,7.0,1,0,1
S100045,29,Male,Low,Bachelor,9.5,0,1,2.69,55.8,0,6,73.0,12.5,3.88,7.0,0,0,1
S100046,22,Female,Medium,Bachelor,6.6,0,0,4.0,56.6,1,1,91.3,14.0,4.06,12.0,1,1,0
S100047,28,Male,Low,Secondary,19.0,0,1,3.13,49.9,1,4,90.2,10.8,4.3,8.0,0,0,0
S100048,25,Male,Low,None,21.2,0,1,3.53,65.7,0,1,77.3,16.5,1.56,5.0,0,0,1
S100049,27,Male,Low,Secondary,4.1,0,0,2.29,64.5,0,4,80.9,7.5,3.03,8.0,0,0,1
S100050,26,Female,High,Secondary,4.4,0,0,2.84,49.7,0,2,75.4,9.9,3.1,10.0,1,0,0
S100051,19,Female,Medium,Secondary,3.4,1,0,3.39,78.7,1,6,53.6,8.6,2.31,18.0,1,1,0
S100052,21,Female,Low,Bachelor,6.9,1,1,2.45,100.0,0,8,64.7,20.1,3.06,14.0,0,0,0
S100053,23,Female,Low,Secondary,22.4,1,1,2.97,82.8,2,5,94.4,6.8,1.79,21.0,0,1,1
S100054,23,Male,Medium,Postgraduate,2.9,0,0,2.56,63.3,0,2,98.0,16.4,3.83,4.0,1,0,0
S100055,17,Female,High,Secondary,0.3,0,0,3.41,63.2,0,6,67.1,3.2,1.73,14.0,1,0,0
S100056,24,Male,Low,None,53.3,0,0,3.2,57.3,1,5,96.8,10.5,2.98,14.0,0,0,1
S100057,19,Male,Low,Secondary,7.6,0,0,3.34,57.0,0,1,62.0,9.1,3.35,8.0,1,0,0
S100058,26,Female,High,Bachelor,0.0,0,1,3.44,79.4,0,1,72.2,4.9,2.38,6.0,1,0,0
S100059,25,Male,High,Secondary,29.6,1,1,2.89,80.0,1,8,78.2,6.7,3.76,11.0,1,0,0
S100060,28,Female,High,Secondary,1.9,0,0,3.5,47.5,0,6,75.9,12.5,1.52,7.0,0,0,0
S100061,26,Female,Low,Secondary,26.8,0,0,2.71,70.5,1,3,69.6,8.3,2.78,3.0,0,1,1
S100062,21,Female,Low,Bachelor,12.5,0,0,3.31,81.7,0,1,81.9,5.2,1.62,2.0,0,1,0
S100063,29,Female,Medium,Postgraduate,14.7,0,1,2.01,59.7,0,6,91.6,14.5,2.26,2.0,1,0,1
S100064,22,Female,Low,Secondary,28.8,0,0,2.63,61.8,1,4,58.2,9.9,2.45,9.0,0,1,1
S100065,21,Male,High,Secondary,6.9,0,0,4.0,75.4,1,4,81.9,11.7,2.41,11.0,0,0,0
S100066,28,Male,Low,Secondary,0.2,1,1,3.31,75.9,0,1,94.5,15.5,3.69,4.0,0,1,0
S100067,21,Male,Medium,Secondary,6.9,0,1,3.31,71.4,0,2,73.8,17.7,1.98,10.0,1,1,0
S100068,17,Female,High,Postgraduate,4.5,0,1,2.59,68.8,0,2,71.8,0.0,1.71,10.0,0,0,1
S100069,23,Female,High,Secondary,13.0,1,0,2.45,70.8,0,5,67.2,9.5,2.5,9.0,0,1,0
S100070,27,Male,Medium,Bachelor,20.5,1,0,2.87,60.8,1,5,100.0,1.6,2.88,11.0,0,0,0
S100071,19,Female,High,Postgraduate,26.0,1,1,2.97,48.2,0,1,100.0,23.6,3.15,9.0,0,0,0
S100072,23,Female,Low,Bachelor,16.7,0,1,3.96,41.7,0,8,75.6,10.8,3.61,13.0,0,0,1
S100073,18,Female,Medium,Secondary,5.2,0,1,3.51,73.9,0,1,97.7,14.9,1.29,10.0,1,1,1
S100074,25,Female,Low,Bachelor,29.7,0,1,3.05,66.6,1,6,72.1,6.9,3.98,3.0,0,1,1
S100075,23,Female,High,Secondary,36.8,1,0,3.03,71.8,2,3,77.7,8.2,2.23,15.0,1,0,0
S100076,21,Female,High,Secondary,0.9,1,1,3.38,52.6,1,8,64.1,15.5,2.61,4.0,0,1,1
S100077,19,Female,Low,Postgraduate,31.6,0,0,2.34,66.5,0,4,52.4,12.6,2.82,8.0,0,0,0
S100078,24,Male,Low,Secondary,15.2,0,0,2.04,66.2,0,5,71.3,18.4,1.28,18.0,1,1,1
S100079,25,Female,Medium,Secondary,9.7,0,0,3.37,84.2,2,2,73.6,5.8,2.5,10.0,0,0,0
S100080,29,Male,Low,Secondary,40.5,0,0,3.04,77.8,0,3,86.4,8.9,3.49,5.0,0,1,1
S100081,22,Female,High,Secondary,2.6,0,0,2.34,53.9,0,8,89.8,12.6,3.24,9.0,0,0,0
S100082,19,Male,Low,Bachelor,13.5,0,0,1.95,72.6,0,7,78.2,13.3,2.45,10.0,0,2,1
S100083,27,Male,Medium,Bachelor,12.8,0,0,3.45,53.8,1,1,65.1,12.1,2.95,9.0,0,0,0
S100084,25,Male,Medium,Bachelor,1.4,0,1,2.74,25.8,0,6,70.1,3.4,3.12,6.0,1,0,1
S100085,26,Female,Medium,Secondary,10.4,0,1,3.2,90.9,0,7,100.0,5.3,2.62,3.0,0,2,0
S100086,18,Male,Low,None,4.4,0,0,2.87,59.4,0,6,89.4,11.7,3.14,3.0,1,0,0
S100087,21,Male,High,Secondary,4.5,0,0,2.98,80.6,2,4,100.0,2.3,2.24,5.0,0,1,0
S100088,26,Female,Medium,Secondary,20.3,0,1,2.7,55.1,0,4,100.0,5.6,2.14,13.0,0,0,0
S100089,27,Female,Medium,Bachelor,11.5,0,0,2.96,52.9,0,7,70.1,10.2,2.59,3.0,0,0,0
S100090,22,Female,Medium,Bachelor,9.0,0,1,3.29,56.8,2,8,92.3,6.1,1.11,9.0,0,1,1
S100091,27,Female,High,Bachelor,55.0,1,0,2.86,68.8,0,8,66.5,11.1,3.29,14.0,1,0,0
S100092,27,Female,High,Bachelor,2.1,0,1,2.83,67.6,1,5,95.5,9.6,2.86,11.0,0,0,0
S100093,22,Male,High,Secondary,0.8,0,0,3.3,72.5,1,5,92.4,6.1,2.64,14.0,1,0,0
S100094,28,Male,Medium,Bachelor,40.4,0,1,3.34,57.6,1,6,48.3,6.2,3.36,6.0,0,0,0
S100095,20,Female,High,Bachelor,3.3,0,0,2.43,65.6,0,4,86.0,16.4,3.07,11.0,0,0,0
S100096,20,Male,Low,Postgraduate,16.0,0,0,2.99,52.4,0,1,67.2,11.9,3.54,13.0,1,0,1
S100097,25,Female,Medium,Secondary,33.4,1,0,2.74,87.0,0,6,74.9,11.2,3.91,12.0,0,1,1
S100098,25,Female,Medium,Bachelor,8.9,0,0,3.01,45.3,0,7,70.1,10.3,3.03,12.0,0,0,0
S100099,18,Female,Medium,Secondary,6.2,0,1,3.72,52.7,0,8,93.6,5.5,2.3,3.0,1,0,0
S100100,27,Female,High,Bachelor,4.1,1,0,3.18,58.6,3,3,69.7,7.2,3.31,11.0,0,1,0
S100101,19,Female,High,Postgraduate,1.7,0,0,4.0,100.0,0,1,60.8,0.0,2.3,10.0,1,0,0
S100102,27,Female,Medium,Postgraduate,3.4,0,1,3.11,76.5,1,5,67.9,6.8,2.27,7.0,1,0,1
S100103,17,Female,Medium,Secondary,12.3,0,0,2.92,52.2,1,5,76.8,6.9,2.6,6.0,0,0,1
S100104,27,Male,High,Secondary,10.8,0,1,2.99,77.3,0,6,86.2,12.7,3.61,10.0,0,0,0
S100105,27,Male,High,Bachelor,6.7,1,1,3.07,72.7,1,4,97.9,7.0,3.33,4.0,1,1,0
S100106,27,Female,Medium,Bachelor,5.8,1,0,3.16,69.1,0,6,87.7,13.9,3.42,6.0,1,0,0
S100107,25,Male,Low,Postgraduate,0.7,0,1,2.5,75.4,0,7,88.8,8.7,2.89,12.0,1,0,1
S100108,23,Female,Low,Secondary,21.3,0,1,2.88,65.9,0,2,91.1,10.7,3.2,12.0,1,0,0
S100109,26,Male,High,Bachelor,2.3,0,0,2.64,67.6,1,1,92.3,9.8,3.22,10.0,1,0,0
S100110,20,Female,Medium,Bachelor,43.9,0,1,3.51,41.7,1,7,95.5,13.5,2.32,6.0,0,0,0
S100111,27,Female,Medium,Secondary,0.9,0,0,2.04,86.6,0,6,100.0,16.0,3.21,4.0,0,0,0
S100112,24,Female,Medium,None,15.1,1,0,3.08,58.3,0,2,92.0,5.1,2.8,5.0,0,0,1
S100113,22,Female,Medium,Bachelor,3.2,0,1,2.24,46.4,0,3,84.3,18.8,2.52,13.0,0,0,0
S100114,23,Male,Medium,Secondary,1.8,0,1,3.22,57.4,0,5,73.0,5.7,2.55,9.0,0,0,0
S100115,24,Female,High,Bachelor,1.9,1,1,2.8,58.0,1,7,84.6,9.1,2.41,8.0,0,0,0
S100116,17,Male,Low,Bachelor,14.9,1,0,2.09,53.0,0,5,97.3,7.4,2.6,9.0,0,1,0
S100117,18,Female,Medium,Secondary,29.7,0,1,3.47,76.7,1,1,61.7,17.5,2.79,11.0,0,0,1
S100118,20,Female,Medium,Secondary,50.3,0,0,1.74,79.6,0,7,98.9,4.7,3.27,4.0,0,0,0
S100119,18,Female,High,Postgraduate,36.8,1,1,2.98,35.6,1,7,73.6,13.6,3.86,6.0,0,1,0
S100120,22,Female,Low,Bachelor,17.5,0,0,3.35,57.3,0,1,76.5,0.0,3.2,11.0,1,0,1
S100121,25,Female,Medium,Bachelor,64.7,0,0,3.69,58.4,0,1,87.8,14.1,2.88,9.0,1,0,0
S100122,25,Male,Low,Bachelor,33.6,0,0,2.19,62.4,0,2,72.1,9.0,1.4,12.0,1,0,1
S100123,23,Female,Low,Bachelor,27.8,1,0,2.74,90.6,0,8,86.9,8.1,4.49,11.0,0,1,0
S100124,28,Female,Medium,Postgraduate,18.3,0,0,3.54,52.8,1,8,62.7,6.5,2.3,5.0,0,0,0
S100125,24,Female,Low,Bachelor,16.9,0,0,3.58,88.4,1,4,93.1,9.7,2.33,0.0,1,1,0
S100126,18,Female,High,Secondary,14.7,0,0,3.64,62.8,0,4,82.9,8.2,3.68,9.0,1,1,0
S100127,26,Male,High,Secondary,26.7,1,0,4.0,88.6,0,8,79.9,2.5,2.03,4.0,0,2,0
S100128,24,Male,Low,Secondary,1.2,0,0,2.75,60.3,0,2,84.1,6.1,3.06,10.0,1,0,1
S100129,25,Male,High,Bachelor,1.9,0,1,3.19,58.6,0,1,79.7,14.0,2.48,14.0,0,0,0
S100130,24,Male,Medium,Secondary,26.9,0,1,2.83,64.7,1,7,86.6,8.0,2.62,4.0,1,0,0
S100131,24,Female,Medium,Bachelor,16.9,0,1,2.01,84.4,0,8,76.9,6.0,2.83,11.0,0,1,0
S100132,18,Female,High,Postgraduate,5.7,1,1,2.95,67.4,0,7,75.6,10.2,1.96,11.0,0,0,0
S100133,24,Female,Medium,Secondary,18.1,0,1,2.0,68.1,1,5,53.5,12.4,2.71,9.0,0,0,1
S100134,27,Female,Low,None,9.0,1,0,2.74,74.6,0,8,100.0,13.3,3.52,9.0,0,0,0
S100135,20,Female,Low,Bachelor,0.9,0,0,2.27,51.8,0,1,62.6,11.7,2.75,0.0,0,0,0
S100136,24,Female,Medium,None,8.4,0,0,3.22,70.1,1,8,100.0,16.0,5.0,8.0,0,0,0
S100137,17,Male,High,Bachelor,11.2,0,0,2.61,55.6,0,8,76.4,10.2,2.86,8.0,1,1,0
S100138,21,Female,Medium,Secondary,15.7,0,1,2.11,87.1,1,5,98.3,8.8,1.96,12.0,0,1,0
S100139,22,Male,Medium,Secondary,33.0,1,1,3.43,71.3,0,3,95.6,14.4,2.43,12.0,1,0,0
S100140,29,Female,Low,Bachelor,0.2,1,1,2.7,75.4,1,2,94.4,6.5,1.45,6.0,1,0,0
S100141,19,Female,High,Secondary,14.0,0,1,2.78,34.4,2,2,80.7,8.0,3.55,0.0,0,0,1
S100142,20,Female,Low,Secondary,1.0,0,1,2.51,75.6,0,1,62.1,2.0,3.92,2.0,0,1,0
S100143,22,Female,Medium,Secondary,5.1,1,0,3.57,62.3,0,1,77.3,19.1,3.39,14.0,1,0,0
S100144,29,Male,Medium,Secondary,5.8,0,0,3.14,43.4,0,5,75.3,20.4,2.21,8.0,0,1,1
S100145,28,Female,Low,Bachelor,62.5,1,1,2.69,66.4,0,5,78.5,9.1,2.19,2.0,1,0,0
S100146,17,Female,Low,None,10.4,0,1,2.04,42.2,1,1,61.6,13.8,3.32,3.0,1,0,1
S100147,20,Female,Medium,Secondary,5.2,0,0,4.0,74.2,0,6,75.7,13.5,2.44,9.0,0,0,0
S100148,27,Female,Low,Secondary,4.3,0,0,3.99,86.5,0,5,36.2,10.9,2.2,8.0,1,0,1
S100149,17,Female,Medium,Secondary,0.5,0,1,3.72,38.1,0,3,75.5,16.1,2.12,15.0,0,0,0
S100150,28,Female,High,None,6.3,1,1,2.65,64.6,0,8,81.9,3.7,4.11,8.0,0,0,0
S100151,20,Female,Low,Bachelor,5.7,0,0,2.75,62.5,1,6,68.3,9.1,2.48,10.0,0,0,1
S100152,28,Female,Medium,None,7.2,0,1,3.2,35.2,0,4,75.9,0.0,3.38,8.0,0,0,1
S100153,20,Female,Low,Bachelor,8.5,0,0,2.55,78.7,0,7,82.4,4.9,3.18,11.0,1,1,1
S100154,22,Female,Low,Secondary,8.4,0,1,2.51,74.4,0,8,95.2,1.9,2.21,15.0,0,0,1
S100155,25,Female,Medium,Secondary,3.5,1,1,3.73,95.4,0,4,95.8,0.8,2.83,12.0,0,0,0
S100156,18,Male,Medium,Secondary,2.3,0,1,2.97,72.4,0,5,84.6,7.5,2.1,16.0,0,0,1
S100157,24,Female,Medium,Bachelor,4.9,1,1,2.44,51.8,0,8,79.6,11.8,3.81,10.0,0,0,0
S100158,23,Male,Low,Postgraduate,47.3,0,1,3.48,72.7,0,4,85.3,6.7,2.16,2.0,0,0,1
S100159,27,Male,Medium,Secondary,24.4,0,0,2.71,84.3,0,1,100.0,7.3,3.06,5.0,0,1,0
S100160,29,Female,Medium,Postgraduate,5.7,0,1,2.01,58.0,1,4,87.5,6.3,2.45,11.0,0,0,0
S100161,25,Male,High,Secondary,21.1,0,0,2.43,77.8,0,6,83.9,10.7,2.15,7.0,0,0,0
S100162,22,Male,Medium,Bachelor,2.1,0,0,2.74,29.7,0,8,96.1,7.0,3.55,8.0,0,0,0
S100163,22,Male,High,Bachelor,6.1,0,1,3.11,87.1,0,6,80.7,5.0,2.44,5.0,1,0,0
S100164,22,Female,Low,Secondary,28.6,0,0,3.09,77.0,0,8,67.2,14.7,1.52,14.0,0,0,0
S100165,27,Female,Medium,Secondary,4.4,0,0,3.61,26.8,0,5,86.9,5.6,3.1,14.0,0,1,0
S100166,21,Female,Medium,None,21.6,1,0,2.88,70.7,1,6,82.6,3.6,2.3,7.0,0,0,0
S100167,19,Male,Medium,Bachelor,12.9,1,0,2.77,35.2,0,2,76.7,13.7,2.91,7.0,0,0,0
S100168,21,Female,Medium,Secondary,8.4,0,0,3.62,55.8,0,7,88.2,1.6,3.4,13.0,0,0,0
S100169,17,Female,Medium,Bachelor,15.3,1,1,3.49,75.2,0,5,52.8,16.1,3.05,12.0,1,1,0
S100170,18,Female,High,Secondary,45.8,1,0,2.89,63.0,0,1,71.9,4.9,3.42,1.0,0,2,0
S100171,18,Female,Low,Postgraduate,13.6,1,1,3.15,83.8,1,2,66.8,10.4,1.89,11.0,0,1,0
S100172,27,Male,High,None,13.9,0,0,2.76,66.0,2,6,68.4,5.0,3.64,10.0,0,0,0
S100173,26,Female,Medium,Bachelor,20.7,0,0,2.42,64.4,0,1,77.7,10.1,2.59,9.0,1,1,0
S100174,26,Female,Medium,Secondary,6.5,0,0,4.0,81.5,0,6,66.3,7.4,1.8,4.0,0,0,0
S100175,23,Female,Medium,Secondary,11.9,1,0,2.73,59.9,0,5,100.0,5.1,1.08,5.0,1,0,0
S100176,26,Female,Low,None,5.0,0,1,3.15,64.6,2,4,86.8,2.0,2.58,0.0,0,1,1
S100177,19,Female,High,Bachelor,7.8,0,1,2.24,66.6,1,5,68.1,7.3,2.25,5.0,0,0,0
S100178,28,Female,High,Secondary,18.8,1,0,3.37,64.0,2,6,53.9,12.4,2.26,0.0,0,0,0
S100179,23,Male,High,Bachelor,8.2,1,0,2.4,82.4,0,7,71.2,13.4,3.03,6.0,0,1,0
S100180,29,Female,High,Postgraduate,0.1,0,1,3.84,55.0,0,5,75.1,6.4,4.0,10.0,1,0,0
S100181,18,Female,Medium,Secondary,0.4,1,0,3.9,52.5,1,2,70.5,6.4,2.17,3.0,0,1,1
S100182,23,Male,Medium,None,44.0,1,0,3.28,49.1,0,8,100.0,9.1,2.86,13.0,0,0,0
S100183,26,Female,High,None,10.2,0,0,3.06,32.9,0,8,55.2,10.0,2.4,16.0,0,0,0
S100184,23,Male,Low,None,15.5,1,1,2.91,87.3,1,2,80.8,10.0,2.11,9.0,0,0,1
S100185,22,Female,High,Secondary,26.8,0,0,2.98,51.5,0,5,78.1,7.8,2.09,10.0,0,0,1
S100186,19,Male,Medium,Bachelor,10.1,0,1,3.2,61.4,1,4,76.3,8.2,3.95,2.0,1,0,0
S100187,21,Female,Medium,Secondary,2.8,1,0,3.04,88.4,0,6,50.9,8.6,2.81,9.0,0,0,0
S100188,20,Male,Medium,None,20.8,0,0,3.49,62.9,0,1,79.4,0.0,2.67,2.0,1,0,1
S100189,20,Female,Medium,Bachelor,15.2,0,1,2.54,72.7,0,2,82.7,8.0,2.32,1.0,1,1,0
S100190,25,Female,Low,Secondary,25.6,1,0,3.76,43.7,0,2,90.6,13.9,2.85,3.0,0,0,1
S100191,25,Male,Medium,Bachelor,45.4,0,0,2.79,86.0,0,7,87.2,17.0,2.35,7.0,1,1,1
S100192,24,Female,Medium,Postgraduate,1.0,0,0,2.63,63.2,0,5,98.3,15.9,4.15,8.0,1,0,0
S100193,21,Female,Low,Secondary,0.4,0,1,3.18,49.7,1,6,49.3,10.5,2.98,8.0,0,0,0
S100194,29,Female,Low,Secondary,60.9,0,1,3.21,49.7,0,3,76.5,4.1,2.9,3.0,1,0,0
S100195,18,Male,Medium,Bachelor,22.9,0,0,2.13,90.3,0,2,100.0,7.3,2.88,8.0,0,0,1
S100196,21,Female,Low,Bachelor,41.3,0,0,2.76,56.2,0,1,95.9,6.2,3.72,5.0,0,1,1
S100197,18,Male,High,Bachelor,1.7,1,0,1.91,50.1,0,5,58.2,3.0,2.78,9.0,0,0,0
S100198,21,Male,Low,Bachelor,22.2,0,0,2.66,58.5,0,7,81.3,5.3,2.47,7.0,1,0,1
S100199,29,Female,Medium,Secondary,41.9,0,0,2.68,65.7,0,4,64.3,6.4,2.91,1.0,0,2,1
S100200,21,Female,Low,Secondary,66.4,0,0,3.15,67.3,0,8,73.5,3.0,3.35,5.0,1,1,0
S100201,28,Female,Medium,Bachelor,27.6,0,0,2.61,71.7,0,8,100.0,14.7,3.63,10.0,1,0,0
S100202,23,Male,Medium,Bachelor,31.4,0,1,2.72,68.5,0,1,94.4,13.0,2.95,11.0,0,0,0
S100203,26,Female,Medium,Bachelor,19.1,0,1,3.65,74.7,0,8,57.2,9.8,2.96,3.0,1,1,0
S100204,22,Female,Medium,Secondary,2.4,0,1,4.0,60.9,0,7,68.5,11.9,3.49,5.0,1,0,0
S100205,20,Female,Medium,Bachelor,16.4,0,1,2.54,96.1,0,5,80.0,11.5,0.89,6.0,0,0,1
S100206,26,Female,Low,Secondary,9.2,0,0,3.51,57.7,0,2,76.0,6.3,2.86,13.0,1,0,0
S100207,29,Male,Medium,Secondary,7.0,0,1,3.19,85.3,0,4,84.7,19.0,2.39,10.0,0,1,1
S100208,20,Male,Medium,Secondary,8.2,0,0,2.13,56.0,0,7,68.4,6.2,2.84,3.0,1,0,0
S100209,27,Female,Medium,Secondary,2.5,0,1,2.6,43.6,0,4,74.5,1.7,3.05,10.0,0,0,0
S100210,20,Female,Medium,Bachelor,21.1,0,0,1.49,40.0,1,8,68.2,10.8,3.67,13.0,1,0,0
S100211,26,Male,Medium,Secondary,0.8,0,1,3.16,69.6,1,3,74.5,12.8,1.83,9.0,1,0,0
S100212,27,Male,Medium,Bachelor,28.7,1,1,2.46,82.4,0,3,90.6,8.5,2.3,5.0,1,0,0
S100213,22,Male,Low,Secondary,0.9,0,0,3.07,47.7,0,7,84.5,16.2,2.18,11.0,0,0,1
S100214,26,Female,Low,Secondary,7.0,0,0,4.0,51.8,0,1,69.5,10.9,2.38,9.0,0,0,0
S100215,20,Male,Low,Secondary,9.3,0,1,3.8,70.8,0,5,97.0,5.9,1.84,7.0,1,0,1
S100216,18,Female,Medium,Secondary,24.8,0,0,2.62,65.0,0,3,96.0,7.0,4.3,12.0,0,0,0
S100217,18,Female,High,Bachelor,20.3,0,0,2.5,56.2,1,5,80.0,10.7,3.41,8.0,1,0,0
S100218,22,Male,Medium,Secondary,48.8,0,0,3.65,45.8,1,2,76.1,10.4,2.26,8.0,0,0,0
S100219,28,Female,Medium,Secondary,4.3,0,0,2.5,69.6,0,1,100.0,16.1,2.81,11.0,0,1,0
S100220,18,Female,Low,Secondary,5.2,0,0,3.5,74.8,1,7,100.0,14.2,2.5,6.0,0,0,0
S100221,22,Female,High,None,3.4,0,1,4.0,72.4,0,1,57.3,2.2,2.91,3.0,0,0,1
S100222,26,Male,Low,None,4.5,1,1,3.34,65.4,0,4,97.9,9.2,2.26,9.0,1,0,1
S100223,19,Female,Medium,Postgraduate,25.4,1,0,3.59,49.2,1,2,100.0,3.8,1.73,14.0,1,0,0
S100224,26,Male,High,None,9.5,0,1,3.53,69.7,0,6,89.8,17.3,2.4,0.0,1,0,1
S100225,20,Female,Medium,None,21.5,1,1,2.72,68.6,1,4,73.0,5.1,3.77,11.0,1,0,0
S100226,27,Female,Low,Bachelor,4.9,0,0,3.15,45.3,0,8,74.8,11.0,1.76,8.0,0,0,1
S100227,24,Male,Low,Bachelor,2.2,0,1,2.52,60.5,0,4,100.0,6.5,3.57,6.0,0,0,0
S100228,24,Male,Medium,Secondary,11.5,0,0,3.64,70.5,1,3,92.5,0.1,3.19,5.0,0,0,0
S100229,19,Female,Low,Bachelor,2.8,1,0,2.46,63.8,1,7,88.2,3.7,2.52,12.0,0,0,0
S100230,23,Male,Medium,Postgraduate,13.7,0,1,3.35,35.6,0,7,100.0,8.8,3.33,11.0,0,0,0
S100231,28,Male,Medium,None,6.6,1,1,3.57,55.4,0,7,64.9,12.8,2.95,4.0,0,0,0
S100232,17,Female,Low,Secondary,7.2,0,1,2.75,54.4,0,4,78.6,12.7,1.3,9.0,0,0,1
S100233,26,Male,Low,Bachelor,24.3,0,0,2.64,73.4,0,6,82.8,3.3,2.52,13.0,0,0,0
S100234,23,Male,High,Bachelor,10.9,0,0,2.92,100.0,1,3,76.8,11.6,2.54,11.0,1,0,0
S100235,26,Female,Medium,Postgraduate,1.9,0,0,2.55,67.0,2,1,52.4,14.7,3.81,1.0,0,0,0
S100236,25,Male,Medium,Secondary,6.4,1,0,3.08,47.0,0,1,95.1,12.6,2.52,11.0,0,2,0
S100237,22,Female,Medium,Postgraduate,8.3,0,0,2.54,62.6,0,5,68.7,8.2,2.65,3.0,1,0,0
S100238,21,Female,Low,Secondary,13.0,0,0,2.58,65.2,0,2,68.5,10.2,1.99,9.0,0,1,0
S100239,25,Female,Medium,Bachelor,60.6,0,1,3.27,76.3,1,8,74.6,10.8,2.76,5.0,1,0,1
S100240,18,Male,Medium,Bachelor,1.0,1,0,3.31,83.6,1,1,76.5,17.0,1.97,10.0,1,0,1
S100241,24,Female,Medium,Secondary,16.1,0,0,2.85,85.9,0,4,78.2,18.5,3.56,5.0,0,0,0
S100242,18,Male,High,Secondary,28.4,0,0,2.18,73.1,0,5,94.5,13.2,2.51,4.0,0,0,0
S100243,25,Female,High,Bachelor,1.9,0,1,3.59,65.0,0,5,97.5,10.3,1.97,9.0,0,1,1
S100244,25,Male,Medium,Bachelor,31.8,0,0,2.78,87.3,0,5,76.1,9.8,3.66,8.0,1,0,0
S100245,18,Female,Medium,None,5.6,0,0,4.0,59.8,0,1,71.0,10.4,1.89,11.0,0,0,0
S100246,26,Male,Medium,Bachelor,0.4,0,0,2.93,65.8,0,6,78.1,11.0,2.98,6.0,0,0,0
S100247,22,Male,Medium,Secondary,30.7,0,0,3.07,61.3,0,3,66.6,7.4,1.76,2.0,0,1,0
S100248,27,Female,Low,Secondary,20.7,0,0,2.78,33.0,0,3,79.6,19.8,3.01,11.0,0,0,0
S100249,17,Male,High,Secondary,3.8,0,1,3.12,84.1,1,5,65.8,6.0,3.55,14.0,0,0,1
S100250,19,Male,High,Postgraduate,9.3,0,0,4.0,75.1,0,7,100.0,16.5,2.35,6.0,0,0,0
S100251,23,Female,Low,None,4.1,0,0,2.83,29.4,1,7,81.9,0.0,1.97,10.0,0,1,0
S100252,19,Female,High,Bachelor,15.7,0,0,3.64,80.0,2,7,71.9,8.6,2.0,7.0,0,0,1
S100253,21,Male,High,None,11.8,0,0,3.05,60.4,0,7,90.6,8.3,2.76,16.0,1,0,0
S100254,25,Female,Medium,Postgraduate,3.1,0,1,3.59,79.8,1,4,61.5,11.1,4.15,6.0,1,1,0
S100255,18,Female,High,Bachelor,9.5,0,1,2.03,66.1,0,7,69.3,8.2,3.55,8.0,0,1,0
S100256,25,Female,Low,Secondary,25.4,0,0,3.97,44.6,0,8,86.4,16.9,3.62,0.0,0,1,0
S100257,18,Female,Low,Secondary,3.2,0,1,3.17,65.4,0,7,82.0,8.8,2.05,14.0,1,0,1
S100258,19,Female,Low,Secondary,8.0,1,0,2.87,51.5,0,1,95.7,4.9,3.57,6.0,0,1,0
S100259,24,Female,Medium,Secondary,6.6,1,0,3.45,46.7,1,6,39.1,5.2,3.49,13.0,0,0,0
S100260,27,Female,Medium,Bachelor,37.3,1,0,3.07,78.0,0,8,92.3,7.6,3.01,5.0,0,0,0
S100261,19,Female,High,Bachelor,0.4,1,1,2.43,70.9,0,5,71.8,13.6,2.36,8.0,1,0,0
S100262,20,Male,Low,Secondary,24.4,1,1,1.79,87.5,0,1,62.4,14.5,3.48,5.0,1,0,0
S100263,29,Male,Low,Bachelor,3.6,0,0,3.91,59.1,2,3,54.2,4.0,2.33,4.0,1,3,0
S100264,29,Male,Medium,Secondary,0.6,0,1,2.89,50.6,1,6,71.7,6.0,3.26,7.0,0,0,1
S100265,24,Female,Low,None,6.6,1,0,2.69,74.6,0,7,100.0,4.7,2.53,7.0,0,0,0
S100266,22,Female,Medium,None,9.1,0,0,2.73,52.5,0,5,94.5,8.6,2.11,7.0,0,1,1
S100267,21,Female,Medium,Secondary,36.3,0,0,3.73,60.3,0,4,100.0,14.8,2.52,2.0,0,0,1
S100268,24,Female,High,Bachelor,2.7,1,0,2.75,72.9,0,5,78.3,10.9,4.18,9.0,0,0,0
S100269,24,Female,Medium,None,57.3,0,0,3.32,63.1,2,5,81.6,12.8,1.98,0.0,1,0,1
S100270,20,Male,Low,Bachelor,18.6,0,1,2.83,57.7,0,8,56.3,13.7,3.49,7.0,0,0,1
S100271,17,Female,Low,Secondary,1.5,0,0,2.37,44.0,2,8,56.3,7.1,3.39,2.0,0,1,1
S100272,18,Female,Low,Bachelor,26.8,0,0,3.45,79.1,1,4,77.8,3.6,2.67,12.0,0,0,0
S100273,29,Male,High,None,10.5,0,0,3.55,59.5,0,3,59.4,7.1,2.41,13.0,1,0,0
S100274,22,Female,Medium,Secondary,48.4,0,0,2.66,74.3,0,2,67.1,14.1,1.93,10.0,0,0,1
S100275,23,Male,Medium,None,1.9,0,0,2.98,72.3,0,4,80.6,13.0,3.7,6.0,0,0,0
S100276,23,Female,Low,Secondary,36.4,0,0,3.05,81.4,0,2,99.1,10.4,1.97,5.0,0,0,0
S100277,27,Female,High,None,1.1,0,0,3.22,61.5,2,1,80.1,14.7,0.85,7.0,0,0,0
S100278,17,Male,Low,Secondary,5.7,0,0,3.99,59.8,0,3,59.6,10.7,3.02,8.0,0,0,0
S100279,18,Male,Medium,Bachelor,3.0,0,0,2.84,48.4,0,3,52.7,8.3,1.85,10.0,0,0,1
S100280,20,Male,Medium,None,42.6,0,1,2.83,56.9,0,6,81.8,2.2,2.72,10.0,0,0,1
S100281,23,Male,Low,Bachelor,12.7,0,1,2.91,70.1,1,8,70.6,16.4,1.86,0.0,0,0,1
S100282,25,Female,Medium,Bachelor,10.8,0,0,2.53,52.7,1,3,81.7,9.5,2.39,11.0,0,0,0
S100283,23,Male,Low,Secondary,4.1,1,1,2.14,69.7,0,3,76.9,7.7,2.85,10.0,0,0,0
S100284,22,Male,Medium,Bachelor,0.8,0,1,3.07,87.0,1,4,78.9,9.5,2.99,5.0,1,1,1
S100285,29,Female,High,Secondary,18.4,0,1,3.26,58.3,0,7,98.0,17.5,3.74,4.0,1,1,0
S100286,19,Female,Medium,Bachelor,15.2,0,1,3.0,45.3,0,3,95.8,15.0,2.8,8.0,0,0,0
S100287,24,Female,High,Bachelor,107.9,0,0,2.97,58.8,0,5,85.5,8.2,2.88,9.0,1,0,0
S100288,24,Female,Medium,Bachelor,6.9,0,1,2.55,43.7,0,4,66.6,12.3,2.63,4.0,0,0,0
S100289,23,Male,Low,Secondary,17.7,1,0,3.13,85.0,0,5,71.7,16.1,3.45,8.0,0,0,0
S100290,27,Female,Medium,Bachelor,6.6,0,0,3.08,66.3,1,5,91.4,11.7,2.01,9.0,0,1,0
S100291,20,Male,Medium,None,12.4,1,1,3.24,54.1,0,8,99.5,10.6,2.49,11.0,0,0,1
S100292,29,Female,Low,Secondary,15.7,0,1,3.16,56.6,0,2,60.9,0.0,2.8,8.0,0,0,0
S100293,21,Female,Medium,None,12.9,1,0,3.2,47.3,1,4,100.0,16.2,2.17,0.0,0,0,0
S100294,24,Female,Medium,Secondary,19.1,1,1,3.66,80.2,0,6,68.3,4.9,3.78,9.0,1,0,0
S100295,23,Female,Medium,Bachelor,38.4,0,1,3.29,92.6,0,3,90.0,0.6,3.02,1.0,0,0,0
S100296,28,Female,Low,Bachelor,8.5,0,1,3.24,42.6,0,4,100.0,1.0,1.94,5.0,1,0,1
S100297,22,Male,High,None,2.9,0,1,2.13,80.6,0,6,56.2,5.7,3.09,3.0,0,0,0
S100298,20,Female,Medium,Bachelor,11.6,0,1,3.53,61.3,1,7,87.6,12.4,3.72,10.0,0,0,0
S100299,17,Female,Low,Bachelor,15.9,0,0,2.85,84.0,0,5,75.3,15.8,2.3,4.0,0,0,1
S100300,21,Female,Low,Postgraduate,4.3,0,1,3.04,37.5,1,6,86.7,11.7,3.75,12.0,0,1,0
S100301,27,Female,High,Bachelor,7.4,1,0,2.36,68.4,0,4,70.7,18.7,2.98,3.0,1,0,0
S100302,17,Male,Medium,None,18.6,0,1,4.0,58.9,0,4,42.8,8.0,2.94,0.0,0,0,1
S100303,28,Female,Medium,None,13.0,1,1,1.76,74.9,0,8,68.7,8.8,3.64,7.0,1,1,0
S100304,24,Male,Low,Bachelor,18.2,0,1,3.74,65.9,0,4,85.2,0.7,2.94,3.0,1,0,0
S100305,18,Male,Medium,Secondary,1.7,0,0,3.21,65.3,0,6,100.0,7.1,3.07,13.0,0,0,0
S100306,20,Male,Medium,Postgraduate,13.1,1,0,2.05,63.4,0,2,86.1,0.0,2.86,5.0,1,1,1
S100307,24,Female,Low,Postgraduate,13.7,0,0,4.0,88.4,1,4,100.0,3.3,1.57,13.0,0,1,0
S100308,21,Male,High,Postgraduate,21.0,1,0,3.26,62.4,1,2,72.6,13.2,3.09,7.0,1,0,0
S100309,18,Male,Low,Secondary,7.0,1,1,1.82,78.0,0,2,71.4,1.6,2.98,9.0,0,0,1
S100310,25,Male,Low,Bachelor,5.7,0,1,2.79,74.4,0,3,85.1,2.1,2.53,6.0,0,0,0
S100311,25,Female,Medium,Bachelor,16.3,0,1,3.27,78.3,0,1,74.4,1.2,1.02,18.0,1,0,0
S100312,18,Female,Medium,None,18.5,0,0,3.86,49.8,0,5,96.8,13.9,3.24,3.0,1,0,0
S100313,20,Male,Low,Secondary,29.0,0,1,2.8,75.6,0,2,58.9,18.2,2.2,0.0,1,0,1
S100314,20,Male,Medium,Secondary,16.9,1,1,1.68,70.1,1,6,92.9,9.6,2.01,9.0,0,0,0
S100315,25,Female,Low,Secondary,14.5,1,1,3.73,47.2,0,8,98.1,14.7,1.94,4.0,0,0,1
S100316,26,Male,Medium,Postgraduate,4.0,0,0,3.25,61.8,1,8,85.5,4.2,1.43,9.0,1,0,0
S100317,26,Female,Medium,Bachelor,2.8,0,1,1.88,99.4,2,1,93.7,16.1,3.12,8.0,0,0,0
S100318,29,Female,High,Secondary,18.3,1,0,3.17,59.1,0,5,70.3,6.4,4.45,6.0,1,1,0
S100319,26,Female,Medium,Secondary,22.1,0,0,3.22,59.5,3,8,67.5,13.3,2.39,6.0,1,1,1
S100320,21,Male,Medium,Secondary,0.8,0,1,2.84,71.8,0,6,85.3,9.9,3.37,10.0,1,0,0
S100321,18,Female,Medium,Secondary,3.4,1,1,2.59,56.9,0,6,69.2,0.4,2.73,7.0,1,0,0
S100322,24,Male,Low,None,10.2,1,0,2.7,67.1,0,7,84.5,5.6,2.99,7.0,0,0,1
S100323,28,Female,Low,Bachelor,13.6,0,1,2.84,58.3,0,4,84.5,10.9,2.75,6.0,0,0,1
S100324,29,Female,High,Bachelor,2.2,0,1,3.18,71.0,1,6,79.0,0.8,3.35,15.0,1,0,0
S100325,19,Female,Low,Bachelor,26.4,0,1,3.39,64.1,1,7,84.2,11.5,1.95,13.0,1,2,0
S100326,20,Female,Medium,Bachelor,26.0,0,0,1.93,94.3,1,5,89.5,2.9,2.87,2.0,0,0,1
S100327,17,Male,Low,Secondary,7.8,0,0,3.13,65.7,1,3,78.5,12.7,3.59,8.0,1,0,1
S100328,18,Female,High,Bachelor,28.2,0,1,3.24,61.7,0,7,72.8,3.2,3.29,5.0,0,0,0
S100329,24,Female,Low,None,11.9,1,1,3.08,80.4,1,1,92.3,12.2,3.03,3.0,0,0,0
S100330,24,Male,High,Secondary,5.7,0,0,2.8,44.1,0,6,84.1,14.1,2.87,0.0,0,0,0
S100331,21,Female,Medium,Secondary,1.4,1,0,3.71,90.4,0,2,86.8,9.2,2.55,7.0,0,1,0
S100332,21,Female,Low,None,6.8,0,0,3.67,50.2,2,1,88.7,9.6,2.55,7.0,0,0,1
S100333,27,Female,Medium,Secondary,9.4,0,0,2.82,82.9,0,7,82.2,17.4,1.71,13.0,0,0,0
S100334,22,Female,Medium,Secondary,11.6,0,1,2.96,86.8,0,7,74.8,6.1,3.15,12.0,1,0,1
S100335,27,Female,Low,None,23.1,0,0,3.39,57.1,0,5,70.7,7.3,3.76,10.0,0,0,1
S100336,29,Female,Low,Postgraduate,4.0,1,0,3.64,58.6,0,1,78.7,13.2,3.01,11.0,0,0,1
S100337,21,Male,Medium,Secondary,2.7,0,0,2.59,63.4,0,4,87.2,12.1,2.81,11.0,0,0,1
S100338,19,Male,Medium,Secondary,8.9,0,1,2.48,74.3,0,4,87.9,8.8,3.22,10.0,0,0,1
S100339,29,Male,Low,Postgraduate,7.4,1,0,3.14,50.0,2,7,82.2,3.9,1.32,14.0,0,0,0
S100340,25,Female,High,Bachelor,4.5,1,0,2.44,63.4,0,7,85.3,14.9,2.44,3.0,1,0,0
S100341,20,Female,Low,Secondary,12.1,0,1,2.03,60.3,0,4,63.4,3.8,2.75,6.0,0,0,0
S100342,25,Female,Low,Postgraduate,3.3,0,1,2.59,47.7,0,6,73.0,21.4,1.61,5.0,1,0,0
S100343,23,Male,Medium,Secondary,27.8,0,0,3.21,49.3,0,4,90.1,4.0,2.91,6.0,0,0,0
S100344,28,Male,Low,Secondary,16.8,0,0,3.78,66.9,0,8,67.5,4.5,1.5,7.0,0,0,1
S100345,20,Female,Low,Secondary,10.8,1,1,2.65,66.7,0,8,82.1,11.7,3.28,15.0,0,1,0
S100346,29,Male,Medium,Secondary,0.1,0,0,2.94,53.5,1,6,80.8,12.7,2.96,12.0,0,2,0
S100347,29,Male,Low,Bachelor,13.6,0,1,3.08,66.2,1,5,78.3,5.1,2.67,13.0,0,0,1
S100348,19,Female,Low,None,20.4,0,1,2.68,55.3,1,4,90.2,18.5,3.33,8.0,1,0,1
S100349,19,Male,Medium,Bachelor,18.3,0,0,2.64,84.6,1,6,83.4,11.6,2.9,8.0,0,0,0
S100350,23,Male,Medium,Bachelor,5.1,0,1,3.17,63.5,0,3,62.0,8.8,3.13,10.0,0,0,0
S100351,17,Female,High,Postgraduate,5.9,0,1,2.4,81.5,1,6,87.7,11.9,3.0,10.0,0,0,0
S100352,20,Female,Medium,None,12.2,1,0,2.62,39.6,0,1,72.4,16.1,2.2,10.0,1,0,0
S100353,22,Male,Medium,Secondary,7.4,1,0,2.9,69.8,0,3,59.5,18.0,3.9,17.0,1,0,0
S100354,29,Female,Low,Postgraduate,18.0,1,1,3.16,73.9,1,6,91.1,11.0,3.67,10.0,0,0,0
S100355,29,Female,Medium,Bachelor,30.9,0,1,2.24,62.9,0,8,62.2,3.6,3.1,5.0,0,1,1
S100356,18,Female,Low,None,14.3,0,0,2.93,56.9,1,2,74.7,3.7,2.91,5.0,1,0,1
S100357,28,Female,Low,None,5.7,1,0,2.35,62.7,0,1,84.4,2.9,3.33,11.0,1,2,1
S100358,18,Female,High,Bachelor,3.1,0,1,2.66,76.1,0,3,78.9,6.8,3.68,11.0,1,1,0
S100359,26,Female,Medium,Bachelor,3.1,0,0,3.39,46.8,0,3,70.6,10.2,4.13,12.0,1,0,0
S100360,27,Female,Medium,Bachelor,9.3,1,0,2.96,75.5,0,8,65.1,11.1,2.42,10.0,1,0,1
S100361,28,Female,Low,Bachelor,50.7,1,0,3.83,69.8,0,3,68.6,15.6,3.53,4.0,0,0,1
S100362,19,Male,Low,Secondary,2.0,1,1,2.96,61.1,0,8,63.8,0.0,2.74,14.0,0,1,0
S100363,28,Male,Medium,Secondary,9.1,0,1,3.48,61.7,0,8,78.1,9.9,1.67,13.0,1,1,0
S100364,18,Female,Medium,Bachelor,4.2,0,0,3.4,65.9,0,1,71.8,12.3,3.39,6.0,0,0,0
S100365,23,Male,Medium,Bachelor,17.8,0,0,2.99,89.9,0,5,59.3,0.0,3.83,9.0,1,0,1
S100366,23,Female,Low,Secondary,20.7,0,1,2.34,70.2,1,3,75.7,12.3,3.48,9.0,1,0,0
S100367,21,Female,Low,Bachelor,0.1,0,1,2.95,50.9,2,3,70.4,23.7,2.68,7.0,1,0,1
S100368,17,Female,Medium,Secondary,35.0,1,0,2.73,58.5,0,4,84.0,13.9,3.07,3.0,1,0,0
S100369,27,Male,Medium,Secondary,10.3,0,0,2.71,47.8,1,3,85.4,11.5,3.29,10.0,1,0,1
S100370,21,Female,Low,Postgraduate,26.6,0,1,3.08,36.7,1,2,100.0,8.6,3.2,2.0,0,0,1
S100371,25,Female,Low,None,2.2,1,0,2.28,47.6,1,1,89.7,11.2,3.66,6.0,0,0,0
S100372,22,Male,Low,None,37.5,1,0,2.56,66.8,0,2,63.7,17.7,3.46,15.0,0,0,1
S100373,21,Male,Low,Bachelor,11.5,0,1,2.49,84.1,1,1,47.4,8.3,2.39,10.0,0,0,1
S100374,28,Male,Medium,Secondary,2.0,0,1,2.87,79.9,0,4,57.2,16.0,2.82,10.0,0,0,0
S100375,18,Male,Low,Secondary,9.1,0,0,2.62,47.7,1,2,72.5,12.3,2.45,7.0,0,0,1
S100376,26,Male,Medium,Bachelor,53.3,0,1,2.65,53.0,0,2,55.9,18.1,2.91,2.0,0,1,0
S100377,26,Female,Medium,Secondary,7.4,0,1,3.07,50.9,0,4,70.8,15.4,1.49,10.0,1,0,1
S100378,21,Female,High,Bachelor,1.6,0,1,2.78,26.3,0,5,80.5,10.9,4.15,10.0,0,0,0
S100379,20,Male,High,Secondary,58.7,1,1,3.0,62.5,0,3,71.6,10.6,2.25,11.0,0,1,0
S100380,17,Male,Low,None,43.5,1,1,2.44,77.0,0,4,84.2,8.4,2.44,6.0,1,0,1
S100381,29,Male,Low,Bachelor,12.7,0,0,2.59,61.2,0,8,70.9,14.9,2.86,6.0,1,0,1
S100382,29,Female,Low,Secondary,10.2,0,0,4.0,46.0,0,8,68.6,7.0,1.84,10.0,0,0,1
S100383,20,Male,Medium,Bachelor,14.0,0,0,2.65,52.3,0,3,100.0,10.6,2.57,3.0,0,0,0
S100384,17,Female,Low,Postgraduate,8.0,1,0,1.95,60.1,0,6,79.5,9.0,2.92,11.0,0,0,1
S100385,18,Male,Medium,Bachelor,12.6,1,1,3.17,76.6,0,7,81.7,3.3,3.95,7.0,1,0,0
S100386,17,Male,Low,Secondary,39.4,1,0,2.65,62.3,1,5,92.7,11.1,2.9,9.0,0,0,0
S100387,27,Female,Low,Secondary,14.0,0,1,3.12,74.5,0,7,93.2,2.4,2.52,17.0,1,0,1
S100388,28,Male,Medium,Bachelor,4.3,0,1,2.96,63.8,2,3,74.5,7.8,2.01,7.0,1,0,0
S100389,18,Male,Medium,Secondary,0.2,0,0,3.27,68.6,0,2,95.7,13.3,4.3,9.0,1,0,0
S100390,26,Male,Medium,Bachelor,11.7,0,1,2.95,50.9,0,4,73.3,10.8,2.85,8.0,1,0,1
S100391,19,Female,High,Bachelor,17.4,0,1,2.89,54.7,0,2,95.2,10.8,2.86,0.0,0,0,0
S100392,21,Female,Low,Secondary,36.8,0,1,3.57,46.2,1,5,61.5,5.7,1.84,10.0,0,1,1
S100393,24,Female,Low,None,6.5,0,1,1.89,74.0,0,6,75.4,15.2,3.17,0.0,1,3,0
S100394,26,Female,Medium,Bachelor,15.3,0,0,2.34,60.6,0,8,83.3,5.6,2.39,11.0,0,0,0
S100395,28,Male,Medium,Bachelor,5.5,1,0,2.59,20.0,0,8,85.4,13.5,3.83,5.0,1,0,0
S100396,17,Female,Medium,Secondary,11.5,1,0,2.15,72.2,0,4,67.3,16.5,3.13,5.0,1,0,0
S100397,19,Male,Low,Bachelor,22.7,1,0,2.76,79.6,0,5,55.3,2.3,2.89,8.0,0,0,1
S100398,20,Female,High,Bachelor,18.1,0,0,2.71,52.8,0,1,86.9,8.0,1.87,3.0,0,1,0
S100399,21,Female,Low,Secondary,9.2,1,1,3.49,72.2,0,4,76.9,7.5,2.73,8.0,0,1,1
S100400,29,Male,Medium,Secondary,14.4,0,1,2.96,61.9,0,3,74.1,11.4,2.65,4.0,0,0,0
S100401,27,Female,Medium,Bachelor,14.7,0,0,2.89,33.2,0,1,100.0,5.3,2.89,3.0,0,0,0
S100402,21,Male,High,Bachelor,4.8,0,0,2.81,94.3,0,1,75.6,4.2,1.42,7.0,1,1,0
S100403,29,Female,Medium,Postgraduate,4.2,0,0,2.47,61.9,0,7,72.2,9.7,2.16,13.0,0,1,0
S100404,23,Male,High,None,20.1,1,0,3.45,68.0,0,1,53.0,7.2,2.45,11.0,1,0,0
S100405,23,Female,Low,Bachelor,28.3,1,0,3.61,55.6,0,3,63.8,9.3,3.15,6.0,1,0,0
S100406,22,Female,Medium,Bachelor,18.0,0,0,2.39,60.6,0,5,93.1,14.5,1.45,7.0,1,0,0
S100407,18,Male,High,Bachelor,63.6,0,1,3.81,67.4,0,2,69.1,1.9,3.77,6.0,1,1,0
S100408,29,Female,Medium,Secondary,20.7,0,1,2.66,49.4,0,5,89.4,9.4,3.67,3.0,0,0,0
S100409,17,Female,Medium,None,3.9,0,0,2.62,90.4,1,2,60.6,7.0,2.1,4.0,1,0,1
S100410,19,Female,High,Secondary,42.7,0,1,3.24,77.6,0,3,67.0,10.1,4.53,9.0,0,1,0
S100411,19,Male,Low,Secondary,20.0,1,1,3.28,72.8,0,6,66.6,7.1,2.97,5.0,0,0,0
S100412,20,Female,Medium,Secondary,4.3,1,0,2.96,62.9,1,7,87.2,4.1,2.72,8.0,1,0,0
S100413,18,Female,High,Postgraduate,8.2,0,0,2.83,53.6,1,4,76.8,12.0,3.22,4.0,0,0,0
S100414,17,Female,High,Secondary,5.6,0,0,3.59,80.5,0,5,63.3,23.9,3.09,11.0,1,0,0
S100415,25,Male,High,Postgraduate,1.0,0,0,2.69,74.2,1,7,90.7,9.5,2.88,11.0,0,1,0
S100416,29,Male,High,Secondary,47.2,0,0,2.97,59.0,0,7,87.4,6.4,2.04,14.0,0,2,0
S100417,18,Female,Low,Bachelor,4.1,0,1,3.85,48.7,2,1,85.1,6.4,2.49,13.0,0,1,1
S100418,20,Male,High,Secondary,10.2,0,0,2.33,41.4,0,1,84.4,14.7,3.05,4.0,0,0,0
S100419,23,Female,Medium,Bachelor,1.2,0,0,2.77,65.4,0,6,67.2,5.6,3.38,5.0,1,0,0
S100420,29,Female,Medium,Bachelor,8.3,0,0,3.51,61.3,0,4,98.9,16.5,3.81,9.0,0,0,0
S100421,26,Male,Medium,Postgraduate,12.1,0,0,3.26,82.8,1,7,78.5,1.8,2.48,4.0,0,2,0
S100422,26,Male,High,Secondary,16.3,0,0,3.45,79.9,0,5,84.0,11.0,2.86,9.0,0,0,0
S100423,24,Female,Medium,Secondary,26.8,0,0,2.34,65.6,0,7,85.7,13.3,2.34,7.0,0,0,1
S100424,22,Male,High,Postgraduate,1.4,1,0,3.16,63.8,0,7,65.8,13.8,3.57,12.0,1,1,0
S100425,19,Female,Low,None,0.2,1,0,2.86,47.7,0,2,100.0,13.5,2.58,12.0,0,0,0
S100426,28,Female,Low,Bachelor,11.4,0,1,4.0,80.9,0,8,79.6,11.3,2.39,7.0,0,1,0
S100427,27,Female,Medium,None,6.7,0,0,3.4,64.1,0,5,80.5,15.8,2.84,1.0,0,0,0
S100428,17,Male,Low,None,43.4,0,1,2.99,74.1,0,1,73.8,5.0,1.63,12.0,0,0,1
S100429,26,Female,Medium,Bachelor,16.8,1,1,3.14,82.7,1,8,97.2,6.8,3.18,6.0,0,0,0
S100430,18,Female,Low,Bachelor,3.5,0,0,3.03,56.5,1,2,97.9,8.0,2.58,8.0,1,0,0
S100431,26,Male,Medium,Bachelor,3.1,0,0,3.35,52.6,1,7,82.4,17.4,4.74,7.0,0,1,0
S100432,27,Female,Low,Secondary,31.4,1,1,2.57,100.0,0,4,58.0,12.3,2.37,10.0,0,0,1
S100433,18,Female,Low,Bachelor,1.0,1,0,3.68,73.9,1,7,77.5,13.4,2.61,6.0,1,1,1
S100434,22,Female,Medium,Postgraduate,20.0,0,1,2.34,60.8,0,1,79.0,9.1,3.51,4.0,0,1,1
S100435,18,Female,Low,Secondary,42.3,0,1,3.1,83.6,1,8,73.2,14.1,3.35,9.0,1,1,1
S100436,24,Male,Low,Secondary,6.3,0,0,2.59,60.4,1,4,65.3,2.2,3.53,11.0,1,3,1
S100437,29,Male,Low,Secondary,22.4,0,0,3.02,69.9,2,1,56.7,8.0,2.6,8.0,1,0,1
S100438,18,Male,Low,Bachelor,35.6,0,1,3.49,56.5,0,4,100.0,8.9,2.0,7.0,0,1,1
S100439,22,Male,Medium,Secondary,22.8,1,1,2.14,64.7,0,2,91.1,7.6,4.67,3.0,0,0,0
S100440,29,Female,Low,Bachelor,10.9,1,0,2.92,60.9,0,5,80.5,8.4,3.16,10.0,0,0,0
S100441,20,Male,Medium,Secondary,13.8,0,1,2.28,53.7,0,7,70.3,12.7,2.96,10.0,0,0,0
S100442,18,Female,Medium,Bachelor,24.5,0,0,2.86,68.6,0,1,85.4,11.2,3.36,8.0,0,0,1
S100443,23,Male,Medium,Bachelor,26.1,0,1,2.28,55.4,0,7,83.1,16.0,1.89,4.0,0,0,0
S100444,23,Male,Medium,Secondary,12.3,0,1,3.08,73.6,1,7,74.0,0.0,2.48,8.0,1,0,0
S100445,25,Female,Low,Secondary,2.3,1,0,2.79,60.4,0,1,85.8,17.4,2.07,9.0,1,1,0
S100446,21,Male,High,Secondary,60.4,0,0,3.37,39.2,0,7,87.7,6.8,2.92,8.0,0,0,1
S100447,29,Female,Medium,Secondary,4.0,0,0,3.61,74.3,1,7,90.3,16.6,1.84,4.0,0,0,0
S100448,23,Female,Low,Secondary,2.4,0,1,3.01,74.6,1,6,66.7,7.9,3.27,9.0,0,0,0
S100449,20,Female,High,Bachelor,12.7,1,0,3.45,98.8,0,3,86.5,11.8,3.63,9.0,1,0,0
S100450,29,Male,Medium,Secondary,0.8,0,0,3.69,65.3,0,2,97.7,4.6,3.6,10.0,0,0,0
S100451,29,Female,Medium,None,10.0,0,1,2.54,67.7,0,8,84.4,3.9,3.11,7.0,0,0,0
S100452,23,Male,High,Secondary,20.4,0,0,3.72,72.2,0,7,100.0,12.9,2.93,13.0,1,1,0
S100453,17,Female,Low,Secondary,14.2,1,0,2.98,80.3,0,1,77.3,0.0,2.51,8.0,0,0,0
S100454,24,Female,High,Postgraduate,50.3,0,1,2.51,79.4,0,3,54.2,3.9,3.11,14.0,1,1,0
S100455,24,Male,Medium,Secondary,32.3,0,0,3.15,69.8,0,5,67.3,13.8,2.72,9.0,0,0,0
S100456,18,Male,Medium,Secondary,27.3,1,1,2.96,64.5,0,5,70.0,7.9,1.49,3.0,0,0,1
S100457,25,Male,Low,Secondary,25.9,0,0,2.3,77.6,0,8,88.4,5.6,2.37,11.0,1,0,1
S100458,27,Male,Low,Postgraduate,16.1,0,0,2.45,63.9,0,6,92.5,17.6,3.35,7.0,0,0,0
S100459,18,Female,High,Bachelor,4.5,0,0,3.82,45.7,0,5,82.0,19.4,2.01,6.0,1,0,0
S100460,26,Female,Low,None,0.6,1,0,3.14,42.5,1,3,84.4,10.0,2.0,12.0,1,0,0
S100461,18,Female,Low,Bachelor,65.9,0,1,3.74,60.6,0,1,100.0,16.4,2.66,3.0,1,0,0
S100462,26,Male,Medium,Bachelor,13.6,1,0,2.79,66.8,2,3,67.5,17.6,1.28,1.0,0,0,1
S100463,22,Female,Medium,Bachelor,18.3,1,0,2.6,100.0,2,1,78.9,9.9,3.31,7.0,0,0,0
S100464,17,Male,Low,Secondary,32.2,1,1,2.16,63.2,0,8,73.2,7.4,3.25,9.0,1,1,1
S100465,29,Female,High,Bachelor,22.4,0,0,3.48,65.7,0,5,62.4,10.4,3.46,11.0,0,0,0
S100466,19,Male,Medium,Bachelor,18.7,0,1,3.21,58.9,1,4,49.6,2.7,2.95,9.0,1,1,1
S100467,24,Male,High,Secondary,0.9,0,0,2.8,74.3,1,6,99.4,12.8,2.2,0.0,1,0,0
S100468,19,Female,Low,None,8.4,0,0,2.6,69.2,2,6,68.5,8.4,1.94,4.0,1,0,0
S100469,29,Male,Low,Secondary,9.6,0,0,3.56,55.4,0,7,76.2,10.3,3.19,3.0,1,0,1
S100470,26,Female,Medium,None,26.8,0,0,2.91,49.8,1,1,86.5,10.2,3.3,0.0,1,0,0
S100471,27,Female,Low,Secondary,0.0,0,1,2.92,59.0,2,5,62.2,5.8,2.02,7.0,1,1,0
S100472,22,Male,Medium,Bachelor,5.9,0,1,2.7,52.3,1,1,67.5,9.8,1.92,10.0,0,0,1
S100473,23,Female,Low,Bachelor,14.8,0,1,2.8,61.5,0,3,79.7,3.2,2.79,12.0,0,0,1
S100474,25,Female,Medium,None,14.3,0,0,3.28,67.1,0,3,73.4,7.6,2.9,10.0,0,1,1
S100475,27,Female,High,None,2.1,0,0,2.29,57.5,0,1,60.9,4.4,3.45,6.0,0,0,0
S100476,28,Female,High,Bachelor,2.2,0,0,3.04,86.8,0,8,89.1,5.6,3.26,12.0,0,0,0
S100477,17,Female,High,Secondary,8.1,0,0,3.48,82.4,0,6,73.0,0.0,2.74,7.0,0,0,0
S100478,25,Female,High,None,17.8,1,0,2.96,61.6,0,7,82.1,7.9,3.52,8.0,0,0,1
S100479,18,Female,Medium,Bachelor,31.3,0,0,3.53,50.5,1,5,80.9,12.4,2.56,5.0,0,0,0
S100480,20,Female,Medium,Secondary,2.2,0,0,3.67,64.6,0,4,94.5,10.9,2.58,7.0,1,1,0
S100481,27,Male,High,None,0.6,1,1,3.45,63.0,0,3,85.3,15.4,3.39,6.0,0,0,0
S100482,20,Male,High,Bachelor,31.5,0,0,2.73,64.1,0,2,67.1,5.2,3.47,2.0,1,0,0
S100483,27,Female,High,Bachelor,7.5,0,0,2.98,59.0,1,8,97.4,7.6,3.49,11.0,1,0,0
S100484,23,Male,Medium,Secondary,73.6,1,0,3.17,49.3,2,8,72.9,14.6,2.67,9.0,0,0,1
S100485,20,Male,Low,Bachelor,22.1,0,1,2.77,65.5,0,5,67.8,9.6,2.85,11.0,0,0,1
S100486,21,Male,High,Postgraduate,28.0,0,1,2.75,59.7,1,7,65.6,10.9,2.19,5.0,1,0,0
S100487,23,Female,High,None,11.3,1,0,2.72,61.1,1,7,44.8,20.6,3.43,11.0,1,0,0
S100488,26,Male,Medium,Bachelor,0.7,1,1,4.0,66.4,0,6,70.9,8.7,2.39,2.0,0,0,0
S100489,24,Female,High,Secondary,1.9,0,1,2.86,64.0,1,5,85.9,7.6,1.4,10.0,0,0,0
S100490,29,Female,Medium,Secondary,14.3,0,0,3.53,66.1,0,3,59.6,5.0,2.49,11.0,1,0,0
S100491,28,Female,High,Secondary,16.2,0,0,2.57,59.0,0,2,100.0,8.6,2.2,4.0,0,0,0
S100492,26,Male,Low,Secondary,2.4,1,1,3.85,70.4,1,4,46.4,15.1,0.91,12.0,1,0,1
S100493,24,Female,High,Secondary,1.2,0,0,2.81,54.2,1,8,68.3,12.9,2.4,14.0,0,0,1
S100494,20,Female,Low,Bachelor,2.2,0,0,3.03,48.7,0,1,57.7,17.2,3.35,6.0,0,0,0
S100495,22,Female,Low,Secondary,3.5,0,0,2.08,51.7,0,5,93.8,11.8,3.09,14.0,1,1,0
S100496,18,Female,Low,Bachelor,78.1,1,0,3.56,54.8,0,4,89.8,0.0,3.09,1.0,1,0,0
S100497,21,Male,Medium,Secondary,15.1,0,1,3.67,45.7,0,6,76.0,13.1,3.8,7.0,0,1,1
S100498,29,Female,Low,Bachelor,22.0,1,1,2.41,39.6,0,6,58.7,10.5,2.39,0.0,0,0,0
S100499,22,Male,High,Secondary,23.1,0,1,3.59,72.6,0,5,62.0,10.0,2.0,12.0,0,0,1
S100500,18,Female,Medium,Secondary,32.0,0,1,2.33,84.1,0,5,83.7,16.1,3.15,2.0,1,0,1
S100501,25,Female,High,Bachelor,10.7,0,1,3.32,73.4,0,7,69.9,8.6,3.05,0.0,1,0,1
S100502,29,Male,Low,Bachelor,5.9,0,0,2.86,57.8,0,2,71.6,12.9,1.91,9.0,1,0,0
S100503,28,Female,Low,Secondary,22.3,0,1,3.67,39.3,0,8,78.9,4.6,2.68,12.0,1,0,0
S100504,20,Male,Medium,Secondary,44.4,0,0,3.12,67.9,0,5,73.8,2.4,3.18,6.0,0,1,1
S100505,22,Female,Medium,Bachelor,23.7,0,0,3.47,40.9,1,3,53.8,7.0,2.99,9.0,0,1,0
S100506,23,Female,Medium,Bachelor,3.9,0,1,3.62,63.7,1,8,60.0,8.4,3.31,15.0,1,0,1
S100507,20,Male,High,Secondary,5.0,1,1,2.85,53.0,1,7,60.4,12.7,2.33,4.0,0,0,1
S100508,20,Male,High,Bachelor,4.8,0,0,2.99,30.8,0,2,69.1,4.5,1.81,4.0,0,2,1
S100509,20,Female,Medium,Secondary,19.2,0,0,2.44,87.2,0,1,81.4,17.5,2.16,12.0,0,0,0
S100510,29,Male,High,Secondary,12.0,0,0,2.85,46.2,1,7,80.7,5.2,3.41,9.0,1,0,0
S100511,26,Female,Medium,Bachelor,43.7,0,1,3.96,59.7,1,4,97.8,9.6,3.52,14.0,1,0,0
S100512,27,Female,Medium,Postgraduate,4.4,0,0,3.38,63.1,0,8,58.9,10.1,2.68,3.0,0,0,1
S100513,27,Female,Medium,Secondary,52.3,1,0,2.48,57.9,1,8,84.6,11.5,3.86,1.0,0,0,1
S100514,29,Male,Low,Secondary,3.1,0,0,3.82,72.0,0,1,68.2,12.3,2.69,2.0,1,0,1
S100515,18,Female,Low,Secondary,0.0,0,1,3.19,53.9,1,5,100.0,21.3,2.44,11.0,0,0,1
S100516,28,Female,Medium,Bachelor,24.6,1,1,3.42,70.7,0,5,78.4,7.0,1.81,13.0,0,1,1
S100517,17,Male,Medium,Secondary,29.3,1,1,3.25,69.8,2,1,71.6,11.6,2.75,12.0,1,0,0
S100518,23,Male,Low,Secondary,11.5,1,1,3.21,44.3,2,3,84.1,9.6,3.54,10.0,0,0,1
S100519,24,Male,Medium,Secondary,4.9,0,0,2.0,68.5,2,3,83.0,14.9,3.69,13.0,1,0,0
S100520,21,Male,Low,Bachelor,0.5,0,0,3.55,49.2,0,5,74.3,12.2,3.55,6.0,0,1,1
S100521,18,Female,Low,Secondary,21.4,0,0,1.87,47.5,0,6,88.9,11.1,3.15,0.0,1,0,0
S100522,19,Female,High,Bachelor,3.8,0,0,3.51,69.4,0,2,100.0,2.5,3.92,2.0,0,0,0
S100523,27,Female,Medium,None,7.2,0,1,3.05,58.9,0,3,93.8,7.7,2.12,2.0,0,0,0
S100524,21,Male,Low,None,18.4,1,0,3.42,70.6,0,4,77.8,5.1,3.63,0.0,0,0,1
S100525,21,Male,Medium,None,3.1,0,1,3.08,70.7,0,2,100.0,7.8,3.0,3.0,1,1,1
S100526,29,Male,Medium,Secondary,0.2,1,0,3.52,43.6,0,7,87.2,5.9,2.95,4.0,0,0,0
S100527,18,Female,Medium,Secondary,3.0,1,0,3.01,76.1,0,7,63.5,7.4,1.8,10.0,0,1,1
S100528,28,Female,High,Secondary,23.5,0,1,3.14,69.3,1,1,80.8,7.9,3.04,9.0,1,0,0
S100529,28,Male,Medium,Secondary,7.2,0,1,3.2,56.2,0,2,76.7,8.0,3.61,14.0,1,0,0
S100530,24,Female,Medium,None,28.4,1,0,3.94,63.0,0,3,71.9,8.5,1.31,3.0,1,3,1
S100531,19,Male,Medium,Secondary,1.9,0,1,3.3,76.5,1,2,84.7,5.4,3.36,9.0,1,1,1
S100532,19,Male,Medium,None,12.2,1,1,2.34,60.2,0,2,51.8,10.2,1.2,13.0,0,0,0
S100533,20,Male,Low,None,2.8,0,0,2.72,96.7,0,6,100.0,5.5,1.81,6.0,0,0,0
S100534,24,Female,Low,None,5.1,0,0,3.3,87.4,0,7,89.2,7.0,2.73,6.0,0,0,0
S100535,18,Female,High,Bachelor,3.6,0,1,3.63,66.8,1,6,52.4,9.7,3.91,14.0,0,0,1
S100536,22,Female,Medium,Postgraduate,21.2,0,0,2.64,61.6,0,6,89.0,0.0,2.71,7.0,1,0,0
S100537,18,Male,Medium,Bachelor,35.2,1,0,4.0,62.2,0,1,86.6,22.5,3.13,14.0,1,2,0
S100538,24,Male,Low,None,5.3,0,0,3.09,56.0,1,1,100.0,12.6,2.16,2.0,0,0,1
S100539,17,Female,High,Postgraduate,51.9,0,0,3.21,66.9,0,5,100.0,11.6,2.66,14.0,0,0,0
S100540,26,Male,Low,Postgraduate,0.5,0,1,2.37,75.3,0,6,100.0,7.4,2.76,13.0,0,2,0
S100541,17,Female,Medium,Secondary,57.2,1,0,3.56,44.8,0,1,75.8,10.5,3.94,4.0,0,0,0
S100542,19,Female,High,None,31.7,0,1,2.78,74.6,0,6,88.1,4.0,2.28,7.0,0,0,0
S100543,19,Female,Medium,Bachelor,13.0,1,1,2.63,79.0,0,8,72.8,12.5,2.34,3.0,1,1,0
S100544,27,Female,High,Postgraduate,32.4,0,0,2.84,73.6,1,6,94.7,1.6,3.55,6.0,1,0,0
S100545,17,Female,Low,Bachelor,8.2,1,1,3.69,63.1,0,6,47.6,3.7,2.63,2.0,0,0,1
S100546,22,Female,Medium,Bachelor,11.2,1,1,3.23,73.0,0,6,60.9,6.5,2.88,1.0,1,0,1
S100547,24,Female,High,Bachelor,36.2,1,1,2.56,84.5,1,6,73.5,17.5,3.1,3.0,1,1,0
S100548,23,Female,Medium,Postgraduate,1.7,0,1,2.73,64.1,0,5,79.1,4.5,2.35,12.0,1,0,1
S100549,25,Male,Medium,None,33.0,1,0,3.7,65.4,1,6,82.5,11.7,1.36,1.0,0,0,1
S100550,27,Female,Medium,None,6.0,0,0,2.88,97.0,2,1,99.1,0.0,3.55,13.0,0,0,1
S100551,22,Male,Medium,Bachelor,11.3,1,0,3.28,69.6,0,2,70.2,10.1,2.88,12.0,0,1,0
S100552,27,Female,High,None,5.2,1,1,3.4,49.9,0,4,60.6,18.7,1.91,13.0,1,0,0
S100553,21,Female,Medium,Secondary,27.7,0,0,1.29,78.1,1,1,74.2,12.5,3.34,9.0,0,1,0
S100554,29,Female,High,Secondary,16.9,1,1,3.63,71.0,0,4,70.9,0.0,4.21,15.0,0,1,0
S100555,23,Female,Medium,Secondary,9.5,1,1,2.57,55.2,0,4,88.3,10.2,3.63,2.0,1,0,0
S100556,26,Female,Medium,None,40.2,1,0,2.82,48.4,0,4,100.0,7.7,4.26,13.0,0,2,0
S100557,28,Male,Low,Bachelor,15.3,0,1,3.77,68.6,0,6,100.0,16.1,1.94,20.0,0,0,0
S100558,27,Male,Medium,Secondary,18.7,1,0,3.72,64.1,0,3,96.3,9.5,2.97,7.0,0,0,1
S100559,28,Male,High,Bachelor,40.3,0,0,3.25,46.3,0,8,71.5,2.8,3.05,8.0,0,1,0
S100560,23,Female,Medium,Secondary,23.6,1,1,3.36,63.7,1,1,77.6,9.3,2.72,4.0,0,1,0
S100561,17,Female,Low,Postgraduate,39.6,0,0,3.49,62.7,0,3,86.4,6.5,2.57,8.0,0,0,0
S100562,23,Male,Medium,Bachelor,1.6,0,0,3.72,64.1,0,7,68.4,0.0,0.73,9.0,0,0,1
S100563,19,Female,Medium,Postgraduate,10.4,0,1,3.78,72.4,1,8,69.8,9.1,3.98,0.0,0,2,0
S100564,28,Male,High,Secondary,17.1,1,1,3.05,38.6,0,8,85.6,10.0,1.67,10.0,1,0,0
S100565,20,Female,Low,None,17.9,0,1,2.63,48.3,1,1,59.5,11.9,3.43,12.0,1,0,0
S100566,19,Female,Low,Bachelor,8.2,1,0,2.87,57.7,0,4,96.4,15.1,2.81,4.0,0,0,0
S100567,20,Male,Medium,Bachelor,36.1,1,0,3.06,84.9,0,3,74.0,8.6,2.78,6.0,1,0,0
S100568,25,Female,Low,None,13.5,0,0,2.97,100.0,2,1,88.1,2.5,2.66,11.0,0,1,1
S100569,24,Female,High,Bachelor,11.9,1,0,2.49,65.1,0,4,83.1,5.8,2.94,4.0,0,0,0
S100570,29,Male,Medium,Bachelor,24.4,0,1,3.22,65.7,0,1,98.8,9.9,3.25,11.0,0,0,1
S100571,22,Female,Medium,None,2.5,0,0,2.22,28.3,0,3,48.1,16.1,3.47,9.0,1,0,0
S100572,20,Female,Low,Bachelor,4.0,0,1,3.04,78.6,0,5,98.9,10.0,2.71,17.0,1,0,0
S100573,17,Female,Medium,Secondary,8.3,0,0,3.07,71.7,1,7,98.6,9.3,1.96,7.0,0,0,1
S100574,17,Female,High,None,10.9,0,0,3.06,69.2,0,1,84.2,8.8,1.93,6.0,0,0,1
S100575,21,Female,Medium,Bachelor,18.0,0,0,3.43,46.3,1,4,87.8,10.0,3.53,9.0,0,1,0
S100576,29,Male,Low,Secondary,17.0,0,0,3.36,94.7,0,4,88.9,19.6,2.61,8.0,1,0,0
S100577,23,Female,Low,Bachelor,10.4,0,0,4.0,87.8,0,7,66.5,9.6,2.08,15.0,0,1,1
S100578,28,Female,High,Bachelor,8.3,1,1,2.74,69.4,1,3,80.8,8.7,2.28,14.0,1,0,1
S100579,18,Male,High,Postgraduate,3.6,0,1,3.14,79.9,0,8,93.4,10.2,2.73,5.0,0,1,0
S100580,18,Male,Low,Secondary,10.6,1,1,3.11,65.8,0,3,53.2,6.6,1.9,7.0,0,0,1
S100581,27,Male,Medium,Secondary,5.8,1,0,3.08,77.3,1,5,87.1,2.2,2.78,5.0,1,0,0
S100582,18,Female,Low,Secondary,3.0,1,1,2.37,45.4,1,7,81.3,1.3,3.68,5.0,0,0,1
S100583,17,Female,Medium,Bachelor,0.7,0,1,2.41,30.9,1,4,89.4,6.4,2.72,0.0,0,2,0
S100584,22,Female,Low,Secondary,13.2,0,0,3.0,46.0,0,7,60.9,15.9,1.56,15.0,0,1,1
S100585,29,Male,High,Bachelor,29.1,1,1,2.21,52.9,0,1,68.8,15.8,3.41,5.0,0,0,0
S100586,25,Male,High,Secondary,24.9,1,1,2.83,55.3,1,8,59.1,4.4,3.58,6.0,0,0,0
S100587,18,Female,Low,None,21.5,1,1,2.68,71.7,0,6,58.9,9.2,3.61,19.0,0,0,0
S100588,27,Female,Medium,Bachelor,12.4,0,1,2.85,61.1,0,2,92.5,10.7,2.84,5.0,0,0,1
S100589,27,Female,Low,Bachelor,30.8,0,0,3.57,64.6,0,8,71.2,6.4,4.43,7.0,1,0,0
S100590,27,Female,Low,Secondary,2.0,0,0,2.46,47.2,0,7,70.1,16.5,3.32,9.0,1,0,0
S100591,28,Female,Low,Bachelor,1.4,0,0,3.43,45.9,0,2,96.4,13.8,4.89,9.0,0,0,0
S100592,20,Female,Low,Secondary,1.3,1,0,2.71,65.6,1,3,74.8,11.8,3.75,6.0,0,0,0
S100593,29,Female,High,Bachelor,8.7,0,0,2.78,56.9,0,8,94.5,10.3,3.64,12.0,1,0,1
S100594,21,Female,Low,Secondary,2.0,0,0,3.23,65.1,0,3,64.3,2.2,2.36,9.0,1,0,0
S100595,27,Male,High,Secondary,10.9,0,1,2.86,73.2,1,8,74.8,16.8,2.14,8.0,1,0,0
S100596,24,Male,Low,None,9.3,0,0,2.55,89.6,1,3,66.4,12.9,2.88,5.0,1,0,0
S100597,27,Male,Medium,Secondary,15.1,0,1,2.81,64.7,0,6,88.2,12.0,2.67,7.0,0,0,1
S100598,25,Male,Medium,Bachelor,12.7,0,1,2.11,92.2,0,2,76.9,6.3,2.42,12.0,0,0,0
S100599,25,Male,High,Secondary,15.3,0,0,3.19,71.1,1,6,91.0,6.7,2.71,12.0,1,0,0
S100600,25,Female,Low,None,4.2,0,0,1.45,75.3,0,7,82.3,12.5,2.66,6.0,0,0,0
S100601,27,Male,Low,Secondary,6.3,1,1,3.44,80.8,1,7,50.8,15.5,2.35,5.0,0,0,1
S100602,26,Female,Medium,Secondary,22.3,0,0,3.31,75.8,0,4,76.0,18.6,3.26,12.0,0,1,1
S100603,18,Female,Medium,Bachelor,13.4,0,0,3.8,53.0,0,8,57.0,6.3,2.27,9.0,1,0,0
S100604,27,Female,Medium,Secondary,9.2,1,1,4.0,81.2,0,4,85.2,9.2,2.77,12.0,0,1,0
S100605,23,Female,Low,Bachelor,39.5,0,0,3.47,59.4,1,5,88.3,0.0,1.95,4.0,0,0,1
S100606,21,Male,Low,Bachelor,2.6,0,1,2.69,69.5,0,8,89.9,0.0,2.87,8.0,0,1,1
S100607,23,Female,High,Secondary,39.9,0,1,4.0,67.0,0,1,78.2,12.6,2.94,12.0,1,0,0
S100608,29,Male,Medium,Bachelor,0.1,1,0,2.4,82.2,1,6,55.5,5.7,2.13,5.0,1,0,0
S100609,28,Female,Medium,None,5.2,0,1,2.05,70.9,0,7,83.1,0.1,2.85,16.0,0,0,1
S100610,27,Male,Low,Secondary,1.3,1,0,3.93,44.2,2,4,86.1,4.2,2.73,15.0,0,1,1
S100611,23,Male,Low,None,28.0,0,0,3.3,96.4,0,3,77.3,11.7,2.48,7.0,1,0,1
S100612,27,Female,High,None,2.6,0,0,2.06,77.5,1,6,81.3,11.9,2.48,7.0,1,0,1
S100613,22,Female,Medium,None,0.8,0,1,2.32,56.7,1,5,51.7,1.8,3.11,9.0,0,1,0
S100614,25,Female,Low,None,40.9,1,1,3.28,47.9,0,1,81.0,16.2,2.82,9.0,0,0,1
S100615,25,Female,High,Bachelor,26.6,0,1,2.57,79.2,0,5,78.4,6.5,3.47,13.0,1,0,0
S100616,20,Male,Medium,Secondary,19.2,0,1,2.64,49.7,0,8,61.8,11.4,2.07,4.0,1,0,1
S100617,20,Female,Low,Postgraduate,14.3,1,0,3.98,77.0,0,3,87.9,10.2,2.67,5.0,0,0,0
S100618,17,Male,Medium,Secondary,17.0,0,1,4.0,81.0,0,7,72.6,9.9,2.37,9.0,0,0,1
S100619,18,Male,Medium,Bachelor,18.9,0,0,3.07,55.3,1,1,83.4,5.3,2.84,10.0,1,0,0
S100620,22,Male,Medium,Secondary,8.2,1,1,2.92,53.9,0,1,87.3,9.9,2.99,8.0,0,0,0
S100621,23,Male,Medium,Secondary,51.6,0,0,3.45,57.9,0,5,84.9,11.3,1.97,12.0,0,1,0
S100622,19,Male,Medium,Secondary,18.0,0,1,2.72,50.2,0,3,59.9,9.0,3.22,13.0,1,0,0
S100623,22,Female,Low,Postgraduate,7.1,1,1,1.88,68.4,0,4,74.2,10.5,4.31,11.0,0,0,1
S100624,24,Male,High,Postgraduate,17.9,0,0,1.62,70.6,0,4,100.0,15.5,2.92,9.0,1,0,0
S100625,20,Male,Medium,Secondary,51.0,0,0,2.96,75.9,0,8,100.0,7.6,2.19,7.0,0,0,0
S100626,21,Female,Medium,Bachelor,4.0,0,0,3.44,52.5,1,3,92.5,13.3,2.6,8.0,0,1,1
S100627,21,Male,Medium,Bachelor,0.8,0,0,3.01,77.6,1,1,84.1,8.9,2.57,3.0,0,1,0
S100628,23,Female,Medium,Bachelor,14.3,0,0,3.4,50.2,0,2,65.2,17.1,2.33,3.0,0,0,1
S100629,21,Female,Medium,None,3.7,0,1,3.45,77.6,0,7,77.6,3.0,3.31,13.0,0,0,0
S100630,26,Female,Medium,Bachelor,22.4,0,0,3.69,42.7,0,4,73.7,16.5,1.52,15.0,0,0,1
S100631,21,Female,High,Bachelor,23.7,0,0,3.09,88.5,3,4,78.7,7.3,2.99,3.0,1,0,1
S100632,22,Male,High,Secondary,21.6,0,1,3.14,57.2,1,7,58.3,20.6,3.7,10.0,1,0,0
S100633,21,Male,High,Secondary,4.2,0,1,2.98,74.0,0,2,94.3,12.2,3.66,2.0,0,1,0
S100634,19,Female,Low,None,29.8,0,0,2.87,75.2,0,7,39.7,14.3,3.52,15.0,1,0,1
S100635,25,Female,Medium,Postgraduate,32.5,1,1,2.21,46.0,2,3,92.9,9.2,2.34,8.0,0,0,1
S100636,20,Female,Medium,None,41.2,0,1,3.59,77.5,2,7,93.1,13.4,3.82,18.0,0,0,1
S100637,20,Male,Low,Secondary,20.3,0,1,2.81,56.7,0,1,100.0,13.4,3.06,5.0,0,0,1
S100638,27,Female,Medium,Secondary,23.3,1,0,2.78,60.4,1,4,76.3,9.3,3.8,6.0,1,0,0
S100639,29,Male,Low,Bachelor,0.6,0,0,2.73,54.9,0,5,72.2,13.8,3.56,10.0,0,1,1
S100640,25,Male,Low,Bachelor,49.2,1,0,2.33,89.2,0,4,81.8,0.0,3.02,12.0,1,0,1
S100641,28,Male,Low,None,8.2,0,1,2.96,47.5,0,8,88.4,6.8,2.63,11.0,1,1,0
S100642,28,Female,Low,Secondary,18.1,0,1,3.26,71.5,2,3,78.6,10.1,4.45,12.0,1,0,1
S100643,23,Male,Low,Bachelor,9.8,0,1,2.65,55.6,0,7,62.3,12.5,1.55,7.0,0,1,1
S100644,27,Female,Medium,Secondary,6.6,0,0,3.52,81.4,0,8,88.4,14.9,2.68,12.0,0,0,0
S100645,21,Female,Medium,None,47.4,1,0,2.82,99.8,0,3,80.0,8.7,1.82,17.0,0,1,0
S100646,22,Female,Low,Postgraduate,7.3,0,1,2.23,55.5,0,6,64.9,8.0,2.88,11.0,0,1,0
S100647,23,Female,Low,Secondary,4.9,1,0,3.69,67.1,0,3,55.6,14.4,3.05,5.0,1,1,0
S100648,29,Female,High,Secondary,11.0,1,0,3.1,59.2,0,4,100.0,15.8,2.35,10.0,0,1,0
S100649,28,Male,Low,Secondary,1.3,1,1,3.43,80.6,0,3,92.5,13.7,2.4,0.0,1,1,1
S100650,23,Male,Medium,Bachelor,1.1,0,1,3.44,61.3,0,3,88.4,9.2,1.88,11.0,0,1,0
S100651,25,Female,Medium,Bachelor,11.0,1,0,2.53,78.6,1,2,78.3,22.7,3.12,1.0,0,0,0
S100652,19,Male,Medium,Secondary,14.0,1,1,2.74,59.0,0,7,90.3,10.4,2.47,11.0,0,1,0
S100653,27,Male,High,Bachelor,28.3,0,0,3.52,98.7,1,2,64.2,11.1,3.1,8.0,0,0,0
S100654,24,Male,Medium,Postgraduate,9.4,1,0,3.92,32.1,1,6,83.0,18.2,2.43,12.0,1,0,0
S100655,23,Male,High,Bachelor,12.6,0,0,3.03,70.7,0,6,83.6,17.6,2.97,8.0,0,2,0
S100656,26,Male,High,Secondary,32.9,1,0,2.69,64.8,0,8,64.6,13.5,3.32,14.0,0,0,0
S100657,25,Male,Low,Secondary,34.4,0,0,3.84,64.3,2,5,78.4,5.5,3.13,10.0,1,0,1
S100658,17,Female,Low,Bachelor,3.7,0,0,2.69,69.3,1,2,73.8,10.6,2.95,12.0,0,0,1
S100659,20,Male,Low,None,12.9,0,0,3.16,65.9,0,3,68.5,12.6,2.73,6.0,0,0,0
S100660,19,Female,Medium,None,10.4,0,0,2.79,68.3,0,7,71.9,19.8,3.13,6.0,0,0,1
S100661,26,Female,Medium,Secondary,9.4,0,0,3.13,71.1,0,3,54.4,24.7,2.38,2.0,0,1,0
S100662,17,Male,Low,Bachelor,8.2,0,1,2.53,91.2,0,7,95.9,7.0,2.66,3.0,0,1,1
S100663,19,Female,Low,Secondary,2.9,1,0,2.81,23.5,0,6,100.0,14.3,3.04,8.0,1,0,0
S100664,24,Female,Medium,Secondary,33.2,0,0,2.69,92.7,0,6,66.1,5.9,3.88,8.0,0,0,0
S100665,26,Female,Medium,Bachelor,3.1,0,0,3.33,100.0,0,1,96.6,9.4,2.37,10.0,1,0,0
S100666,23,Male,Medium,Secondary,4.8,0,0,3.08,38.7,0,5,79.5,5.7,2.18,5.0,1,0,0
S100667,28,Male,High,Secondary,1.0,0,1,3.44,65.7,0,2,79.8,18.3,3.0,9.0,0,0,0
S100668,28,Male,Low,Secondary,9.6,0,1,2.59,85.6,0,8,60.6,11.2,3.64,13.0,0,0,1
S100669,18,Female,Medium,Secondary,25.0,0,0,2.9,78.8,0,3,71.6,11.5,3.37,10.0,0,1,0
S100670,29,Female,High,Postgraduate,0.5,1,0,3.31,90.1,0,4,88.0,10.2,2.82,8.0,0,0,0
S100671,24,Female,Medium,Secondary,0.7,1,0,3.43,70.6,0,8,65.4,11.9,3.66,9.0,0,0,0
S100672,25,Female,Medium,Bachelor,14.4,1,0,2.28,34.5,0,1,68.9,12.1,1.53,13.0,0,0,0
S100673,18,Female,Medium,Secondary,2.2,1,1,3.16,84.6,0,7,72.4,6.6,3.51,9.0,0,1,0
S100674,25,Female,Low,None,5.1,1,1,2.59,74.5,0,3,28.9,1.6,2.58,6.0,0,0,1
S100675,26,Male,High,None,8.5,1,1,3.45,87.0,0,1,84.9,3.4,3.24,6.0,0,0,1
S100676,24,Female,Medium,Secondary,6.2,0,1,3.93,42.0,0,2,89.6,1.9,3.51,6.0,1,1,1
S100677,18,Male,Medium,Secondary,2.6,1,1,1.69,46.8,0,5,85.5,11.0,2.94,6.0,0,0,1
S100678,23,Male,Medium,Secondary,0.3,0,0,2.67,65.2,0,2,94.1,5.9,2.85,11.0,1,1,0
S100679,29,Female,Medium,Postgraduate,22.1,0,1,3.13,85.0,1,7,73.3,14.9,2.53,15.0,0,0,0
S100680,26,Female,Low,Secondary,18.7,0,1,3.0,89.2,0,1,100.0,11.2,3.98,6.0,1,0,0
S100681,18,Male,Medium,Postgraduate,16.2,0,0,3.47,54.1,1,5,67.3,0.8,3.04,4.0,0,0,0
S100682,29,Female,Medium,Secondary,1.7,0,1,3.04,58.9,0,1,76.6,7.9,2.96,3.0,1,0,1
S100683,29,Male,Low,Secondary,1.3,0,0,2.74,100.0,0,4,75.2,0.0,3.86,15.0,0,1,0
S100684,19,Male,Medium,Bachelor,1.8,0,0,2.49,56.7,1,6,82.8,4.3,2.45,12.0,1,1,0
S100685,27,Male,High,Secondary,49.8,1,1,2.41,75.1,0,8,76.4,7.5,2.63,5.0,1,1,0
S100686,22,Female,Medium,Secondary,1.9,0,0,2.63,58.2,0,7,78.5,5.3,3.46,9.0,1,0,1
S100687,24,Female,Medium,None,18.4,0,0,2.72,72.1,0,6,69.8,19.4,4.04,14.0,0,0,0
S100688,22,Male,Medium,None,12.8,1,0,3.19,52.0,0,7,73.4,13.7,2.83,8.0,1,0,0
S100689,27,Male,High,Bachelor,42.3,0,1,2.92,52.4,1,5,46.5,8.4,3.07,11.0,1,0,1
S100690,29,Male,Medium,Secondary,35.1,1,1,2.67,59.4,1,8,92.0,17.1,1.69,7.0,1,0,1
S100691,27,Male,High,Postgraduate,4.7,0,1,2.5,56.8,0,2,64.7,5.1,3.7,7.0,1,0,1
S100692,29,Female,Low,Secondary,6.2,0,1,2.65,60.4,0,4,72.6,8.3,2.04,0.0,1,0,1
S100693,29,Female,High,Secondary,11.6,1,0,2.72,72.9,0,2,64.1,14.3,2.42,6.0,1,0,0
S100694,18,Female,High,Secondary,65.3,0,1,2.63,93.4,1,2,88.5,4.4,2.93,6.0,1,1,1
S100695,20,Male,Medium,Secondary,81.2,0,0,3.34,56.1,0,2,71.8,13.4,2.35,10.0,0,0,1
S100696,26,Female,Medium,Bachelor,3.7,0,0,3.68,50.2,0,6,43.4,11.5,1.44,9.0,1,0,0
S100697,24,Male,Low,Bachelor,4.4,0,1,2.41,65.1,0,5,84.2,12.9,1.94,9.0,1,0,0
S100698,17,Male,Medium,None,48.2,1,0,3.56,52.2,0,5,68.8,19.0,2.87,12.0,0,0,1
S100699,18,Female,Low,Secondary,13.6,0,1,3.35,40.5,0,5,79.6,12.3,3.85,0.0,1,0,0
S100700,23,Female,Low,Bachelor,1.3,0,0,3.09,81.0,3,4,92.5,10.6,3.79,8.0,0,1,0
S100701,25,Female,High,None,8.8,1,1,3.76,66.2,0,6,65.2,2.5,3.07,3.0,0,0,1
S100702,19,Female,Low,Secondary,0.9,0,0,2.91,67.7,0,2,79.2,11.1,2.91,3.0,0,0,0
S100703,19,Female,Medium,Secondary,24.0,0,1,3.2,36.1,0,2,68.4,7.6,3.36,7.0,1,1,0
S100704,18,Female,Low,Secondary,2.6,0,1,3.06,56.2,1,3,94.8,9.4,3.73,8.0,0,3,1
S100705,24,Female,Medium,Secondary,25.6,0,0,3.02,43.8,0,5,81.2,7.6,2.88,10.0,0,0,0
S100706,17,Male,Medium,Secondary,36.4,0,1,3.23,64.7,1,6,79.7,12.5,2.91,10.0,1,1,1
S100707,24,Male,Low,Bachelor,21.7,0,1,3.02,67.0,1,5,61.4,5.0,2.94,5.0,1,0,0
S100708,23,Male,Medium,Secondary,19.3,0,0,3.23,67.0,2,2,91.3,11.1,3.51,7.0,1,0,0
S100709,23,Male,High,Postgraduate,6.2,0,1,2.67,55.0,0,7,93.2,4.8,1.84,14.0,0,1,1
S100710,25,Male,Medium,Bachelor,17.8,1,0,2.68,52.2,0,6,68.5,1.0,2.81,14.0,1,1,0
S100711,23,Female,High,Secondary,14.1,0,1,2.66,62.1,1,3,82.3,8.3,3.08,7.0,1,1,0
S100712,26,Female,Medium,Secondary,22.4,1,0,2.82,70.4,2,2,88.8,12.3,1.47,8.0,0,1,1
S100713,26,Female,Medium,Secondary,0.2,0,1,3.51,56.3,0,3,100.0,6.1,3.44,4.0,0,0,1
S100714,28,Male,Low,Bachelor,12.6,0,0,2.77,50.9,0,8,85.9,10.7,3.55,12.0,0,1,0
S100715,27,Female,Low,Secondary,1.0,1,1,3.33,51.6,0,8,80.0,8.2,1.44,17.0,0,0,0
S100716,23,Male,High,Postgraduate,11.2,0,1,3.13,55.1,0,4,77.7,4.8,2.51,6.0,1,0,0
S100717,23,Male,Medium,Bachelor,6.5,0,1,2.78,58.2,0,1,78.6,12.8,2.53,13.0,1,0,1
S100718,20,Male,Medium,Bachelor,6.4,1,1,3.65,48.5,0,3,91.5,6.7,2.18,11.0,0,0,0
S100719,24,Male,High,Secondary,15.4,1,1,3.37,58.3,0,4,66.8,11.9,2.27,7.0,1,3,1
S100720,18,Male,Low,Bachelor,6.7,0,0,3.0,83.5,0,8,94.0,2.7,2.43,5.0,1,0,0
S100721,29,Female,Medium,Bachelor,19.6,1,0,2.96,60.6,0,8,56.9,10.7,3.23,18.0,1,0,0
S100722,27,Female,Low,Bachelor,15.1,0,1,3.05,46.4,0,6,90.0,13.1,3.67,11.0,0,0,0
S100723,18,Female,High,Secondary,1.7,1,1,2.24,31.1,1,5,94.2,11.8,3.19,12.0,0,0,0
S100724,27,Male,Low,Bachelor,13.0,0,0,2.59,92.5,0,5,92.1,14.5,2.16,7.0,1,1,0
S100725,18,Female,Low,Secondary,1.2,0,1,3.23,82.1,2,5,84.1,13.2,3.35,8.0,1,0,0
S100726,26,Female,Medium,Bachelor,12.5,0,0,2.21,69.3,1,1,85.9,11.5,3.22,3.0,0,0,0
S100727,18,Male,Low,Secondary,14.6,0,1,2.63,82.4,1,3,74.0,14.2,0.75,11.0,1,0,1
S100728,23,Female,High,Secondary,27.7,1,0,2.8,72.9,0,5,63.1,8.1,3.67,7.0,0,1,0
S100729,25,Female,Medium,Bachelor,6.5,0,1,4.0,63.9,1,6,83.7,12.6,2.89,4.0,1,0,0
S100730,26,Female,Low,Secondary,6.5,0,0,3.34,46.4,0,4,81.0,10.1,2.92,5.0,1,0,0
S100731,22,Male,Low,Bachelor,20.5,0,0,3.55,93.6,1,8,93.9,19.3,1.58,18.0,1,0,1
S100732,28,Female,High,Bachelor,15.9,0,1,2.6,58.4,0,6,77.9,11.4,3.93,7.0,1,1,0
S100733,27,Male,Medium,Bachelor,30.8,1,0,3.18,59.3,0,4,82.4,3.6,3.04,9.0,0,1,0
S100734,19,Male,High,Bachelor,10.5,0,0,2.12,65.6,1,8,84.3,11.3,3.34,3.0,0,0,0
S100735,25,Male,Low,Secondary,4.2,0,1,2.83,65.8,0,7,88.6,5.2,1.87,7.0,0,0,0
S100736,26,Female,High,None,3.9,0,1,3.25,73.6,0,5,94.2,13.6,3.16,3.0,0,2,1
S100737,21,Male,Medium,Bachelor,5.4,0,1,2.29,71.9,0,1,65.7,13.7,3.17,9.0,0,2,0
S100738,26,Male,Medium,Secondary,30.7,0,0,3.2,56.3,0,5,90.5,7.0,2.69,4.0,0,1,0
S100739,28,Male,Medium,None,20.2,1,0,3.24,65.4,0,7,77.3,4.8,1.89,11.0,0,0,1
S100740,27,Female,Low,None,6.5,0,1,2.7,73.1,0,8,89.6,10.7,2.76,1.0,1,0,1
S100741,26,Female,High,Secondary,27.6,1,1,2.58,55.1,1,8,100.0,5.5,2.13,5.0,0,0,1
S100742,25,Female,High,Postgraduate,2.9,0,1,2.64,86.7,0,1,48.4,5.8,2.31,13.0,1,1,1
S100743,20,Male,Medium,Secondary,39.5,0,0,2.83,64.7,0,7,98.2,7.5,3.61,14.0,1,0,0
S100744,27,Male,High,Secondary,1.7,0,0,2.84,89.0,0,4,78.2,13.1,2.86,8.0,1,0,1
S100745,21,Female,Low,Postgraduate,32.5,0,1,3.25,44.1,0,1,67.2,2.6,2.74,6.0,1,0,0
S100746,23,Male,Low,Postgraduate,4.3,0,0,2.73,74.8,0,4,73.4,6.2,1.98,8.0,1,0,0
S100747,21,Female,Low,Secondary,20.5,0,1,3.8,51.6,0,6,64.5,22.0,2.77,16.0,1,0,1
S100748,21,Female,Medium,Bachelor,1.5,0,0,3.8,55.5,0,5,87.6,19.8,2.69,7.0,0,0,0
S100749,19,Female,Low,None,5.8,0,1,3.12,78.6,0,1,64.5,16.0,2.11,8.0,0,0,1
S100750,29,Female,Medium,Bachelor,2.9,0,0,2.83,61.6,1,1,98.1,10.2,3.56,4.0,1,0,0
S100751,18,Female,Low,None,35.1,1,1,2.73,100.0,0,1,90.4,13.8,3.53,5.0,1,0,1
S100752,18,Male,Medium,Secondary,3.3,0,1,3.16,72.8,0,1,83.4,8.1,2.26,10.0,0,0,1
S100753,29,Female,High,Secondary,7.2,0,0,3.25,54.6,1,1,49.5,0.0,3.08,12.0,1,0,0
S100754,24,Male,Medium,Bachelor,1.3,0,1,2.9,72.8,0,2,60.2,7.1,1.5,9.0,1,0,0
S100755,22,Female,Low,None,11.3,0,0,2.8,61.4,0,2,78.8,7.6,3.02,11.0,1,0,0
S100756,26,Male,Medium,Secondary,73.2,0,0,3.18,77.5,0,7,79.6,10.1,3.35,4.0,1,0,0
S100757,21,Male,Low,Bachelor,5.7,0,1,3.03,60.6,0,5,94.1,12.4,2.01,4.0,1,0,0
S100758,18,Female,Medium,None,68.6,0,1,2.71,71.1,0,5,36.3,18.3,2.81,11.0,1,0,1
S100759,26,Male,Medium,Bachelor,14.1,0,0,3.06,68.0,0,6,68.6,10.2,2.89,6.0,0,1,0
S100760,19,Male,Medium,Secondary,6.2,0,0,2.7,66.2,0,5,92.6,5.0,4.82,3.0,0,0,0
S100761,24,Female,Low,Secondary,19.3,0,0,2.62,80.6,0,2,74.9,9.0,4.61,9.0,1,0,1
S100762,29,Male,High,Secondary,0.7,1,0,3.0,38.0,1,8,73.0,13.2,3.03,8.0,0,0,0
S100763,29,Female,High,Secondary,21.8,0,0,2.71,66.5,1,1,55.8,9.4,2.34,7.0,0,1,0
S100764,21,Male,Medium,Secondary,12.0,0,0,2.63,54.5,0,3,95.9,6.0,2.97,14.0,1,0,0
S100765,27,Male,High,Secondary,8.3,0,1,3.52,44.8,0,4,72.7,12.6,3.59,15.0,0,1,0
S100766,24,Male,High,Bachelor,18.7,1,0,2.8,52.4,1,2,96.4,4.3,1.63,12.0,0,0,0
S100767,23,Female,Low,Secondary,6.0,0,1,3.92,55.7,1,4,100.0,5.6,1.34,10.0,1,0,1
S100768,18,Female,Medium,Secondary,18.2,1,0,3.31,61.5,1,2,99.8,12.1,2.0,14.0,1,0,0
S100769,21,Male,Low,Bachelor,30.5,0,0,2.59,70.1,1,4,79.5,6.1,3.33,9.0,0,1,1
S100770,25,Female,Medium,Secondary,2.8,1,0,3.58,73.1,0,1,72.7,8.2,3.37,7.0,0,0,1
S100771,29,Female,Low,Bachelor,7.1,0,0,2.64,58.9,0,5,71.7,10.1,3.11,6.0,0,0,0
S100772,17,Female,High,Bachelor,22.1,1,1,3.99,88.8,0,5,100.0,9.8,3.58,5.0,0,0,0
S100773,26,Female,Medium,Secondary,1.7,0,0,3.11,59.4,0,8,76.8,5.2,2.67,12.0,0,0,0
S100774,28,Female,Low,Bachelor,3.9,1,0,3.27,35.8,0,2,95.8,11.6,2.61,2.0,0,0,0
S100775,29,Female,Medium,Postgraduate,7.3,0,0,3.02,59.8,0,3,87.2,5.4,3.07,6.0,0,1,0
S100776,22,Female,Medium,Secondary,4.4,1,1,3.13,65.7,0,5,73.8,18.3,4.0,7.0,1,1,0
S100777,18,Female,Medium,Postgraduate,9.1,1,0,2.89,20.0,0,5,76.2,8.0,3.09,2.0,0,1,0
S100778,20,Male,High,Secondary,20.7,0,0,2.54,83.1,0,5,97.8,13.0,2.73,6.0,0,1,1
S100779,28,Male,Low,Bachelor,23.4,0,0,3.17,63.5,1,7,80.5,13.7,3.08,8.0,1,0,0
S100780,28,Female,Medium,Secondary,48.6,0,1,3.51,47.7,0,4,73.2,8.2,3.8,12.0,0,0,1
S100781,25,Male,Medium,None,6.4,1,1,2.4,50.6,2,4,67.9,5.2,2.55,6.0,0,0,1
S100782,18,Male,Medium,Postgraduate,4.0,1,0,3.77,76.4,0,3,84.8,13.6,2.49,8.0,0,0,0
S100783,18,Male,Medium,Secondary,3.1,0,0,3.3,78.3,0,1,72.3,2.9,2.47,2.0,1,0,1
S100784,23,Male,Low,Postgraduate,7.3,0,0,2.78,55.3,0,4,88.9,3.7,3.37,3.0,0,1,1
S100785,24,Female,Low,Bachelor,8.3,0,1,2.77,44.7,1,3,100.0,13.0,2.25,0.0,1,0,0
S100786,17,Female,Medium,Postgraduate,30.7,0,0,3.93,67.0,0,6,87.8,9.0,3.25,12.0,1,0,0
S100787,25,Female,High,Postgraduate,7.8,0,1,3.47,69.7,0,6,100.0,6.5,1.77,7.0,0,3,0
S100788,24,Male,Low,Bachelor,2.1,1,1,3.57,73.5,0,3,69.3,7.5,2.62,9.0,1,0,1
S100789,17,Female,Low,Postgraduate,4.6,0,0,2.87,56.6,2,2,90.3,6.0,2.76,10.0,0,1,1
S100790,18,Male,Medium,Bachelor,0.2,1,1,3.28,63.2,0,6,98.8,20.9,4.05,11.0,0,1,0
S100791,22,Female,High,Secondary,20.7,1,1,3.17,65.3,0,6,100.0,15.1,3.48,16.0,1,0,0
S100792,26,Female,Medium,Bachelor,3.9,0,0,2.91,79.5,1,3,99.2,5.9,2.55,8.0,0,0,1
S100793,27,Female,Low,Secondary,0.2,0,0,3.05,84.9,1,1,80.2,8.4,2.44,5.0,1,0,0
S100794,22,Female,Medium,None,3.6,0,0,3.56,89.0,0,4,93.3,13.0,2.33,11.0,0,2,0
S100795,20,Female,Medium,Secondary,11.9,0,0,3.8,84.5,0,6,64.7,5.1,2.01,17.0,0,0,1
S100796,29,Female,Medium,Secondary,6.7,1,1,2.87,92.2,1,2,100.0,7.2,3.93,6.0,0,0,0
S100797,22,Female,Low,Secondary,14.2,0,1,2.34,80.2,1,5,65.7,8.5,2.27,5.0,0,0,1
S100798,21,Female,Low,Secondary,8.5,0,1,3.82,56.2,1,8,98.8,5.6,4.0,0.0,1,0,0
S100799,22,Male,Low,Bachelor,6.4,1,0,3.83,88.0,0,6,95.7,15.5,2.87,0.0,0,0,0
S100800,17,Female,Medium,Bachelor,12.0,0,0,3.2,44.4,0,7,95.6,6.4,2.74,14.0,0,0,0
S100801,20,Male,Medium,Bachelor,23.0,0,0,3.9,100.0,0,1,100.0,9.4,2.87,7.0,1,0,0
S100802,23,Male,Low,Postgraduate,1.5,1,1,3.16,50.4,1,8,95.8,10.6,3.65,3.0,0,0,0
S100803,28,Female,Medium,Bachelor,6.1,0,0,2.55,78.3,0,8,60.1,17.9,2.2,8.0,1,0,0
S100804,26,Female,Medium,Bachelor,3.0,0,0,2.34,86.7,1,6,88.8,9.6,3.16,18.0,0,0,0
S100805,27,Male,Low,Secondary,28.3,0,1,2.34,71.9,0,5,51.7,20.7,2.77,8.0,0,0,1
S100806,24,Male,Medium,Postgraduate,6.3,0,1,3.0,34.2,2,2,78.6,8.2,3.08,16.0,0,1,1
S100807,18,Male,Medium,Secondary,13.3,0,0,2.77,50.8,2,6,73.7,8.9,2.66,4.0,1,0,1
S100808,22,Female,Medium,Secondary,5.1,0,1,2.71,70.4,0,6,89.6,14.7,2.55,14.0,0,1,0
S100809,29,Male,High,Secondary,2.8,0,0,2.95,74.5,1,7,67.7,19.6,3.17,6.0,0,0,0
S100810,17,Female,High,Bachelor,2.6,0,1,3.43,62.3,0,2,68.1,8.7,1.83,5.0,0,1,1
S100811,28,Female,Low,Bachelor,10.9,0,1,2.73,66.1,0,1,87.5,16.2,3.78,4.0,0,0,0
S100812,25,Female,Low,None,4.3,0,1,2.64,43.0,0,4,97.6,14.2,2.88,7.0,0,0,0
S100813,20,Female,Low,Bachelor,10.2,1,0,2.76,91.6,0,2,80.0,6.2,2.42,12.0,1,1,0
S100814,27,Male,Low,Secondary,16.6,1,1,3.46,59.3,0,7,100.0,9.9,3.06,6.0,1,0,0
S100815,27,Male,Medium,Secondary,7.9,1,0,2.96,76.8,1,2,74.9,9.8,2.31,12.0,1,1,0
S100816,17,Female,High,Secondary,4.5,0,0,3.14,86.1,0,2,90.2,4.8,2.86,5.0,0,1,1
S100817,18,Male,High,Secondary,12.0,0,1,3.78,47.7,0,2,85.1,10.8,2.86,8.0,1,0,0
S100818,25,Male,Low,Bachelor,4.2,1,0,4.0,66.9,1,8,74.9,10.4,3.68,6.0,0,0,0
S100819,29,Male,Medium,None,21.8,1,1,3.32,69.2,0,1,99.7,11.9,3.0,15.0,0,0,0
S100820,17,Male,Low,Secondary,3.7,1,0,3.27,61.1,0,4,66.6,10.3,2.02,10.0,0,0,0
S100821,25,Female,Medium,None,13.5,0,0,2.41,78.9,0,8,48.9,6.7,3.21,9.0,1,0,0
S100822,18,Female,Low,Bachelor,19.3,0,0,3.18,55.0,1,3,78.1,22.2,3.3,7.0,0,0,0
S100823,25,Female,High,Postgraduate,89.6,0,0,3.03,65.8,0,3,76.1,11.1,1.67,6.0,0,1,1
S100824,25,Female,High,Bachelor,9.0,0,1,3.45,59.4,1,6,95.9,16.5,1.97,4.0,0,1,0
S100825,18,Female,Low,Bachelor,28.8,0,1,2.8,99.9,0,1,61.3,12.2,4.21,13.0,1,0,0
S100826,25,Female,Medium,Postgraduate,5.5,0,1,3.1,55.1,0,5,87.9,17.5,2.57,2.0,0,1,0
S100827,28,Female,Medium,Secondary,0.2,0,1,3.3,76.2,2,6,86.0,6.1,2.58,7.0,0,1,1
S100828,28,Female,High,None,0.4,0,0,3.95,91.9,0,4,84.8,9.6,2.78,12.0,0,1,0
S100829,17,Male,Medium,Secondary,9.0,0,1,3.78,51.2,0,3,95.7,7.8,2.35,1.0,0,0,1
S100830,20,Female,Low,Secondary,10.8,0,0,3.63,66.4,0,2,79.6,7.1,1.56,9.0,0,0,1
S100831,20,Male,Medium,Secondary,8.0,0,0,3.36,50.2,0,2,80.8,11.3,2.01,5.0,0,0,0
S100832,22,Male,Low,Secondary,4.6,0,0,2.78,34.8,0,3,86.8,8.8,2.35,8.0,0,0,1
S100833,18,Male,Medium,Secondary,13.0,1,0,3.36,53.2,0,8,78.5,2.9,2.45,7.0,1,1,0
S100834,28,Male,Low,Secondary,2.2,0,1,2.61,56.4,0,2,59.7,8.5,2.26,0.0,0,0,0
S100835,27,Male,Medium,Secondary,33.7,1,0,2.9,57.3,0,7,73.8,8.1,1.76,11.0,0,1,0
S100836,27,Female,High,None,3.2,0,0,3.89,60.5,1,3,76.1,14.4,2.41,4.0,0,1,1
S100837,19,Female,Low,Bachelor,34.8,0,0,3.27,65.1,1,5,71.6,2.8,3.58,6.0,0,1,1
S100838,17,Male,Medium,Bachelor,17.3,0,0,3.11,47.0,0,7,75.3,7.4,2.33,8.0,0,0,0
S100839,28,Female,Medium,None,10.1,0,1,3.18,70.3,0,4,82.7,6.2,2.67,10.0,1,0,1
S100840,20,Male,Low,None,0.6,1,0,2.95,83.2,2,8,75.9,13.7,3.81,10.0,1,1,0
S100841,25,Female,Medium,None,16.3,0,0,1.92,85.0,0,1,92.8,7.3,2.32,11.0,0,0,0
S100842,28,Male,Medium,None,15.2,1,1,2.37,61.1,0,6,93.0,15.2,4.94,0.0,1,0,0
S100843,17,Male,Medium,None,1.1,1,1,3.31,78.4,0,4,44.3,9.8,3.42,10.0,0,0,0
S100844,17,Female,High,Secondary,42.3,1,0,2.54,54.8,0,5,58.5,12.4,2.85,8.0,0,1,1
S100845,17,Female,Medium,Bachelor,7.8,0,0,2.95,59.8,1,4,43.9,15.5,2.63,6.0,1,0,1
S100846,19,Female,Medium,Bachelor,0.2,0,1,2.39,71.0,1,7,75.9,4.0,3.74,9.0,1,0,0
S100847,17,Female,Low,Bachelor,11.6,1,0,2.64,60.0,0,5,75.0,8.8,2.31,12.0,0,1,0
S100848,27,Female,Low,Bachelor,16.1,1,0,3.0,46.0,0,7,82.3,12.1,2.5,4.0,1,0,0
S100849,24,Male,Low,Bachelor,27.9,1,0,3.46,77.5,1,4,92.6,11.0,3.93,14.0,1,1,1
S100850,29,Male,High,Bachelor,22.1,0,0,3.56,52.6,0,1,79.4,3.5,2.54,13.0,1,1,0
S100851,27,Male,High,Bachelor,15.6,1,1,2.63,57.2,0,5,71.0,13.5,2.47,9.0,0,0,0
S100852,29,Male,High,Bachelor,5.3,1,1,3.15,80.9,0,8,79.9,10.2,2.34,3.0,0,0,0
S100853,20,Male,Low,Bachelor,0.1,1,0,2.29,73.1,0,5,72.6,10.6,1.45,17.0,1,0,0
S100854,20,Female,Medium,Bachelor,4.8,0,1,3.03,67.6,0,8,57.8,8.9,3.51,9.0,0,0,1
S100855,28,Male,Medium,Bachelor,6.5,0,1,3.48,43.0,1,1,94.4,0.0,2.77,9.0,1,0,0
S100856,20,Female,Medium,Secondary,6.6,0,1,2.97,47.6,2,6,86.4,12.7,3.55,8.0,0,0,1
S100857,17,Female,Low,None,17.1,0,1,3.66,71.0,0,2,100.0,12.9,2.68,10.0,1,0,0
S100858,25,Female,High,Secondary,59.1,0,1,3.42,74.5,0,1,61.4,7.9,2.5,12.0,0,1,1
S100859,27,Female,Low,None,3.9,0,0,3.12,68.8,0,4,55.8,2.6,2.34,8.0,1,0,1
S100860,29,Male,Low,Secondary,104.9,1,0,2.88,57.9,1,6,66.0,7.3,3.28,3.0,0,1,1
S100861,29,Male,High,None,32.3,0,1,2.73,57.4,0,8,86.0,15.0,2.24,12.0,0,0,0
S100862,18,Female,Medium,Secondary,1.9,0,1,2.27,68.2,0,5,92.9,8.0,3.07,5.0,0,2,0
S100863,27,Female,Medium,Postgraduate,30.3,0,0,2.35,46.2,0,8,84.3,10.1,2.83,4.0,1,0,0
S100864,27,Male,Medium,Secondary,5.6,1,0,3.5,66.4,0,5,82.2,8.3,2.07,8.0,0,0,0
S100865,26,Male,High,Secondary,17.6,0,1,3.76,44.2,0,5,92.8,11.6,2.49,6.0,0,0,1
S100866,27,Female,Low,Secondary,15.0,0,0,2.46,49.2,1,2,73.1,3.4,2.81,10.0,1,0,1
S100867,27,Female,Medium,Secondary,34.8,0,1,3.03,67.7,1,5,95.8,9.0,2.58,10.0,0,0,1
S100868,22,Male,Low,Bachelor,23.6,0,1,2.21,73.7,0,8,100.0,15.5,4.13,6.0,0,0,0
S100869,17,Female,Low,Bachelor,10.3,0,0,2.51,70.1,0,5,64.1,5.4,2.96,8.0,1,0,0
S100870,22,Female,Medium,None,8.4,1,1,3.13,48.3,0,6,76.2,8.6,2.66,6.0,0,1,0
S100871,19,Male,Medium,Secondary,5.2,0,1,2.74,36.9,0,3,59.2,15.3,2.55,11.0,1,0,1
S100872,18,Female,Low,None,9.2,0,0,2.04,64.9,0,8,65.5,13.7,2.64,10.0,0,0,1
S100873,18,Male,Medium,Bachelor,15.4,1,0,3.86,36.5,0,4,85.9,12.3,2.37,11.0,1,1,1
S100874,26,Female,Medium,Postgraduate,3.1,0,0,2.98,79.2,0,4,54.7,11.9,2.22,7.0,0,0,1
S100875,23,Female,Medium,Postgraduate,1.7,0,1,2.45,48.8,0,5,68.3,11.9,3.22,9.0,0,0,0
S100876,24,Male,Medium,Secondary,11.1,0,1,3.06,98.5,0,6,95.8,8.8,3.88,10.0,1,1,0
S100877,26,Female,High,Bachelor,37.8,0,0,2.96,50.6,1,7,83.4,15.5,2.48,11.0,1,0,0
S100878,24,Female,Medium,Bachelor,7.2,0,1,3.21,71.9,0,5,91.5,7.7,3.1,11.0,0,0,0
S100879,25,Female,Medium,Bachelor,9.1,1,1,2.83,54.0,1,3,60.6,5.0,2.34,8.0,0,2,0
S100880,18,Male,Medium,Secondary,1.9,1,0,3.16,62.5,1,3,81.0,3.1,2.87,3.0,0,0,1
S100881,28,Female,Medium,Secondary,5.1,1,0,3.47,67.8,1,2,100.0,6.9,1.88,10.0,0,0,1
S100882,22,Female,Low,Secondary,20.6,0,1,2.34,77.9,1,3,70.1,6.9,2.2,10.0,0,0,1
S100883,19,Female,Low,None,36.3,0,0,2.65,80.3,0,2,72.7,6.4,2.18,4.0,1,1,1
S100884,27,Male,Low,Bachelor,8.8,1,1,3.42,75.9,0,7,88.7,4.1,2.7,11.0,0,0,1
S100885,26,Female,Medium,Secondary,0.8,0,1,2.72,80.6,1,3,66.5,11.9,1.98,9.0,1,0,1
S100886,17,Female,High,Secondary,2.6,0,1,2.96,55.8,0,8,90.8,5.3,1.23,7.0,1,0,0
S100887,19,Female,Medium,Bachelor,1.0,0,0,2.76,74.7,0,5,53.1,12.7,1.84,9.0,1,0,0
S100888,17,Female,Medium,Secondary,11.4,0,0,2.8,59.9,0,1,43.6,13.6,2.68,12.0,1,0,0
S100889,20,Male,Medium,Postgraduate,50.0,0,1,2.75,79.8,1,8,84.7,22.9,2.25,14.0,0,0,0
S100890,18,Male,Medium,Bachelor,7.1,0,0,2.37,66.7,0,6,65.3,7.7,2.39,8.0,0,0,1
S100891,26,Female,Medium,Bachelor,14.1,0,0,3.23,74.3,0,2,71.5,9.2,2.99,7.0,1,2,0
S100892,23,Female,Medium,Bachelor,0.7,0,0,3.53,69.4,1,7,93.1,6.3,2.23,10.0,1,0,0
S100893,29,Male,Medium,None,7.2,0,1,2.91,76.4,0,1,89.4,4.1,2.74,3.0,0,0,0
S100894,26,Female,Low,None,8.9,0,0,3.47,52.9,0,1,61.6,7.9,4.3,11.0,1,0,0
S100895,24,Female,Medium,Postgraduate,6.9,0,1,2.75,41.4,0,3,87.8,6.1,2.53,3.0,0,0,0
S100896,23,Male,Medium,None,0.5,0,0,2.72,79.8,0,6,75.5,4.1,2.66,3.0,1,0,1
S100897,17,Male,Medium,Secondary,18.2,0,1,3.21,85.2,0,5,86.3,11.2,3.07,14.0,1,1,0
S100898,17,Female,High,Bachelor,48.1,0,1,3.21,63.3,0,3,79.7,4.6,2.23,0.0,0,0,0
S100899,25,Female,Medium,Secondary,14.2,0,0,2.94,77.2,2,8,57.4,12.8,2.39,13.0,0,1,1
S100900,17,Male,Medium,Secondary,10.7,0,1,3.34,40.6,1,6,69.3,14.3,2.73,14.0,0,2,1
S100901,17,Female,Low,Secondary,4.6,0,1,2.36,55.7,1,6,43.8,5.7,2.94,9.0,1,0,0
S100902,19,Female,Medium,Secondary,21.8,0,1,2.85,66.2,2,1,82.8,17.0,2.15,10.0,0,0,1
S100903,28,Female,High,Bachelor,14.2,1,0,3.48,39.0,0,7,86.0,12.0,3.19,2.0,1,0,0
S100904,22,Female,High,None,25.6,0,1,3.48,42.1,0,2,69.4,9.6,3.88,6.0,1,0,0
S100905,26,Female,High,Secondary,22.8,0,0,3.42,67.4,1,5,78.3,1.1,1.46,9.0,0,0,1
S100906,22,Female,Low,Secondary,21.6,0,0,3.51,55.9,0,3,65.4,1.4,3.07,9.0,1,1,0
S100907,19,Male,Medium,Bachelor,2.7,1,0,2.81,59.8,1,8,98.8,17.9,2.74,10.0,0,0,0
S100908,21,Female,High,None,33.3,0,0,2.15,58.9,0,8,60.7,16.6,2.59,9.0,1,1,0
S100909,18,Male,Medium,Secondary,6.4,1,0,2.87,45.7,0,5,75.3,18.0,3.03,8.0,1,0,0
S100910,27,Female,Medium,Bachelor,4.2,0,1,3.32,61.7,0,4,60.5,19.3,3.77,3.0,1,0,0
S100911,19,Male,Medium,Secondary,32.3,0,1,3.4,64.8,0,6,83.5,16.9,2.98,9.0,1,0,1
S100912,21,Female,Medium,Bachelor,5.7,0,0,2.74,56.3,0,8,95.6,11.2,3.47,3.0,0,0,0
S100913,29,Male,Low,Secondary,6.5,0,0,2.52,57.5,0,8,48.9,12.8,2.77,7.0,1,0,1
S100914,24,Male,Low,Secondary,23.2,0,1,2.57,61.9,0,8,89.8,6.6,3.06,14.0,0,0,1
S100915,22,Male,High,Secondary,1.8,0,0,2.73,77.3,2,5,100.0,11.2,2.42,2.0,0,0,0
S100916,24,Female,High,Bachelor,29.2,0,1,2.05,63.6,0,1,81.9,13.7,2.83,8.0,0,0,0
S100917,27,Female,High,Secondary,3.1,0,0,2.74,36.1,1,2,69.9,13.8,2.61,11.0,0,1,0
S100918,20,Male,Low,Secondary,19.6,1,1,3.02,47.1,3,4,79.4,9.4,2.87,11.0,1,2,1
S100919,25,Female,Low,Secondary,12.3,1,0,2.95,79.0,0,8,71.8,0.0,1.64,9.0,1,1,1
S100920,28,Female,Low,Secondary,2.8,0,1,2.83,54.7,0,3,100.0,2.4,2.02,5.0,0,0,1
S100921,24,Male,High,Bachelor,11.3,1,0,2.66,63.7,0,5,92.5,12.4,3.63,13.0,0,0,0
S100922,22,Female,Medium,Postgraduate,12.7,1,0,2.71,93.9,0,6,93.5,7.5,3.78,3.0,1,3,0
S100923,18,Female,High,Secondary,20.0,1,1,2.72,74.5,0,7,100.0,13.3,1.59,11.0,1,0,1
S100924,20,Male,Low,Secondary,47.0,1,1,3.35,32.8,1,2,100.0,3.9,2.4,9.0,0,0,0
S100925,29,Female,Medium,Secondary,17.9,0,0,3.0,86.7,0,4,78.2,16.8,2.28,5.0,0,1,1
S100926,24,Male,Medium,Postgraduate,1.7,1,0,4.0,67.2,0,8,80.4,5.3,2.98,6.0,1,0,0
S100927,20,Female,Low,Secondary,10.3,0,1,2.83,70.5,0,8,100.0,17.4,2.74,15.0,0,1,1
S100928,22,Female,High,Secondary,5.0,1,0,3.22,69.6,1,5,68.9,2.2,3.28,3.0,1,0,0
S100929,24,Female,Medium,Postgraduate,31.3,0,1,2.84,78.7,1,7,77.4,13.0,1.85,1.0,0,0,1
S100930,23,Female,Low,Postgraduate,4.5,0,0,2.83,63.8,0,5,64.8,5.3,3.04,5.0,1,0,0
S100931,26,Female,Low,Secondary,27.5,0,0,3.78,42.8,1,6,52.7,10.0,2.57,10.0,0,0,1
S100932,20,Female,High,Secondary,5.5,0,0,3.5,69.9,1,8,66.8,15.4,2.28,14.0,0,0,0
S100933,25,Male,Medium,Bachelor,4.5,0,0,2.12,44.3,1,7,67.1,14.5,3.11,8.0,0,0,1
S100934,22,Male,Medium,Bachelor,19.3,1,0,2.49,92.2,0,7,70.6,5.9,2.63,1.0,0,0,0
S100935,29,Female,Medium,Secondary,23.7,0,0,2.93,59.6,0,7,89.2,6.9,2.73,8.0,1,0,0
S100936,19,Male,Medium,Secondary,5.9,0,1,2.74,64.2,0,1,79.8,2.1,3.74,11.0,0,0,0
S100937,18,Male,Medium,Secondary,12.5,0,0,2.25,54.9,0,7,95.2,1.0,2.85,9.0,1,1,1
S100938,23,Male,High,Secondary,3.9,0,1,3.06,70.1,1,5,82.3,5.8,4.16,10.0,0,1,0
S100939,23,Female,Low,None,25.0,0,0,2.06,71.8,1,5,82.7,5.7,1.17,1.0,1,0,0
S100940,25,Male,Medium,Bachelor,14.8,1,1,3.06,54.8,0,8,75.6,2.5,2.79,3.0,0,0,0
S100941,22,Male,Low,None,6.6,1,0,3.36,71.8,1,6,100.0,9.0,2.02,7.0,0,0,0
S100942,28,Male,Low,Secondary,23.8,0,1,3.44,66.0,0,5,73.6,9.8,2.15,13.0,0,0,1
S100943,23,Male,Medium,Bachelor,26.0,0,1,2.93,63.6,0,8,93.8,9.9,2.34,5.0,0,0,0
S100944,18,Female,High,Secondary,2.1,1,1,3.76,53.7,1,5,62.3,6.0,3.45,9.0,1,0,0
S100945,18,Male,Low,Secondary,13.2,0,1,3.17,99.7,0,5,76.3,7.1,2.52,9.0,0,0,1
S100946,29,Female,Medium,Postgraduate,12.7,1,0,3.42,82.7,0,1,100.0,8.4,2.0,4.0,1,0,0
S100947,18,Female,Medium,None,3.8,0,0,2.63,75.9,2,1,90.3,14.1,3.26,5.0,1,1,1
S100948,29,Male,Low,Bachelor,15.7,1,0,3.76,81.9,0,4,59.0,6.6,1.97,8.0,1,0,0
S100949,20,Female,Medium,None,6.0,0,1,3.0,69.5,1,1,64.5,1.6,3.97,7.0,0,0,1
S100950,18,Female,High,Secondary,26.4,1,0,3.79,59.8,0,5,100.0,8.4,1.9,11.0,1,2,0
S100951,20,Female,Low,Bachelor,17.9,1,1,3.68,25.4,1,7,81.3,7.8,2.6,6.0,0,0,0
S100952,24,Male,Low,Secondary,30.7,0,1,3.13,46.7,0,3,75.9,1.9,4.15,12.0,0,1,1
S100953,22,Male,High,Secondary,14.2,0,0,3.2,97.5,0,1,68.3,8.0,2.57,7.0,0,0,0
S100954,27,Female,Low,Secondary,25.8,0,0,2.91,82.4,1,8,75.2,5.6,3.1,8.0,0,0,0
S100955,24,Female,Low,Bachelor,1.8,0,0,2.59,68.0,0,6,100.0,9.6,2.72,11.0,0,2,1
S100956,22,Female,High,None,4.4,1,0,3.3,41.3,1,1,69.5,12.1,2.8,8.0,0,0,0
S100957,25,Female,High,Bachelor,8.3,0,0,3.27,74.5,0,8,71.0,7.3,2.23,6.0,1,1,0
S100958,29,Male,Medium,Bachelor,0.3,0,0,2.19,60.8,1,4,89.0,12.6,3.12,8.0,1,1,0
S100959,22,Female,Medium,Secondary,52.5,0,1,2.96,75.5,2,5,64.4,8.5,3.73,12.0,0,0,1
S100960,18,Female,High,None,13.2,0,1,3.43,48.3,0,7,66.0,8.7,1.44,9.0,0,0,1
S100961,22,Female,Medium,Secondary,30.0,1,0,3.73,57.7,1,2,80.1,8.5,2.15,0.0,0,0,1
S100962,27,Male,Medium,Bachelor,1.7,0,0,3.36,78.3,0,2,80.5,9.0,2.41,5.0,1,0,0
S100963,19,Male,High,Secondary,7.5,0,1,2.24,93.9,0,8,67.9,3.1,2.18,5.0,1,1,0
S100964,29,Female,Medium,Bachelor,31.9,0,0,2.47,55.1,0,1,87.1,0.9,3.25,10.0,0,0,1
S100965,24,Female,Medium,None,5.8,1,1,2.83,50.0,1,5,83.3,15.6,2.38,0.0,0,0,1
S100966,24,Female,Medium,Secondary,2.2,0,0,3.7,80.3,0,3,50.4,11.1,2.86,9.0,0,0,1
S100967,21,Male,Medium,Bachelor,14.2,0,1,2.7,46.1,0,2,91.7,7.3,3.84,11.0,0,1,1
S100968,28,Male,Medium,None,9.9,0,1,3.53,47.2,1,8,71.5,15.3,1.54,11.0,0,0,1
S100969,17,Female,Medium,Secondary,2.8,1,1,2.69,69.0,0,4,92.1,24.3,3.02,8.0,1,0,1
S100970,20,Female,Medium,Bachelor,26.2,1,1,3.27,96.3,2,8,100.0,2.5,2.71,2.0,1,2,0
S100971,22,Female,High,Bachelor,16.9,0,1,2.53,52.3,0,7,79.0,9.8,2.72,7.0,0,0,0
S100972,23,Female,Medium,None,61.8,0,0,2.9,59.5,0,6,70.3,13.3,2.17,14.0,0,1,1
S100973,23,Female,Low,None,4.8,0,1,2.43,66.7,0,5,100.0,1.8,2.53,6.0,0,1,1
S100974,18,Female,Low,Secondary,22.7,0,1,3.72,57.9,1,2,67.4,2.4,2.79,17.0,0,0,1
S100975,19,Female,Low,Bachelor,28.7,0,0,2.65,38.5,1,5,100.0,14.8,2.67,11.0,0,0,0
S100976,18,Female,Medium,Secondary,25.3,1,1,2.23,77.0,0,8,73.0,9.7,3.29,7.0,1,0,0
S100977,24,Female,Medium,Bachelor,13.5,0,0,2.19,67.8,0,1,70.6,6.5,2.03,9.0,1,0,1
S100978,21,Female,Low,Bachelor,26.8,0,0,2.96,70.5,0,7,100.0,1.8,1.82,9.0,1,0,0
S100979,24,Female,High,Postgraduate,8.6,0,0,2.77,62.9,1,4,85.4,11.6,1.4,6.0,0,0,1
S100980,24,Female,Low,Secondary,7.7,0,0,3.32,87.7,0,4,100.0,3.0,2.9,6.0,0,1,0
S100981,26,Female,Low,Secondary,4.9,1,0,2.88,57.4,0,6,79.6,4.9,3.33,16.0,0,0,0
S100982,24,Female,High,Secondary,18.4,1,1,3.58,48.8,0,7,78.5,5.2,1.98,14.0,0,0,0
S100983,25,Female,Medium,None,85.3,0,0,2.81,90.0,0,2,36.1,8.3,1.92,6.0,0,0,1
S100984,24,Female,Medium,Secondary,12.9,0,1,3.51,32.0,0,6,95.2,4.5,4.12,5.0,0,0,0
S100985,25,Female,High,Bachelor,7.5,0,1,2.52,62.7,0,8,85.8,5.3,3.69,2.0,0,0,0
S100986,25,Female,High,Secondary,0.6,0,0,2.25,63.9,0,2,78.3,14.7,3.73,17.0,1,0,0
S100987,21,Female,Low,None,6.7,0,1,2.59,63.3,0,1,88.9,10.8,3.04,12.0,1,0,0
S100988,20,Male,Medium,Secondary,4.9,0,0,2.44,41.7,1,3,80.6,10.1,3.29,13.0,1,0,0
S100989,27,Female,Medium,Postgraduate,26.4,1,1,2.38,47.2,0,3,65.8,12.2,2.6,6.0,1,0,0
S100990,21,Female,Low,Secondary,13.2,0,0,3.21,79.4,0,4,85.4,4.7,1.8,6.0,1,0,1
S100991,24,Male,High,Bachelor,2.4,0,0,2.87,85.8,0,1,77.1,11.8,1.84,4.0,0,0,0
S100992,19,Female,Medium,Bachelor,15.0,0,0,3.07,58.7,0,5,91.1,12.1,2.8,0.0,1,0,0
S100993,22,Female,High,Secondary,12.5,0,1,3.26,51.0,0,3,75.8,4.9,3.45,5.0,0,0,1
S100994,23,Male,Medium,Bachelor,0.5,0,0,2.16,38.2,0,5,73.0,13.0,2.68,9.0,0,0,0
S100995,25,Female,Medium,Secondary,1.5,1,0,3.28,79.1,2,3,71.8,11.2,3.23,9.0,0,0,0
S100996,23,Female,Low,Secondary,26.7,0,1,2.4,80.0,0,8,66.7,11.3,2.74,6.0,1,0,1
S100997,21,Female,High,Secondary,1.3,1,0,2.71,22.8,0,4,72.2,18.3,3.01,11.0,0,0,0
S100998,29,Male,Medium,None,2.2,0,1,2.05,28.6,0,8,86.5,10.6,3.34,5.0,1,0,0
S100999,23,Female,Low,Bachelor,13.2,0,1,3.33,67.1,0,7,68.8,5.4,3.73,11.0,0,0,1
S101000,27,Female,Low,Bachelor,34.3,1,0,2.16,69.0,1,6,62.4,10.7,3.0,11.0,1,0,0
S101001,26,Female,Medium,Secondary,4.6,0,0,2.4,57.8,1,3,91.8,10.1,4.16,11.0,0,0,0
S101002,24,Male,Low,Bachelor,11.2,0,0,2.44,64.5,1,7,77.9,4.5,2.64,8.0,0,0,1
S101003,28,Female,Medium,Secondary,17.2,1,1,2.94,61.3,0,2,91.5,0.0,3.73,5.0,0,0,0
S101004,18,Female,Medium,None,5.7,0,1,2.92,65.4,0,7,76.7,9.7,3.21,3.0,0,1,0
S101005,28,Female,Low,Bachelor,22.0,0,0,3.41,51.5,0,2,71.4,14.7,1.52,0.0,1,0,1
S101006,28,Female,Medium,None,25.7,1,1,2.95,64.8,0,5,53.9,14.8,3.79,11.0,0,0,0
S101007,23,Female,Low,Bachelor,12.6,0,0,3.48,54.9,0,1,63.1,11.4,2.16,1.0,1,0,1
S101008,26,Female,High,Secondary,47.5,0,0,3.19,53.6,2,5,66.9,17.9,2.63,7.0,1,0,0
S101009,23,Male,High,Bachelor,2.3,0,0,2.53,37.0,0,2,84.2,10.9,3.41,9.0,0,0,0
S101010,20,Female,Low,Secondary,22.5,0,1,2.67,62.4,2,7,78.4,9.0,2.28,4.0,1,0,1
S101011,27,Female,Medium,Secondary,5.0,0,0,3.76,77.0,0,3,64.6,11.0,2.75,8.0,0,0,0
S101012,20,Female,Medium,Bachelor,30.4,0,1,3.61,60.1,0,8,38.3,6.3,3.26,9.0,0,1,0
S101013,21,Female,High,Secondary,11.4,0,0,3.41,59.7,0,2,86.9,3.7,2.22,7.0,0,0,0
S101014,23,Female,Medium,Secondary,14.8,1,1,3.48,83.8,1,7,93.2,5.1,2.63,10.0,0,0,0
S101015,27,Female,Medium,Bachelor,1.4,0,1,3.23,80.4,1,1,94.5,7.6,2.55,6.0,0,0,0
S101016,21,Female,High,Secondary,16.0,0,0,3.17,91.0,0,5,65.5,14.3,3.47,7.0,1,0,0
S101017,23,Male,Low,None,3.0,1,0,3.02,98.9,0,8,95.4,2.8,3.9,4.0,0,1,0
S101018,17,Female,Medium,Secondary,26.0,1,1,3.85,65.9,0,2,88.5,5.1,2.03,7.0,1,0,1
S101019,18,Female,Low,Bachelor,15.0,1,0,2.77,47.6,0,1,88.4,14.0,2.85,8.0,1,0,0
S101020,17,Female,Medium,Bachelor,4.0,0,0,3.12,57.2,0,5,70.9,8.2,2.43,4.0,1,0,0
S101021,17,Female,Medium,Bachelor,11.5,0,1,2.15,73.6,0,6,78.0,9.0,2.82,10.0,1,1,0
S101022,28,Male,High,Secondary,24.4,1,0,2.28,86.6,2,3,100.0,8.1,4.04,0.0,0,0,1
S101023,27,Male,Medium,Secondary,9.8,0,1,3.91,49.3,1,3,100.0,19.7,3.07,12.0,1,2,1
S101024,27,Female,Low,Secondary,34.1,0,0,3.31,68.8,0,5,79.3,12.8,2.41,2.0,0,0,1
S101025,17,Female,High,None,9.7,0,0,2.89,53.1,0,5,82.9,11.3,1.84,12.0,0,0,0
S101026,18,Male,High,Bachelor,0.1,1,1,3.04,62.8,1,3,47.1,11.0,3.5,10.0,1,1,1
S101027,20,Male,Medium,None,16.6,0,1,2.32,62.6,1,1,98.1,12.0,2.48,12.0,1,0,0
S101028,24,Female,Medium,Bachelor,4.5,0,0,2.79,70.7,2,4,91.2,19.2,2.26,3.0,0,0,0
S101029,21,Female,Low,Bachelor,22.5,0,0,2.27,95.5,1,1,85.2,8.1,3.01,7.0,1,2,0
S101030,23,Male,Medium,Bachelor,6.9,1,0,2.85,72.1,0,7,71.0,10.8,3.21,9.0,1,0,0
S101031,19,Male,Low,None,37.1,0,0,3.34,58.6,0,3,81.0,10.1,2.54,10.0,0,1,1
S101032,26,Female,Low,Secondary,4.8,0,1,3.23,56.1,1,1,100.0,14.5,2.14,11.0,1,1,1
S101033,21,Male,High,Postgraduate,20.3,1,0,3.79,62.1,0,6,85.4,18.5,3.76,11.0,0,0,0
S101034,17,Female,Medium,Bachelor,18.8,0,1,3.15,51.9,0,6,100.0,7.1,3.28,10.0,1,1,1
S101035,26,Female,Low,Secondary,4.8,0,0,1.76,67.1,0,8,92.2,12.3,3.49,10.0,0,0,0
S101036,28,Male,Low,Bachelor,20.2,0,0,3.98,28.8,0,7,66.2,10.9,2.55,11.0,1,0,1
S101037,17,Female,High,Postgraduate,1.4,0,1,2.58,61.8,0,4,73.8,3.0,2.22,8.0,1,1,0
S101038,22,Male,Low,Secondary,6.5,0,1,3.08,63.0,1,3,69.4,14.9,2.43,13.0,0,0,0
S101039,27,Male,Low,Postgraduate,28.2,0,0,3.05,47.6,1,6,92.9,17.8,1.73,8.0,1,1,0
S101040,26,Female,Low,None,1.6,0,0,3.12,59.3,0,2,97.3,14.1,2.57,1.0,0,0,0
S101041,28,Female,Low,Postgraduate,16.3,1,0,3.02,81.8,1,5,100.0,6.8,2.33,13.0,0,0,0
S101042,22,Female,Low,Secondary,1.2,0,0,3.03,82.9,0,3,75.0,3.2,2.75,10.0,1,0,0
S101043,21,Male,High,Secondary,6.7,0,1,2.34,57.0,1,8,87.0,13.2,2.83,7.0,0,0,1
S101044,26,Male,Low,None,17.4,0,0,4.0,72.9,0,2,99.2,4.6,2.86,8.0,1,0,0
S101045,18,Female,Medium,Bachelor,2.5,1,0,3.33,42.5,1,5,100.0,5.1,2.39,14.0,0,1,0
S101046,20,Female,Medium,Postgraduate,15.4,0,0,3.03,60.6,0,3,61.5,11.0,1.97,8.0,1,0,1
S101047,24,Female,Medium,Secondary,0.7,0,1,3.92,68.5,0,3,89.3,13.7,1.79,14.0,1,0,0
S101048,25,Male,Medium,Secondary,0.2,0,0,2.46,87.9,0,6,62.1,8.3,2.94,10.0,1,0,0
S101049,18,Female,Medium,Secondary,6.2,1,1,3.43,82.9,0,6,71.0,9.0,2.89,7.0,0,0,0
S101050,23,Female,Medium,Secondary,0.1,1,0,2.72,68.1,0,7,60.4,9.4,1.83,3.0,0,0,1
S101051,21,Female,Medium,Bachelor,10.9,0,0,3.2,51.3,0,7,70.7,5.4,3.8,8.0,0,0,0
S101052,23,Male,Medium,None,7.1,0,0,3.21,85.4,1,8,58.3,8.1,3.38,13.0,0,4,1
S101053,29,Female,Medium,Postgraduate,4.0,0,1,1.83,59.9,2,7,62.3,1.9,2.08,6.0,1,1,1
S101054,17,Male,Medium,Postgraduate,5.7,0,0,2.28,71.7,0,1,66.4,13.7,2.99,9.0,1,0,0
S101055,29,Female,Low,None,5.5,0,1,3.79,63.2,1,7,84.5,23.9,2.7,14.0,0,0,1
S101056,22,Female,Medium,Secondary,1.2,0,0,2.87,94.9,0,8,80.5,10.3,2.98,1.0,0,0,0
S101057,27,Female,Medium,Postgraduate,2.7,0,1,4.0,55.8,0,1,55.3,16.0,2.92,10.0,0,2,1
S101058,22,Female,Low,Bachelor,4.1,0,0,3.66,78.7,0,7,100.0,8.7,3.27,10.0,0,0,1
S101059,21,Female,High,Bachelor,7.9,1,0,2.89,63.7,1,4,72.7,3.3,3.84,9.0,0,0,0
S101060,27,Female,Low,None,21.0,0,1,2.85,73.5,0,3,60.1,21.3,3.01,1.0,1,0,1
S101061,25,Female,Low,None,27.2,1,0,3.82,89.3,0,4,88.7,5.8,3.17,5.0,0,1,0
S101062,18,Female,High,Bachelor,8.9,0,0,4.0,34.9,1,4,79.9,14.7,3.83,0.0,0,0,0
S101063,26,Male,Low,Secondary,5.5,0,1,2.86,64.0,0,8,67.8,11.1,2.42,3.0,1,0,0
S101064,26,Female,Medium,Bachelor,5.9,1,1,3.77,51.6,2,8,85.9,15.9,2.15,11.0,0,0,0
S101065,22,Female,Medium,Bachelor,15.3,0,1,3.52,71.7,0,2,69.9,9.7,3.27,7.0,1,0,0
S101066,29,Female,High,Secondary,3.7,0,0,3.6,75.4,2,8,75.6,4.2,1.94,11.0,1,2,0
S101067,25,Female,Medium,None,32.6,0,1,3.05,57.9,0,4,100.0,6.7,2.23,11.0,1,0,0
S101068,21,Female,Medium,Secondary,30.6,1,1,2.66,57.2,0,7,81.9,21.8,3.85,4.0,1,1,0
S101069,17,Male,Medium,Bachelor,59.1,0,1,2.47,68.1,0,6,89.2,11.6,1.6,9.0,0,0,0
S101070,25,Female,Medium,Secondary,4.0,0,1,2.35,45.9,0,6,72.2,20.9,3.01,2.0,1,1,1
S101071,19,Male,High,None,25.1,0,1,3.96,70.0,0,1,82.3,8.2,1.79,9.0,1,0,1
S101072,26,Male,High,Postgraduate,73.1,0,1,3.01,52.7,1,4,68.4,13.6,3.09,10.0,1,2,0
S101073,23,Female,Medium,Bachelor,10.1,0,0,2.43,76.0,1,8,67.8,3.6,4.08,7.0,0,0,0
S101074,23,Male,High,Secondary,11.3,1,0,3.5,45.2,0,3,73.8,10.1,2.09,1.0,0,0,1
S101075,19,Male,Medium,Bachelor,0.1,0,0,2.76,56.5,1,6,69.6,21.1,1.33,2.0,0,0,0
S101076,26,Female,Low,Secondary,49.8,0,0,2.67,53.7,0,3,95.6,6.1,3.05,18.0,1,2,1
S101077,19,Male,Low,Postgraduate,8.8,0,1,4.0,60.5,0,2,88.7,6.5,2.36,10.0,0,0,0
S101078,22,Female,Medium,Bachelor,105.9,1,0,2.33,85.6,0,4,45.6,14.1,2.67,7.0,1,0,0
S101079,27,Male,Low,Secondary,1.1,0,0,3.12,77.7,0,6,100.0,10.6,3.06,12.0,1,0,0
S101080,28,Female,Medium,Secondary,19.5,0,1,2.7,57.8,2,8,89.6,19.5,3.19,14.0,1,1,0
S101081,29,Female,Medium,Secondary,1.0,0,1,2.62,57.8,0,6,97.2,8.8,3.2,13.0,0,0,0
S101082,29,Female,Medium,Bachelor,7.3,0,0,2.27,78.3,0,4,77.4,10.3,2.78,7.0,0,1,0
S101083,24,Female,Low,Bachelor,13.8,0,0,3.03,47.5,1,1,57.6,11.6,3.11,7.0,1,0,0
S101084,19,Female,High,Secondary,16.8,0,0,2.56,65.3,0,7,60.1,4.6,2.67,11.0,0,0,0
S101085,27,Female,Medium,Postgraduate,4.0,0,0,3.3,55.9,0,8,100.0,3.5,2.57,7.0,1,0,0
S101086,27,Male,Low,Secondary,8.2,0,0,2.98,62.4,1,5,55.6,3.1,2.79,13.0,1,1,1
S101087,29,Female,Medium,Bachelor,11.9,0,0,2.84,77.1,0,5,58.3,0.0,3.2,8.0,0,0,1
S101088,25,Female,Medium,Bachelor,11.3,0,1,2.57,55.0,0,7,73.5,9.6,2.35,11.0,0,1,1
S101089,18,Male,Medium,Secondary,8.1,1,0,3.72,79.6,0,5,59.2,3.5,2.95,12.0,0,0,1
S101090,23,Female,Medium,None,1.5,0,0,3.37,98.0,0,2,88.0,7.3,2.48,3.0,1,3,1
S101091,22,Male,Low,Bachelor,26.9,0,1,2.66,74.1,0,6,89.2,15.1,2.28,9.0,1,0,0
S101092,27,Female,High,Bachelor,1.5,1,0,2.32,63.7,0,2,86.2,5.3,3.54,13.0,0,1,0
S101093,22,Male,Medium,None,32.4,0,0,2.06,82.4,0,2,70.8,13.4,3.06,5.0,1,1,0
S101094,21,Male,Low,Bachelor,62.9,0,0,3.57,48.4,0,2,84.3,2.1,3.07,6.0,1,1,1
S101095,18,Female,Medium,Secondary,2.7,0,0,3.45,87.8,1,5,100.0,6.6,2.14,13.0,0,1,1
S101096,27,Female,Medium,Secondary,9.4,1,0,3.52,53.7,0,2,58.5,18.7,2.63,14.0,0,0,0
S101097,26,Female,Medium,Bachelor,1.5,0,0,2.94,97.5,0,3,96.8,7.9,3.22,0.0,1,2,0
S101098,17,Female,Medium,Secondary,18.6,0,0,3.4,54.2,0,7,92.1,16.4,3.06,13.0,0,0,1
S101099,22,Female,Medium,Bachelor,8.3,1,1,3.51,74.9,0,8,78.4,21.8,4.6,0.0,1,2,0
S101100,23,Male,Medium,Bachelor,24.3,0,1,2.97,41.6,1,3,82.5,7.9,2.95,8.0,0,1,0
S101101,23,Male,Low,None,2.8,0,0,2.82,61.8,1,8,85.4,6.7,2.33,2.0,1,0,1
S101102,28,Female,Low,Secondary,4.6,0,1,2.51,48.8,2,3,65.4,0.0,2.5,6.0,1,0,0
S101103,18,Male,High,Secondary,21.6,0,0,3.21,43.4,0,7,55.5,11.5,2.2,8.0,1,0,0
S101104,20,Female,Medium,Secondary,1.3,0,0,3.28,83.1,0,1,93.6,11.9,2.35,10.0,1,0,1
S101105,19,Male,Medium,Bachelor,6.1,0,0,2.8,46.6,0,2,61.3,13.9,2.87,14.0,0,0,1
S101106,20,Male,Low,None,11.0,0,0,2.86,54.0,0,3,63.6,17.0,2.48,3.0,0,0,1
S101107,28,Male,Medium,Postgraduate,6.7,0,0,2.89,52.2,1,4,72.3,4.9,3.74,13.0,1,1,0
S101108,29,Male,Low,Secondary,17.4,0,1,3.4,82.1,1,5,84.3,19.4,3.42,7.0,1,0,0
S101109,17,Male,Low,Secondary,7.6,1,0,2.31,80.3,0,8,72.5,8.6,3.4,7.0,0,0,1
S101110,25,Female,Low,Postgraduate,8.2,0,0,2.45,84.1,0,1,69.1,11.8,2.62,15.0,1,1,0
S101111,20,Male,Medium,Secondary,22.4,0,0,2.46,53.2,0,3,94.3,9.7,3.44,11.0,1,0,0
S101112,19,Female,Medium,Bachelor,46.1,0,1,2.93,85.2,0,4,75.0,6.1,3.52,1.0,0,1,1
S101113,20,Female,Low,Bachelor,0.6,0,0,3.16,53.1,1,3,68.0,4.0,3.92,8.0,1,0,0
S101114,19,Female,Low,Bachelor,25.9,0,1,2.47,53.7,0,4,85.9,11.1,2.42,5.0,1,1,0
S101115,23,Female,Medium,None,19.1,1,0,3.45,54.5,0,2,80.9,5.2,2.81,6.0,0,1,0
S101116,29,Male,Medium,None,33.1,0,1,3.73,55.1,1,4,80.4,8.9,2.27,7.0,0,0,1
S101117,24,Male,Medium,Postgraduate,3.1,0,0,3.21,63.6,0,1,86.7,7.9,4.65,10.0,0,0,1
S101118,26,Male,Low,None,19.6,1,0,3.56,52.4,1,2,77.9,8.2,2.66,3.0,1,0,0
S101119,23,Female,Medium,Bachelor,7.6,0,0,2.54,68.5,0,1,92.7,1.0,3.69,7.0,0,1,0
S101120,17,Female,High,Bachelor,12.2,1,0,2.55,25.9,0,5,58.6,0.0,2.91,6.0,0,0,0
S101121,18,Male,Medium,Bachelor,2.9,0,0,3.26,68.4,0,2,98.6,14.2,3.42,10.0,0,0,0
S101122,20,Female,Low,Bachelor,7.5,0,0,2.98,48.7,0,7,66.3,15.6,2.79,8.0,0,0,1
S101123,20,Female,Medium,Postgraduate,28.6,0,1,2.55,55.0,0,4,55.5,0.0,3.45,12.0,0,0,0
S101124,27,Female,Low,None,26.2,0,1,3.71,55.3,1,3,68.2,12.1,2.99,9.0,0,0,1
S101125,27,Female,Low,Bachelor,8.0,1,0,3.15,79.1,0,5,74.8,11.1,3.99,10.0,1,0,0
S101126,28,Female,Low,Bachelor,26.6,0,1,3.35,72.6,0,1,69.0,3.4,3.01,9.0,0,0,0
S101127,25,Female,High,Secondary,22.0,0,1,2.66,62.5,0,5,65.5,14.5,2.29,3.0,0,1,0
S101128,24,Female,Medium,Bachelor,11.9,1,1,3.84,54.3,1,5,95.2,15.7,3.16,7.0,1,0,0
S101129,25,Male,High,Secondary,23.0,0,0,2.92,76.7,0,4,66.9,15.3,2.81,5.0,0,0,1
S101130,22,Male,Medium,Secondary,28.9,0,0,3.51,91.9,1,6,46.1,18.7,2.11,11.0,1,0,1
S101131,25,Female,Medium,Bachelor,0.6,0,1,2.71,64.6,0,7,74.7,15.0,3.07,11.0,1,0,0
S101132,27,Female,Low,Postgraduate,9.1,0,1,3.08,41.0,1,6,100.0,5.8,2.37,8.0,0,0,0
S101133,26,Female,Medium,None,3.6,1,1,3.28,54.5,0,7,64.0,10.1,2.63,9.0,0,0,1
S101134,24,Female,Low,Bachelor,8.1,0,1,4.0,73.4,0,4,66.5,11.9,2.83,2.0,0,1,1
S101135,17,Male,Medium,Secondary,11.4,0,1,2.78,58.4,0,4,73.9,17.6,1.38,6.0,1,0,0
S101136,26,Female,Low,None,5.8,0,1,3.1,52.1,1,1,100.0,8.7,2.5,0.0,0,0,0
S101137,21,Male,Medium,Secondary,25.0,0,0,3.3,51.5,0,5,74.6,6.8,3.45,11.0,0,0,0
S101138,26,Female,Medium,Bachelor,0.3,0,0,2.29,66.4,1,8,64.7,1.7,2.67,17.0,1,0,0
S101139,24,Female,Low,None,25.9,0,1,1.91,42.0,0,8,85.4,14.4,1.47,6.0,1,1,1
S101140,28,Male,Low,None,25.5,0,1,2.5,64.5,1,1,84.3,11.0,2.74,9.0,1,0,1
S101141,21,Male,High,Bachelor,8.7,0,0,3.48,66.3,0,2,87.3,5.7,3.14,10.0,0,2,0
S101142,29,Female,Low,Secondary,5.3,0,0,3.86,58.3,0,8,64.1,13.9,2.59,3.0,1,0,1
S101143,27,Male,Low,None,52.2,0,1,2.54,49.4,0,3,71.5,8.3,2.61,7.0,0,1,1
S101144,21,Male,Low,Secondary,3.0,0,0,2.39,80.3,0,5,96.9,3.4,2.49,10.0,1,0,1
S101145,23,Female,Medium,Bachelor,1.1,0,1,3.77,45.0,1,5,86.1,16.7,3.23,9.0,1,0,0
S101146,23,Male,Medium,Bachelor,6.6,1,0,2.72,67.6,1,4,92.1,0.0,2.22,8.0,1,0,0
S101147,26,Male,Low,Bachelor,7.6,0,0,2.81,75.9,1,4,79.2,10.7,3.18,7.0,1,0,0
S101148,25,Male,Medium,None,22.6,0,1,3.73,67.4,0,7,95.8,9.4,2.61,5.0,0,0,1
S101149,28,Female,Medium,Secondary,5.3,1,1,3.65,83.5,1,5,84.4,1.8,3.68,11.0,0,0,0
S101150,21,Male,Low,Bachelor,20.3,0,0,3.47,48.0,0,8,72.1,11.6,2.46,15.0,1,0,0
S101151,23,Male,High,Secondary,2.8,0,0,2.14,53.1,0,1,91.2,6.5,2.02,0.0,1,1,0
S101152,22,Male,High,Secondary,4.1,1,0,2.37,58.1,0,1,66.9,18.4,3.23,0.0,0,0,0
S101153,28,Male,Low,Secondary,6.4,0,0,3.56,100.0,1,4,100.0,15.0,3.14,3.0,0,0,1
S101154,20,Male,Low,Secondary,14.0,0,1,3.16,72.6,0,6,95.1,11.1,3.09,6.0,0,0,0
S101155,24,Male,Low,Secondary,14.5,0,0,2.61,75.4,0,8,75.6,0.0,3.39,7.0,1,0,0
S101156,18,Male,Low,Postgraduate,12.6,0,1,2.83,74.8,0,8,77.2,7.2,2.1,9.0,0,0,1
S101157,28,Female,Medium,Secondary,9.9,0,1,3.56,66.2,0,8,82.0,6.8,2.25,8.0,1,0,1
S101158,21,Female,Medium,Bachelor,40.7,0,0,3.76,80.7,1,4,77.4,16.1,3.72,7.0,0,0,0
S101159,21,Male,Medium,None,8.1,0,0,3.0,36.9,0,6,99.8,10.9,3.1,13.0,1,0,0
S101160,24,Male,Low,Bachelor,0.6,0,1,2.66,69.2,1,3,71.9,11.6,2.48,4.0,0,1,1
S101161,23,Female,Low,Bachelor,4.7,0,0,2.86,71.4,0,8,57.5,15.1,1.57,12.0,0,1,1
S101162,28,Female,High,Postgraduate,6.5,0,1,3.67,80.3,1,7,76.1,18.2,1.93,16.0,1,0,0
S101163,23,Female,High,Secondary,1.0,0,0,3.66,47.7,0,7,91.3,17.3,2.13,2.0,1,0,0
S101164,23,Male,Low,Bachelor,14.4,0,0,3.1,48.8,0,6,95.2,12.7,2.41,0.0,0,0,0
S101165,18,Female,Medium,Secondary,15.8,0,0,2.74,49.7,0,2,81.7,8.6,3.01,9.0,1,0,0
S101166,17,Male,Medium,Bachelor,14.5,0,0,3.54,72.8,1,6,70.5,12.2,1.84,11.0,1,1,1
S101167,22,Male,Medium,Postgraduate,11.7,1,1,3.81,73.0,1,6,79.3,9.8,2.43,8.0,1,2,0
S101168,29,Male,Medium,Bachelor,2.2,1,1,2.27,50.8,0,3,70.2,13.9,1.92,0.0,0,0,0
S101169,28,Female,High,Bachelor,13.0,0,0,2.88,93.7,0,8,45.4,7.2,2.51,1.0,0,2,0
S101170,25,Male,Low,Bachelor,3.8,0,0,3.58,69.3,1,3,67.2,14.5,4.47,6.0,0,2,0
S101171,25,Female,Low,Postgraduate,41.2,1,0,3.04,66.9,0,6,87.7,10.2,3.63,10.0,1,0,0
S101172,22,Male,High,Secondary,4.3,0,1,2.76,61.9,0,8,75.9,11.9,3.2,7.0,0,0,0
S101173,19,Male,Low,Secondary,1.3,1,1,3.09,79.0,0,7,75.4,4.0,2.43,9.0,1,0,0
S101174,17,Female,Low,Bachelor,8.9,1,1,3.19,70.8,0,7,96.6,8.6,2.05,9.0,1,0,0
S101175,21,Female,Medium,Postgraduate,2.9,1,1,2.44,93.3,1,6,65.5,12.2,2.74,12.0,0,0,0
S101176,21,Male,Medium,Secondary,44.5,0,0,3.05,46.8,0,1,67.0,9.1,1.71,3.0,0,0,0
S101177,19,Female,Medium,Secondary,21.6,0,0,3.18,41.8,0,1,85.0,0.0,3.25,8.0,0,0,0
S101178,20,Male,Medium,Secondary,34.6,0,0,2.75,53.9,0,6,69.3,3.8,2.66,14.0,0,0,0
S101179,17,Male,Medium,None,27.8,0,1,2.61,73.3,2,1,69.2,11.7,2.78,5.0,0,2,0
S101180,24,Female,Low,Secondary,1.8,1,0,2.73,58.6,2,6,100.0,17.5,1.64,5.0,0,1,0
S101181,29,Male,Medium,None,9.0,1,1,2.51,84.1,0,6,63.9,8.8,2.83,8.0,1,0,1
S101182,25,Female,Medium,None,0.7,0,0,3.43,59.1,0,2,69.0,7.6,2.63,4.0,1,0,1
S101183,22,Female,High,Bachelor,9.5,0,0,2.51,81.2,2,3,86.6,15.3,2.13,3.0,0,0,0
S101184,22,Male,Low,Secondary,24.0,1,0,3.09,52.5,0,7,79.3,10.1,2.96,7.0,0,1,0
S101185,20,Male,Low,Secondary,28.6,1,1,2.81,82.7,1,4,59.4,13.7,2.52,7.0,1,1,0
S101186,18,Male,Medium,Secondary,3.5,1,0,2.65,85.5,1,6,100.0,8.5,3.01,11.0,1,0,0
S101187,24,Female,Low,Secondary,13.6,0,1,3.69,56.5,0,3,68.1,8.0,3.23,4.0,0,0,1
S101188,24,Female,Low,Secondary,0.0,1,1,2.93,72.3,0,2,76.3,14.1,2.04,8.0,0,0,1
S101189,17,Male,High,Secondary,6.4,0,0,2.67,69.0,0,2,86.6,13.4,2.87,13.0,0,0,1
S101190,22,Male,Medium,None,9.4,0,1,2.62,72.8,0,2,100.0,8.4,2.86,13.0,0,0,0
S101191,20,Female,Low,Bachelor,21.3,0,0,3.17,84.3,0,3,73.9,4.4,3.67,8.0,1,0,1
S101192,19,Male,Low,None,1.8,0,1,3.41,79.6,2,6,66.2,1.7,3.39,9.0,0,2,1
S101193,26,Female,Low,Secondary,11.2,1,0,3.64,72.7,0,4,87.5,2.3,2.56,4.0,0,1,0
S101194,23,Female,Medium,Secondary,0.0,0,1,2.92,74.9,0,4,100.0,6.8,2.5,9.0,0,0,0
S101195,25,Female,Medium,Secondary,21.4,0,0,2.89,46.0,1,3,82.0,11.6,2.9,14.0,1,2,0
S101196,26,Male,Low,Secondary,20.3,0,0,3.07,64.4,0,5,75.7,1.7,2.01,13.0,0,0,0
S101197,29,Male,Medium,Secondary,4.4,1,1,3.08,48.5,0,8,85.9,2.0,2.12,8.0,0,1,0
S101198,27,Male,Low,Secondary,12.0,0,0,2.61,64.7,1,7,48.9,11.9,2.47,9.0,0,0,1
S101199,25,Female,Low,None,25.4,0,1,3.73,81.8,0,8,70.8,17.8,1.13,5.0,1,0,1
S101200,28,Female,Low,Bachelor,6.0,0,0,3.01,64.9,1,4,52.6,15.4,2.11,4.0,1,0,0
S101201,23,Male,Medium,Secondary,4.0,0,0,3.27,27.4,0,1,74.6,0.8,2.57,7.0,1,0,0
S101202,29,Female,Low,None,7.7,0,0,3.21,49.3,1,3,72.3,12.0,4.73,9.0,1,0,0
S101203,26,Female,Low,Secondary,26.2,0,1,3.2,73.7,0,2,40.4,14.8,2.35,11.0,1,0,1
S101204,25,Male,Medium,None,40.6,0,0,2.5,56.9,1,5,82.7,7.5,3.26,8.0,0,0,1
S101205,28,Male,Medium,Bachelor,65.3,1,0,3.0,76.8,1,1,89.3,8.8,2.66,10.0,1,0,0
S101206,23,Male,Low,None,0.3,1,0,4.0,46.9,0,4,77.1,11.7,3.11,0.0,1,0,0
S101207,26,Female,Low,Secondary,2.3,0,0,3.79,70.7,0,5,57.1,12.4,2.04,9.0,0,1,0
S101208,20,Female,Low,Postgraduate,7.9,0,1,3.08,71.5,2,4,99.0,11.9,1.72,6.0,0,0,1
S101209,29,Female,Medium,Secondary,12.7,0,1,2.82,76.8,2,5,100.0,13.6,3.76,3.0,0,1,0
S101210,25,Female,Medium,Secondary,4.3,0,1,1.89,55.2,1,5,86.0,11.1,1.87,10.0,1,0,1
S101211,27,Female,Low,Bachelor,16.4,0,0,2.75,76.7,2,2,74.7,6.9,3.84,14.0,1,0,0
S101212,22,Female,Medium,Postgraduate,5.3,1,0,2.96,87.6,0,2,74.9,7.8,2.54,8.0,1,0,0
S101213,28,Female,Medium,Secondary,11.7,1,1,2.84,30.9,0,6,86.5,6.1,2.22,12.0,0,0,0
S101214,17,Female,Low,Bachelor,0.7,0,1,2.88,65.8,0,4,81.4,7.7,2.44,6.0,0,1,0
S101215,18,Female,Low,Secondary,15.2,1,0,3.31,37.9,0,3,86.5,12.8,3.92,16.0,0,0,0
S101216,23,Female,Low,Bachelor,14.0,1,1,2.5,52.1,0,5,86.7,6.1,2.31,2.0,0,0,0
S101217,26,Female,Low,Secondary,12.8,0,0,3.14,53.3,1,4,68.9,15.3,2.53,8.0,0,1,1
S101218,27,Female,Medium,Bachelor,20.6,1,0,2.94,64.0,1,6,67.7,5.1,3.48,11.0,0,0,1
S101219,22,Female,Low,None,5.6,1,0,2.56,70.7,0,6,75.8,11.0,3.13,8.0,1,0,1
S101220,25,Female,High,Secondary,10.3,1,0,3.84,78.6,0,1,87.0,14.2,4.25,14.0,1,0,0
S101221,24,Female,Medium,Secondary,12.8,1,0,3.37,69.0,1,1,56.6,12.2,3.62,0.0,0,0,0
S101222,29,Female,Medium,Bachelor,43.8,0,0,2.61,75.1,1,6,76.6,0.8,2.31,8.0,0,0,0
S101223,25,Female,Medium,Bachelor,16.4,0,0,3.26,48.8,0,8,79.5,10.7,3.71,7.0,0,0,0
S101224,22,Female,Medium,Bachelor,20.3,1,0,2.31,80.8,1,6,72.7,6.3,1.45,8.0,0,0,0
S101225,29,Female,High,Postgraduate,6.6,0,0,2.67,20.0,0,1,100.0,3.4,3.34,2.0,0,1,0
S101226,18,Female,High,Secondary,13.4,0,0,3.66,87.9,0,7,98.5,11.1,2.34,7.0,0,0,0
S101227,29,Male,Medium,Bachelor,11.8,0,1,3.18,85.2,0,5,86.2,3.8,3.22,7.0,1,0,1
S101228,19,Female,Low,None,28.7,0,1,3.14,76.3,1,1,100.0,11.2,4.17,9.0,0,0,0
S101229,20,Female,Medium,Postgraduate,4.7,0,0,3.49,98.4,0,8,93.2,17.3,1.63,12.0,1,0,0
S101230,27,Female,Low,Bachelor,6.3,1,0,3.31,37.9,0,1,82.0,11.5,3.45,8.0,1,2,0
S101231,26,Female,Medium,Secondary,1.0,0,0,2.87,76.7,0,8,72.8,8.8,3.39,10.0,0,0,0
S101232,29,Female,Medium,Secondary,8.9,0,0,3.47,67.0,1,7,74.1,9.2,3.26,13.0,0,1,0
S101233,26,Female,Medium,Bachelor,60.5,0,0,2.16,68.7,1,6,85.7,14.6,2.11,13.0,1,2,0
S101234,25,Male,Medium,Bachelor,21.0,0,0,2.67,47.5,0,8,74.4,8.5,2.74,0.0,1,0,0
S101235,21,Female,Low,Bachelor,8.2,1,0,2.95,70.9,0,6,57.2,7.7,2.13,11.0,1,0,1
S101236,17,Male,Medium,Secondary,0.9,1,1,3.27,70.2,1,1,74.3,5.3,3.1,11.0,0,0,0
S101237,18,Female,Low,Secondary,4.1,1,0,2.84,54.7,0,5,95.4,5.5,1.89,7.0,1,1,0
S101238,20,Female,Medium,Postgraduate,4.8,0,0,2.11,64.0,0,2,41.4,14.5,2.49,6.0,0,0,0
S101239,17,Female,Medium,Bachelor,35.7,1,0,2.04,45.3,1,2,100.0,7.6,3.24,3.0,0,0,0
S101240,23,Male,Low,Secondary,0.3,0,1,2.97,59.1,0,1,88.6,12.8,2.29,0.0,0,0,0
S101241,27,Male,Medium,Bachelor,10.3,0,1,2.76,79.4,0,4,76.5,13.2,2.52,11.0,0,0,0
S101242,29,Female,Low,Bachelor,3.0,0,1,2.55,79.7,0,6,84.3,5.2,2.17,11.0,1,1,0
S101243,23,Female,Medium,Bachelor,3.4,0,1,2.46,76.5,0,3,94.4,6.0,2.98,8.0,0,0,0
S101244,28,Male,Medium,Bachelor,84.9,0,0,3.07,79.4,0,6,80.5,12.9,2.7,11.0,1,1,1
S101245,29,Female,Medium,Bachelor,3.8,0,0,3.65,79.6,0,8,94.2,10.7,2.29,12.0,0,0,0
S101246,28,Male,Medium,Bachelor,26.4,0,1,3.07,55.3,0,3,92.8,9.1,2.36,1.0,0,1,0
S101247,23,Female,High,Secondary,36.6,1,0,3.66,70.1,0,1,82.6,12.3,2.91,9.0,0,1,0
S101248,21,Male,Medium,Secondary,12.0,0,1,2.81,81.3,0,6,63.3,15.1,2.06,7.0,0,0,0
S101249,29,Male,Medium,Bachelor,90.9,0,0,3.22,44.3,1,5,78.5,9.8,2.77,10.0,1,0,0
S101250,20,Male,Medium,Bachelor,8.5,1,0,3.68,44.2,0,1,49.4,7.2,2.82,9.0,0,0,0
S101251,22,Female,Medium,Secondary,6.0,0,0,2.92,43.4,0,7,86.7,10.6,2.91,11.0,0,0,0
S101252,17,Female,Medium,Bachelor,4.2,0,0,3.01,38.2,0,5,73.7,6.0,2.43,2.0,0,0,0
S101253,27,Female,High,None,7.1,0,1,2.81,49.2,1,1,70.8,10.7,3.22,13.0,0,0,0
S101254,25,Female,Low,Secondary,14.6,0,0,3.3,57.1,0,6,89.8,10.0,3.47,6.0,0,1,0
S101255,18,Male,Low,Bachelor,17.0,0,0,3.45,87.7,2,5,60.9,5.9,3.25,7.0,0,0,1
S101256,19,Male,Low,Postgraduate,8.1,1,0,3.18,58.4,0,1,81.7,8.0,2.95,1.0,1,0,0
S101257,24,Male,Low,Secondary,33.6,0,1,2.89,42.3,0,5,74.9,8.4,1.8,8.0,1,0,1
S101258,24,Female,Medium,Secondary,0.4,0,1,2.25,67.5,0,5,77.3,13.7,3.97,8.0,0,1,0
S101259,27,Male,Low,Secondary,17.3,0,1,2.98,62.2,0,1,84.3,5.6,2.84,8.0,0,1,0
S101260,20,Female,Medium,Secondary,20.1,0,0,2.9,53.3,0,3,100.0,6.0,3.02,5.0,0,1,0
S101261,29,Male,Low,Secondary,28.7,0,0,3.12,56.2,1,6,86.0,8.1,2.31,3.0,0,1,1
S101262,22,Male,Low,Secondary,18.1,1,0,3.06,81.0,1,5,100.0,12.8,2.65,11.0,0,1,0
S101263,27,Male,Medium,Secondary,26.6,0,0,3.79,43.9,0,4,100.0,13.6,3.63,1.0,1,0,0
S101264,20,Male,Medium,Bachelor,4.2,0,0,2.65,40.0,0,5,91.5,11.3,3.35,11.0,0,0,0
S101265,17,Female,Medium,Bachelor,8.2,0,1,2.21,72.0,1,4,52.3,13.6,2.58,15.0,0,0,0
S101266,17,Female,Medium,Bachelor,12.8,0,0,2.43,55.8,0,1,76.4,15.8,3.87,17.0,0,0,0
S101267,21,Male,High,Secondary,10.0,0,0,2.68,88.3,1,1,63.6,10.8,2.09,4.0,1,2,1
S101268,29,Female,Medium,Secondary,3.2,0,0,3.54,62.7,0,6,100.0,6.0,1.62,10.0,1,0,1
S101269,17,Female,Low,Secondary,13.4,0,0,2.35,63.5,0,4,64.9,9.6,1.45,6.0,1,0,1
S101270,21,Female,Low,Postgraduate,59.3,0,0,2.42,76.8,1,7,57.5,3.2,3.36,13.0,0,0,1
S101271,18,Female,High,Secondary,12.0,0,1,3.21,39.9,1,1,38.4,12.0,2.31,10.0,1,2,0
S101272,29,Female,Medium,Bachelor,3.2,1,1,3.42,70.1,0,7,64.5,7.5,2.7,7.0,1,1,0
S101273,25,Female,Medium,Secondary,7.0,0,1,2.23,59.5,0,6,81.8,10.6,3.57,4.0,1,1,0
S101274,26,Female,Medium,Bachelor,9.9,0,1,2.11,80.4,1,7,96.3,9.6,3.03,7.0,0,0,0
S101275,26,Female,Low,Secondary,1.7,0,0,2.61,55.3,1,7,63.9,8.1,1.97,5.0,0,0,1
S101276,25,Female,Medium,Secondary,3.7,0,1,3.33,67.7,0,1,97.6,11.1,3.94,8.0,1,0,0
S101277,27,Male,Medium,Bachelor,27.2,0,1,3.07,59.6,0,2,79.0,9.4,2.6,8.0,0,0,1
S101278,17,Female,High,Secondary,4.8,0,0,2.63,71.2,0,2,72.7,6.8,2.76,6.0,1,0,1
S101279,28,Female,Low,Bachelor,62.6,1,1,3.37,61.2,0,1,82.6,4.5,2.3,5.0,0,0,1
S101280,26,Male,Medium,Secondary,14.2,0,1,3.06,68.9,0,6,100.0,11.8,2.02,11.0,0,0,1
S101281,26,Female,Low,Postgraduate,28.0,0,1,2.95,91.3,1,8,80.8,4.0,2.96,11.0,0,0,1
S101282,22,Female,High,Bachelor,10.0,0,0,2.19,60.7,1,7,63.4,19.0,1.79,5.0,1,0,1
S101283,27,Male,Low,None,71.0,1,0,2.61,71.0,1,4,86.4,16.4,2.74,8.0,0,0,0
S101284,21,Female,Medium,Bachelor,3.8,0,1,3.98,99.3,0,8,86.1,2.1,3.91,5.0,0,0,0
S101285,17,Female,Low,Bachelor,4.5,1,1,2.83,70.8,0,6,77.1,13.1,3.33,18.0,1,0,0
S101286,28,Female,Medium,Bachelor,9.2,0,0,2.52,28.5,1,6,95.3,15.7,2.94,4.0,1,0,0
S101287,20,Male,Medium,Secondary,2.6,0,0,2.81,55.0,0,2,45.7,7.1,2.03,9.0,1,0,1
S101288,18,Male,Low,None,6.2,1,0,3.06,46.9,0,7,85.4,11.8,2.76,10.0,0,0,0
S101289,25,Female,High,Bachelor,4.7,0,0,3.44,78.8,0,2,91.8,9.4,2.24,5.0,0,0,0
S101290,20,Male,High,Secondary,10.8,0,1,3.31,63.6,0,5,58.3,13.4,3.81,5.0,0,0,0
S101291,28,Male,High,Bachelor,3.0,0,0,2.66,81.0,1,3,57.8,7.8,2.47,7.0,1,0,0
S101292,22,Male,Low,Secondary,11.9,1,0,3.64,74.2,0,6,95.0,15.1,2.25,5.0,0,1,1
S101293,17,Male,Medium,Bachelor,5.3,1,1,3.41,74.1,0,6,97.6,9.3,2.65,9.0,1,0,0
S101294,29,Female,Medium,Secondary,1.4,0,0,2.78,46.7,0,5,100.0,8.4,2.25,5.0,0,0,1
S101295,23,Female,Medium,Bachelor,10.5,1,1,2.94,72.6,0,5,69.6,13.2,2.96,9.0,1,0,0
S101296,20,Female,Medium,None,19.3,0,0,3.3,85.5,0,1,83.0,14.5,4.07,0.0,0,0,0
S101297,25,Female,Medium,Secondary,22.6,0,0,3.54,43.3,0,7,85.0,0.0,2.81,5.0,0,0,0
S101298,23,Female,Low,Secondary,6.3,1,1,2.24,60.2,0,6,54.4,0.0,2.15,6.0,1,0,0
S101299,17,Male,Medium,Bachelor,17.0,1,0,3.04,70.3,0,1,82.4,11.7,2.69,12.0,0,0,0
S101300,26,Male,Low,Secondary,3.0,0,0,2.98,66.5,0,5,82.1,6.7,1.91,1.0,0,0,1
S101301,22,Male,Low,Bachelor,6.3,1,0,2.71,86.5,1,5,91.2,3.4,4.81,12.0,0,0,0
S101302,26,Male,Low,None,8.5,0,1,2.71,75.9,0,1,71.4,8.1,4.06,11.0,0,0,1
S101303,28,Male,Low,Bachelor,14.9,1,0,3.53,71.1,0,4,98.8,24.6,3.67,1.0,1,0,0
S101304,24,Male,Medium,Bachelor,32.7,0,0,3.27,77.3,0,1,81.2,3.3,3.33,10.0,1,0,0
S101305,25,Male,Medium,None,24.2,0,0,4.0,76.5,2,2,100.0,14.4,2.68,4.0,1,1,1
S101306,20,Female,Low,None,18.8,1,1,2.72,65.6,0,7,91.2,6.2,2.7,10.0,1,0,1
S101307,20,Female,Medium,Secondary,21.2,0,1,3.07,59.7,0,3,84.2,2.7,2.65,11.0,0,0,1
S101308,22,Female,High,Bachelor,22.0,0,1,3.15,79.9,0,2,62.3,6.9,4.46,11.0,0,0,0
S101309,28,Female,High,Postgraduate,3.0,1,1,3.45,53.9,0,4,60.2,2.9,2.67,6.0,0,1,0
S101310,23,Female,High,None,24.0,0,1,3.68,63.9,3,5,100.0,2.2,2.41,11.0,1,0,0
S101311,21,Male,High,Bachelor,6.2,0,0,3.05,47.6,1,4,93.2,6.4,2.73,14.0,0,0,1
S101312,27,Female,Medium,Bachelor,1.8,0,0,2.45,76.0,0,1,75.7,4.5,3.16,7.0,0,0,0
S101313,28,Male,High,Bachelor,16.8,0,1,2.64,83.5,2,8,73.7,9.3,0.36,7.0,1,1,1
S101314,28,Female,High,Secondary,14.9,0,1,3.07,51.0,1,1,83.3,10.8,3.08,11.0,1,0,0
S101315,20,Male,Low,Postgraduate,32.5,0,1,3.56,62.7,0,3,59.8,6.1,1.02,0.0,1,0,0
S101316,26,Female,High,Secondary,9.2,1,1,2.28,57.8,0,6,73.0,13.1,3.83,4.0,1,0,0
S101317,24,Male,Medium,Bachelor,5.3,0,1,2.41,81.1,0,7,89.2,6.7,1.59,12.0,0,1,0
S101318,22,Female,Medium,Secondary,29.7,1,0,3.38,86.3,1,6,91.2,9.2,2.24,9.0,1,1,1
S101319,22,Female,High,Bachelor,1.6,1,1,2.35,57.8,0,5,74.5,0.0,1.46,7.0,1,0,1
S101320,18,Female,Medium,Postgraduate,2.9,0,0,2.44,20.0,0,4,100.0,10.4,4.06,4.0,0,0,0
S101321,20,Female,Medium,Postgraduate,12.1,1,1,3.57,82.3,0,7,95.7,21.3,2.79,8.0,0,0,1
S101322,24,Female,Medium,Secondary,0.1,0,1,2.89,65.7,0,4,68.5,14.0,4.36,6.0,0,0,0
S101323,28,Male,Medium,Bachelor,9.4,0,1,2.85,65.7,0,5,60.9,9.1,4.19,1.0,0,0,1
S101324,28,Female,High,None,16.9,1,0,3.68,79.5,1,4,88.9,4.2,3.67,13.0,0,0,0
S101325,19,Female,High,Bachelor,6.2,1,1,2.47,59.5,2,7,73.2,18.2,1.82,5.0,1,0,0
S101326,25,Male,Medium,Secondary,26.0,0,1,2.37,55.5,0,1,70.4,9.2,2.92,7.0,0,0,1
S101327,18,Male,High,Bachelor,1.6,0,0,3.81,59.7,0,2,83.3,6.6,3.76,1.0,1,0,0
S101328,25,Female,Low,Secondary,5.5,0,0,3.12,72.3,1,7,90.8,6.8,3.07,6.0,1,0,0
S101329,21,Female,High,None,9.6,1,1,3.34,78.2,2,1,91.9,20.4,2.54,12.0,0,0,0
S101330,22,Female,Low,Secondary,17.8,0,1,2.84,89.5,2,5,80.8,9.4,3.05,12.0,0,0,1
S101331,26,Female,Medium,None,1.7,0,1,2.95,71.1,1,5,45.6,12.3,3.11,8.0,1,0,0
S101332,22,Female,Low,Secondary,31.3,0,1,2.65,62.8,0,2,94.3,9.0,1.77,6.0,1,0,1
S101333,27,Female,Medium,Bachelor,7.7,0,0,3.16,78.3,0,3,67.9,9.7,2.4,8.0,1,1,0
S101334,23,Male,Medium,Bachelor,41.7,0,0,3.42,50.4,1,3,84.6,7.9,3.26,10.0,0,0,0
S101335,29,Female,Low,Bachelor,9.2,0,1,3.1,86.3,0,4,78.2,17.1,3.41,2.0,0,1,0
S101336,25,Female,Medium,Bachelor,14.7,0,0,3.53,68.2,0,5,100.0,10.2,2.97,9.0,1,0,1
S101337,20,Male,Medium,Secondary,23.2,0,0,3.33,61.6,0,2,100.0,3.0,2.51,11.0,1,0,0
S101338,27,Female,Low,Secondary,4.7,0,0,2.48,50.5,0,3,73.1,12.0,2.67,8.0,0,1,1
S101339,22,Male,Medium,Secondary,15.8,0,0,2.93,74.4,0,6,59.8,9.4,2.27,8.0,1,1,0
S101340,23,Female,Low,None,12.3,0,0,2.78,60.8,1,8,61.0,11.9,2.73,5.0,1,0,1
S101341,18,Female,Low,Bachelor,1.5,1,1,3.38,63.6,0,6,84.1,8.3,3.4,9.0,0,0,0
S101342,18,Female,Low,Bachelor,25.2,0,0,3.23,39.9,0,8,71.9,7.3,4.5,14.0,0,0,0
S101343,24,Female,Medium,Bachelor,0.8,0,1,3.06,58.5,1,5,63.3,14.5,1.96,14.0,1,0,1
S101344,19,Female,Medium,Bachelor,26.2,0,0,3.51,56.5,0,1,72.1,19.3,3.69,6.0,0,1,0
S101345,29,Female,Medium,None,4.1,0,1,2.07,71.3,0,3,86.8,0.7,3.07,7.0,1,0,1
S101346,28,Female,High,Bachelor,20.8,1,0,2.7,61.0,0,8,78.8,10.4,1.68,13.0,1,0,0
S101347,26,Female,Medium,Secondary,16.3,1,0,2.74,25.3,1,5,72.8,7.3,2.73,10.0,0,0,0
S101348,26,Male,Medium,Bachelor,41.2,0,0,3.13,58.8,1,3,74.6,5.4,2.67,10.0,1,0,0
S101349,24,Male,High,Secondary,12.0,0,1,3.28,43.2,0,7,77.6,0.0,2.8,1.0,1,0,0
S101350,17,Female,Medium,Secondary,24.0,0,1,3.0,49.4,0,4,83.3,11.8,3.53,12.0,0,0,1
S101351,22,Male,Low,Secondary,19.1,0,1,2.34,80.1,0,3,84.2,7.6,4.18,7.0,0,0,0
S101352,23,Male,Low,Secondary,3.0,0,0,3.2,39.7,0,1,55.3,7.3,3.71,9.0,1,0,0
S101353,28,Male,Medium,Secondary,14.6,1,0,3.06,69.4,0,2,82.5,16.0,2.95,5.0,1,0,0
S101354,19,Female,Medium,Secondary,8.0,0,1,2.27,57.4,1,4,74.6,7.8,3.03,15.0,0,0,0
S101355,23,Male,Low,Bachelor,10.8,1,0,2.85,54.5,0,5,64.8,7.6,4.26,4.0,0,0,1
S101356,21,Female,High,Postgraduate,4.0,0,1,3.19,50.3,0,2,74.4,3.3,2.06,16.0,1,0,0
S101357,18,Female,High,Secondary,1.0,0,1,3.83,69.8,0,4,97.3,5.5,3.67,8.0,1,1,0
S101358,18,Female,Low,Secondary,5.4,0,1,2.46,71.5,1,4,92.1,17.3,2.0,7.0,0,0,1
S101359,21,Male,Low,Bachelor,17.4,0,0,3.4,39.1,0,5,81.5,13.1,1.73,4.0,0,0,1
S101360,18,Female,Low,Secondary,2.3,1,0,2.46,82.3,1,8,66.5,16.4,3.24,6.0,1,1,1
S101361,17,Male,Medium,Bachelor,3.7,0,0,2.36,47.2,0,4,59.6,5.8,1.64,7.0,0,0,0
S101362,21,Female,High,Secondary,38.5,0,1,2.39,70.8,0,6,65.9,11.8,2.53,9.0,0,0,0
S101363,19,Male,Medium,Secondary,73.2,1,1,3.3,47.3,1,5,80.2,15.2,3.76,10.0,0,0,1
S101364,24,Female,Low,Secondary,6.5,0,0,3.06,58.1,0,7,80.5,12.9,2.16,7.0,0,1,1
S101365,17,Male,Medium,None,3.4,0,1,2.84,45.8,3,8,70.2,17.9,4.06,10.0,0,0,1
S101366,20,Female,Low,Bachelor,4.4,0,0,3.23,57.1,0,7,93.2,12.0,1.22,13.0,0,0,0
S101367,22,Male,Medium,Bachelor,20.8,0,0,3.02,62.0,0,2,85.8,10.0,3.53,12.0,0,1,0
S101368,29,Female,Medium,None,0.3,1,0,3.06,47.8,0,3,40.2,0.0,1.83,11.0,0,0,1
S101369,25,Female,Medium,Postgraduate,18.1,0,1,2.85,69.7,0,2,81.6,12.1,2.66,10.0,0,0,0
S101370,28,Male,Medium,Secondary,14.1,1,0,2.49,71.7,1,7,91.3,13.0,2.95,4.0,0,0,1
S101371,21,Male,High,Secondary,1.1,0,0,3.85,100.0,0,8,83.0,15.7,2.6,9.0,0,1,0
S101372,22,Male,Low,Bachelor,39.7,0,0,3.7,78.9,0,1,88.7,6.0,2.62,4.0,1,0,0
S101373,22,Male,Medium,Bachelor,9.1,1,0,3.8,82.6,0,8,76.0,9.8,1.78,12.0,0,0,0
S101374,28,Female,Low,Secondary,5.7,1,0,2.73,38.5,1,6,79.0,2.0,3.79,9.0,0,0,1
S101375,29,Female,Low,Secondary,5.3,0,0,2.66,35.6,1,4,79.3,1.9,1.94,13.0,0,0,0
S101376,29,Male,High,Secondary,14.5,0,1,2.79,60.5,0,7,82.8,12.6,1.94,13.0,0,0,0
S101377,26,Female,Medium,Secondary,48.2,0,1,3.54,91.8,0,4,71.3,16.3,2.73,10.0,0,0,1
S101378,23,Male,Low,Bachelor,18.1,1,0,3.0,100.0,0,3,96.4,16.5,2.31,5.0,0,0,1
S101379,24,Female,Medium,Secondary,7.5,0,1,2.73,54.7,2,5,100.0,12.2,3.39,0.0,1,2,0
S101380,29,Female,Medium,Bachelor,14.0,0,1,3.18,56.2,1,4,72.0,20.2,2.43,10.0,0,0,1
S101381,20,Female,High,Secondary,3.7,0,1,2.63,73.2,0,5,62.5,8.0,2.8,7.0,1,0,1
S101382,21,Female,Medium,Secondary,36.2,1,0,2.32,62.0,2,7,59.8,14.5,2.88,11.0,1,0,0
S101383,28,Female,Low,Secondary,69.3,0,1,3.06,62.4,0,6,86.1,3.4,3.48,11.0,1,1,1
S101384,22,Female,Medium,Secondary,12.4,0,1,2.74,74.5,0,7,88.8,0.0,2.43,10.0,1,0,0
S101385,20,Male,Low,Bachelor,4.9,0,0,2.99,100.0,1,5,86.1,7.6,1.63,9.0,1,2,1
S101386,24,Female,Low,Postgraduate,2.7,0,1,1.66,84.6,1,8,87.4,9.4,2.23,1.0,0,0,1
S101387,21,Female,Medium,Bachelor,76.5,0,0,2.55,93.0,1,6,71.5,11.2,3.6,13.0,0,1,0
S101388,28,Female,Medium,Bachelor,34.0,0,1,2.98,37.3,0,3,50.1,9.1,3.04,3.0,0,1,0
S101389,28,Male,Low,Secondary,39.2,0,1,2.24,81.1,0,7,72.5,11.8,2.54,5.0,1,0,1
S101390,20,Male,Medium,Postgraduate,0.1,1,0,2.26,50.8,0,3,100.0,18.7,2.84,7.0,1,0,0
S101391,23,Female,Medium,Bachelor,11.8,0,0,3.02,90.1,0,3,84.0,13.7,2.61,8.0,0,0,0
S101392,29,Female,Medium,Bachelor,17.1,0,1,3.35,85.4,0,4,86.4,6.2,3.35,7.0,0,0,1
S101393,26,Female,Low,Secondary,35.4,0,0,2.55,74.1,0,6,93.6,0.0,3.04,6.0,0,0,0
S101394,19,Female,Medium,Secondary,26.9,0,1,2.87,53.9,0,3,67.4,4.6,2.6,11.0,1,0,1
S101395,24,Female,Low,Bachelor,3.4,0,1,2.88,57.7,0,5,83.4,16.7,3.44,3.0,0,0,1
S101396,25,Male,Low,Secondary,22.5,1,0,2.22,59.0,0,7,87.7,7.5,3.62,6.0,1,0,1
S101397,25,Female,Low,Secondary,10.1,0,0,3.59,76.4,0,8,66.0,13.4,2.16,0.0,1,0,0
S101398,17,Male,Low,Secondary,38.1,0,1,2.91,71.1,0,3,85.5,13.2,2.17,4.0,1,2,1
S101399,20,Male,Low,Bachelor,3.8,0,1,2.91,86.3,1,5,99.4,9.7,4.48,2.0,1,0,0
S101400,28,Male,Low,Secondary,27.4,1,0,3.19,89.2,0,8,74.0,9.6,3.24,11.0,0,0,0
S101401,20,Female,High,Bachelor,0.4,0,0,2.22,52.3,0,7,54.2,6.7,3.97,9.0,0,0,0
S101402,20,Female,Medium,Bachelor,17.1,0,0,3.46,72.1,0,6,82.6,21.1,3.42,5.0,1,0,0
S101403,21,Female,Low,Secondary,72.1,0,1,3.53,71.9,2,1,70.2,5.2,3.12,0.0,0,1,1
S101404,19,Male,High,None,37.5,1,0,3.07,63.6,0,7,82.7,15.6,1.3,2.0,1,1,0
S101405,19,Female,Low,Postgraduate,0.1,1,0,3.23,79.1,1,6,67.4,14.2,1.95,4.0,0,1,0
S101406,21,Female,Medium,Secondary,49.8,0,0,2.84,72.4,0,4,80.9,13.1,3.26,7.0,0,0,1
S101407,28,Female,High,Secondary,14.6,1,1,3.43,56.4,0,1,98.4,9.4,2.17,11.0,1,0,0
S101408,17,Female,Medium,Secondary,2.9,1,0,2.59,62.9,1,6,79.6,2.6,2.7,2.0,1,0,0
S101409,20,Female,Low,Secondary,3.9,0,1,2.98,59.8,1,6,55.3,4.3,3.44,3.0,0,0,1
S101410,17,Female,Medium,Bachelor,12.6,0,0,3.01,54.1,0,3,85.6,6.1,2.89,1.0,0,0,1
S101411,24,Female,Medium,None,4.2,0,1,2.98,63.7,2,3,80.3,11.8,3.08,8.0,0,1,0
S101412,20,Female,Medium,Bachelor,35.9,0,1,3.53,45.5,0,8,83.2,14.5,3.77,0.0,1,0,0
S101413,27,Male,Medium,None,19.3,1,1,4.0,72.1,0,6,94.6,11.6,3.84,1.0,1,0,0
S101414,24,Male,Medium,Postgraduate,42.0,0,1,2.95,86.1,0,5,72.1,11.3,2.76,10.0,1,0,1
S101415,27,Male,Low,Bachelor,15.1,0,0,3.24,65.8,0,4,75.7,15.2,3.69,14.0,0,0,0
S101416,25,Female,Medium,None,21.7,0,0,2.6,79.2,0,5,64.6,0.0,2.13,8.0,0,1,0
S101417,22,Female,Low,Bachelor,5.2,0,0,3.52,67.3,0,7,82.9,0.0,2.96,7.0,0,1,1
S101418,28,Female,High,Secondary,5.4,0,0,2.74,49.7,0,1,82.5,2.3,3.2,17.0,1,0,0
S101419,23,Female,Medium,Postgraduate,5.6,0,1,4.0,95.1,1,1,76.1,14.6,2.73,6.0,0,1,1
S101420,29,Male,Medium,Bachelor,2.6,0,0,2.16,28.7,0,2,91.2,0.0,2.64,6.0,1,0,0
S101421,29,Female,Medium,Secondary,2.6,1,1,4.0,65.2,0,2,64.4,10.0,2.02,6.0,1,0,1
S101422,24,Male,Low,Secondary,19.4,0,0,3.5,53.5,0,2,81.9,5.4,2.78,14.0,0,0,1
S101423,25,Female,Low,Postgraduate,2.5,0,1,2.44,88.7,0,4,89.0,10.8,1.67,10.0,0,0,0
S101424,20,Male,Medium,Bachelor,4.9,1,1,4.0,68.2,1,1,71.9,9.3,2.71,10.0,0,0,1
S101425,27,Female,Medium,Secondary,16.9,0,1,2.54,100.0,0,3,59.4,11.3,2.84,9.0,0,1,1
S101426,25,Female,Medium,Secondary,1.8,0,0,2.84,65.5,0,1,54.6,8.0,3.32,6.0,1,0,1
S101427,28,Female,High,Secondary,7.9,0,1,2.35,53.6,2,1,82.3,13.5,1.98,7.0,1,1,1
S101428,20,Male,Medium,Bachelor,0.9,1,1,2.93,39.3,0,6,100.0,17.3,3.04,4.0,0,0,1
S101429,27,Female,Medium,Bachelor,13.7,0,0,2.97,81.6,0,4,70.9,16.3,3.2,6.0,0,0,0
S101430,23,Female,Medium,Bachelor,0.6,0,1,3.42,52.5,0,8,86.8,8.2,2.78,9.0,0,0,0
S101431,19,Female,Low,Bachelor,0.0,0,1,4.0,58.7,0,5,43.6,5.7,3.11,7.0,0,0,1
S101432,19,Female,Low,Bachelor,13.3,1,0,2.74,83.4,0,4,85.6,11.0,2.99,11.0,0,0,0
S101433,24,Male,High,Secondary,25.5,1,0,1.62,80.8,0,6,63.7,19.9,0.98,9.0,0,0,1
S101434,21,Female,High,Bachelor,1.1,0,0,3.32,55.9,2,7,74.1,9.7,2.15,9.0,0,0,1
S101435,18,Male,High,Secondary,21.7,0,0,2.72,58.2,1,2,81.2,14.2,4.3,5.0,0,0,1
S101436,22,Male,Low,Bachelor,18.7,0,1,3.91,38.7,0,5,55.1,13.9,3.26,3.0,0,0,0
S101437,25,Female,Low,Secondary,4.1,0,1,2.98,34.2,1,3,100.0,13.9,2.38,3.0,0,0,1
S101438,21,Female,Medium,Bachelor,6.1,0,0,2.62,76.5,0,8,70.9,16.4,3.06,12.0,1,0,0
S101439,29,Male,High,Bachelor,26.3,1,1,2.49,78.1,0,4,89.1,3.4,3.3,1.0,0,0,1
S101440,27,Male,Low,Bachelor,62.8,0,0,3.31,70.4,0,1,100.0,5.2,3.88,9.0,0,0,0
S101441,23,Male,Low,Secondary,21.5,1,0,2.86,67.8,0,7,84.4,10.2,2.53,9.0,1,0,1
S101442,29,Male,Low,Bachelor,14.7,0,1,3.73,54.4,2,8,61.6,16.2,2.38,5.0,0,0,0
S101443,22,Female,Medium,Secondary,29.4,1,1,2.89,87.0,0,4,81.5,16.1,2.45,8.0,1,0,0
S101444,18,Male,Medium,None,13.9,0,0,3.71,38.2,2,4,52.4,9.8,2.4,9.0,0,0,1
S101445,17,Female,Medium,Bachelor,5.8,0,0,2.31,58.0,2,6,75.0,15.0,2.38,3.0,0,0,1
S101446,29,Male,Low,Bachelor,17.4,1,1,2.13,67.4,0,1,100.0,7.9,2.93,5.0,0,0,0
S101447,29,Male,Medium,None,25.7,0,0,3.41,65.0,2,8,58.8,5.9,2.51,7.0,0,1,1
S101448,26,Female,Medium,Postgraduate,0.3,1,0,2.77,65.0,2,1,67.6,3.4,2.76,8.0,0,0,1
S101449,18,Male,Low,Secondary,22.6,1,1,2.87,57.2,0,2,100.0,9.3,4.11,2.0,0,0,1
S101450,20,Female,Low,Postgraduate,29.0,1,1,2.49,73.1,1,3,77.4,8.3,2.13,8.0,0,0,1
S101451,17,Female,Medium,Bachelor,15.9,1,1,2.46,46.8,0,6,66.6,15.0,3.04,8.0,0,1,0
S101452,17,Female,Low,Postgraduate,33.3,0,0,3.32,62.8,1,7,85.8,12.8,2.01,12.0,0,2,1
S101453,20,Female,High,Bachelor,28.7,0,1,2.99,71.5,0,2,73.0,10.3,3.45,8.0,0,0,0
S101454,24,Male,Medium,Postgraduate,19.0,0,1,2.47,60.0,0,3,39.3,10.3,3.58,6.0,1,0,1
S101455,17,Female,Medium,Bachelor,7.1,0,0,3.4,65.1,1,7,59.6,7.9,2.19,11.0,0,0,0
S101456,29,Female,Medium,Secondary,0.3,0,0,3.59,68.2,0,3,100.0,1.1,2.31,12.0,0,0,0
S101457,22,Female,Medium,Secondary,23.5,0,0,2.95,38.6,2,3,84.9,4.1,3.27,2.0,1,0,0
S101458,20,Male,Low,Bachelor,3.9,0,0,3.5,40.0,0,4,100.0,13.9,2.61,6.0,0,0,0
S101459,23,Male,Medium,Secondary,18.5,0,1,2.5,67.0,0,5,64.6,9.3,3.79,0.0,1,0,0
S101460,27,Male,Low,Postgraduate,30.1,0,1,3.29,55.9,0,7,79.2,3.4,1.96,4.0,1,0,0
S101461,21,Male,Medium,Secondary,7.7,1,0,3.08,56.8,1,8,77.5,16.8,3.55,14.0,0,0,1
S101462,17,Female,Medium,Bachelor,2.2,1,0,2.6,73.5,0,7,71.8,18.5,4.37,3.0,1,0,0
S101463,17,Male,Medium,Secondary,5.8,0,0,4.0,50.2,0,2,83.2,16.0,3.07,10.0,1,1,0
S101464,28,Male,Medium,Bachelor,18.9,0,0,3.12,28.8,0,4,63.3,12.1,2.35,9.0,1,0,0
S101465,18,Male,Low,Postgraduate,5.1,1,0,2.7,89.9,0,6,98.1,11.4,2.26,5.0,0,0,1
S101466,25,Female,Medium,Secondary,2.1,0,1,3.01,83.1,0,4,87.0,9.9,2.69,6.0,0,0,0
S101467,21,Male,Low,Bachelor,4.1,0,1,2.57,83.0,0,5,77.4,10.8,3.27,13.0,0,0,0
S101468,27,Female,High,Secondary,24.2,1,1,2.42,48.2,1,3,82.0,13.1,1.75,11.0,0,0,0
S101469,17,Male,Medium,Bachelor,5.9,0,0,2.78,63.8,0,6,75.5,13.5,2.58,17.0,0,0,0
S101470,28,Female,High,Bachelor,9.1,0,1,2.81,46.0,0,5,54.1,12.3,2.89,0.0,0,0,0
S101471,26,Male,Medium,Secondary,5.3,0,1,2.6,64.1,0,1,65.1,0.0,3.89,10.0,0,0,0
S101472,22,Female,High,None,18.6,0,0,3.63,59.8,0,8,77.3,15.8,4.1,0.0,1,1,1
S101473,19,Male,Low,Secondary,17.7,0,0,2.62,48.8,2,1,74.7,11.0,2.71,7.0,1,0,0
S101474,29,Male,Low,Secondary,2.4,0,0,2.53,72.5,1,4,89.7,3.2,2.02,7.0,0,0,1
S101475,20,Male,Low,Bachelor,4.8,1,0,2.41,61.1,0,7,88.4,11.0,2.9,3.0,0,0,0
S101476,23,Male,Low,Secondary,0.3,1,1,2.36,90.8,0,1,71.6,11.5,2.92,5.0,0,2,0
S101477,22,Male,High,Postgraduate,14.5,0,1,3.51,66.3,0,3,65.6,2.1,3.63,6.0,0,0,0
S101478,19,Female,Medium,Postgraduate,29.3,0,1,3.13,26.8,0,6,91.3,6.8,2.49,9.0,0,0,1
S101479,22,Female,Medium,Postgraduate,25.1,0,1,3.35,37.8,0,6,82.8,4.5,2.11,3.0,1,0,0
S101480,18,Male,Medium,Bachelor,14.5,0,0,3.51,96.4,0,8,70.7,5.1,2.79,5.0,0,1,1
S101481,17,Female,Medium,Secondary,13.5,0,0,2.83,59.6,0,6,62.9,12.9,2.56,10.0,1,0,0
S101482,20,Female,Medium,Bachelor,61.3,0,0,3.74,68.6,0,5,69.9,6.9,2.54,10.0,1,0,1
S101483,18,Male,High,Bachelor,1.3,0,1,2.69,65.1,0,2,85.9,10.5,2.19,18.0,0,0,0
S101484,22,Male,Medium,Postgraduate,4.6,0,0,2.45,86.2,0,8,100.0,13.7,1.92,8.0,0,0,0
S101485,28,Male,Medium,Secondary,23.8,0,0,3.19,36.4,0,4,76.8,7.8,3.23,10.0,0,0,0
S101486,19,Male,Low,None,21.3,0,0,3.07,84.9,0,2,67.5,13.9,2.98,7.0,0,0,0
S101487,17,Female,High,Postgraduate,11.8,1,1,3.07,83.9,0,1,100.0,16.8,2.24,13.0,0,0,0
S101488,18,Female,Low,Bachelor,6.4,0,0,3.51,65.1,1,8,74.4,14.2,3.37,4.0,0,1,0
S101489,23,Female,Medium,Secondary,16.1,1,0,3.05,71.2,1,1,68.1,13.0,1.51,7.0,0,0,0
S101490,20,Female,High,Bachelor,18.5,0,1,3.16,59.4,1,2,73.9,14.3,2.51,9.0,1,0,0
S101491,23,Female,Low,None,6.3,0,0,3.68,39.7,1,8,73.1,12.0,2.95,10.0,0,0,1
S101492,17,Male,Low,Bachelor,17.6,1,1,3.13,73.7,1,6,99.1,14.2,3.58,11.0,0,1,0
S101493,21,Male,Medium,Secondary,12.2,0,1,3.25,68.7,1,6,54.9,4.1,2.41,7.0,0,1,1
S101494,22,Male,Medium,Secondary,14.0,0,0,2.29,69.0,0,1,88.9,9.6,3.59,11.0,0,1,0
S101495,22,Male,High,Secondary,7.5,1,0,4.0,72.2,0,3,79.8,12.0,2.34,2.0,0,0,0
S101496,24,Male,High,Secondary,21.0,0,0,2.2,55.9,0,7,71.6,9.6,3.38,9.0,1,0,1
S101497,27,Female,Medium,Secondary,12.9,1,0,2.73,87.4,0,5,75.0,22.5,3.98,0.0,0,1,0
S101498,23,Male,High,Secondary,3.1,0,1,2.72,65.1,0,1,76.2,9.0,2.1,7.0,1,1,0
S101499,27,Male,Medium,Secondary,9.4,1,0,4.0,73.1,0,5,81.3,1.1,2.91,18.0,1,1,0
S101500,23,Female,High,Bachelor,6.4,0,0,2.7,60.9,0,1,73.2,10.3,3.18,9.0,0,0,0
S101501,20,Male,Low,Bachelor,0.0,0,1,3.22,80.8,0,1,79.0,14.1,1.93,6.0,1,0,0
S101502,19,Female,Medium,Bachelor,21.8,1,1,2.72,66.6,1,2,68.3,5.6,3.1,10.0,1,0,0
S101503,21,Male,Low,Secondary,4.5,0,1,2.48,63.7,0,3,100.0,9.8,2.4,7.0,0,1,0
S101504,24,Female,Low,None,6.0,0,1,3.29,83.1,1,5,95.1,9.6,2.21,3.0,0,1,1
S101505,20,Male,Medium,Bachelor,2.0,1,0,2.64,39.2,0,5,87.3,9.7,2.5,0.0,0,0,0
S101506,28,Female,Low,Bachelor,6.7,1,0,3.1,60.8,1,8,73.3,7.0,2.45,8.0,1,0,0
S101507,23,Male,Medium,Postgraduate,10.1,0,1,3.31,55.8,0,3,92.3,15.5,3.36,7.0,0,0,1
S101508,28,Male,Medium,Postgraduate,13.7,0,1,3.95,70.6,0,3,84.5,20.8,2.8,7.0,0,0,0
S101509,25,Female,Low,Bachelor,13.7,1,0,2.37,69.7,0,3,81.8,5.8,4.42,11.0,0,0,0
S101510,21,Male,Medium,Bachelor,15.8,0,1,2.92,64.8,0,4,72.0,3.5,2.42,13.0,0,0,1
S101511,19,Male,Medium,Secondary,3.0,0,1,2.94,54.3,2,4,84.1,7.8,3.13,11.0,1,0,0
S101512,26,Female,High,Bachelor,16.2,0,0,3.0,64.6,0,2,100.0,17.0,2.69,6.0,1,0,0
S101513,21,Male,Low,Postgraduate,21.3,0,1,4.0,69.9,0,6,81.2,8.7,1.91,8.0,1,1,1
S101514,20,Female,High,Bachelor,5.9,1,0,2.91,62.3,1,5,76.0,11.8,3.91,12.0,0,0,0
S101515,29,Female,High,Secondary,7.9,0,1,1.74,81.6,1,6,81.5,5.4,2.88,11.0,0,1,1
S101516,23,Male,Medium,Secondary,28.0,1,0,2.9,74.2,0,1,80.7,18.9,2.25,10.0,1,0,0
S101517,17,Female,Medium,Secondary,20.1,0,1,2.94,65.3,0,5,71.8,8.5,3.08,6.0,0,1,0
S101518,23,Male,Medium,Secondary,61.7,0,1,2.88,29.8,1,8,68.9,11.2,3.52,12.0,0,0,1
S101519,22,Female,High,Bachelor,22.3,0,0,2.64,61.7,0,7,91.9,6.0,2.21,13.0,1,0,0
S101520,28,Male,Low,Bachelor,0.2,1,1,2.34,74.5,0,3,98.1,5.5,2.84,11.0,0,0,1
S101521,26,Male,High,Secondary,2.4,0,0,4.0,60.8,0,2,100.0,10.0,3.53,20.0,0,0,0
S101522,19,Male,High,Bachelor,20.4,0,0,3.16,69.5,0,8,86.9,10.5,2.92,11.0,0,0,0
S101523,18,Female,Medium,Secondary,1.3,0,0,2.9,61.6,0,2,81.8,14.3,3.19,13.0,0,0,0
S101524,24,Female,Medium,Bachelor,2.0,0,1,4.0,68.5,0,4,93.5,1.6,2.62,11.0,1,0,0
S101525,17,Female,Medium,Secondary,6.1,0,1,2.57,86.0,1,7,66.4,5.2,1.7,7.0,0,0,1
S101526,21,Female,Medium,Secondary,17.0,0,0,3.3,76.8,2,5,89.6,6.6,2.62,3.0,0,0,0
S101527,18,Female,High,Bachelor,19.4,0,1,2.38,45.6,1,3,95.6,10.6,2.41,5.0,0,0,0
S101528,17,Female,Low,Bachelor,6.6,0,1,3.38,40.1,1,7,95.4,4.4,2.72,5.0,0,0,1
S101529,28,Female,Low,Bachelor,6.4,0,0,2.43,71.6,1,2,100.0,9.5,2.42,3.0,1,0,0
S101530,18,Female,Low,Secondary,0.3,1,1,3.24,82.5,0,8,71.0,6.8,2.92,7.0,0,0,0
S101531,17,Male,High,Bachelor,23.2,1,0,3.98,40.1,2,1,72.6,9.3,2.56,8.0,0,1,0
S101532,29,Female,Medium,Secondary,1.7,1,1,3.05,61.9,0,1,76.8,6.1,3.37,13.0,1,1,0
S101533,19,Female,High,Secondary,13.5,0,1,1.9,100.0,1,4,63.3,4.9,3.23,3.0,0,0,0
S101534,27,Male,Medium,Bachelor,5.8,0,1,3.02,61.0,0,4,88.1,11.4,2.15,12.0,1,0,0
S101535,17,Male,Low,Bachelor,28.1,0,0,3.24,100.0,0,5,90.1,15.6,3.68,9.0,0,1,0
S101536,18,Male,High,Postgraduate,3.5,0,0,3.45,52.6,0,5,88.4,14.1,2.29,10.0,0,0,0
S101537,18,Female,Medium,Secondary,25.0,0,1,3.74,55.3,0,3,82.2,15.6,2.01,8.0,0,1,1
S101538,26,Male,Medium,Bachelor,4.9,1,1,3.76,54.5,1,3,95.1,16.2,3.54,16.0,0,0,0
S101539,25,Female,Low,Secondary,27.6,0,1,2.93,45.8,0,3,88.6,9.2,2.39,5.0,0,0,1
S101540,23,Female,Low,Bachelor,8.4,0,1,2.67,39.6,0,8,71.0,19.4,2.87,6.0,0,0,0
S101541,20,Female,Low,Bachelor,6.1,0,1,2.44,61.7,1,8,35.8,13.8,1.9,8.0,1,0,1
S101542,18,Male,Medium,Bachelor,0.2,0,0,2.73,67.2,0,5,75.0,5.3,2.54,10.0,1,0,0
S101543,24,Female,Medium,Bachelor,4.8,0,0,3.24,54.2,1,3,80.6,6.7,2.72,9.0,1,0,1
S101544,19,Female,Low,Bachelor,1.6,0,0,2.33,57.9,0,5,80.7,10.8,2.53,8.0,1,0,0
S101545,24,Male,Low,Secondary,16.5,0,0,2.54,86.7,1,4,77.3,14.4,2.44,10.0,0,0,0
S101546,25,Male,Low,Postgraduate,14.8,1,1,3.28,79.6,0,1,71.9,8.9,2.83,10.0,0,0,0
S101547,28,Male,Medium,Postgraduate,8.8,0,0,2.68,61.1,1,3,67.3,5.1,3.49,8.0,1,0,0
S101548,23,Male,High,Secondary,3.8,0,0,3.18,71.4,0,3,64.5,14.0,2.14,15.0,0,0,0
S101549,17,Female,Medium,None,3.2,1,0,2.59,40.5,1,5,86.5,4.4,1.03,10.0,1,0,0
S101550,20,Female,Low,Secondary,64.3,0,1,3.14,69.0,1,7,96.3,11.5,3.67,7.0,0,3,1
S101551,28,Female,Medium,Bachelor,25.4,0,0,2.61,64.1,0,7,61.2,10.2,2.34,13.0,0,1,1
S101552,23,Female,High,Postgraduate,19.4,0,0,2.05,59.4,0,8,79.1,3.3,2.4,0.0,1,0,0
S101553,25,Female,Medium,Bachelor,5.3,0,1,3.48,65.5,0,8,91.8,18.9,2.42,3.0,0,0,1
S101554,22,Female,High,Secondary,4.7,0,0,2.65,63.1,2,2,77.2,10.1,1.87,7.0,0,0,0
S101555,19,Female,High,None,6.7,0,1,2.88,45.3,1,4,90.7,4.1,2.52,3.0,1,0,1
S101556,28,Male,Medium,Secondary,41.4,1,0,2.65,90.2,1,2,96.2,10.2,2.6,11.0,0,1,1
S101557,27,Female,High,Secondary,12.1,0,1,3.27,79.3,0,4,85.9,1.3,3.1,11.0,0,0,0
S101558,29,Male,Low,None,5.7,0,0,3.17,59.2,0,7,72.6,11.8,2.42,15.0,1,0,1
S101559,28,Female,High,None,0.8,0,0,3.27,38.6,0,5,99.7,14.3,1.09,6.0,0,0,0
S101560,20,Female,High,Secondary,24.2,1,0,2.73,28.2,0,6,76.0,23.5,1.86,10.0,0,0,0
S101561,20,Female,High,Secondary,17.3,0,1,2.98,95.1,0,8,76.0,10.5,3.58,13.0,0,0,0
S101562,20,Male,Medium,Bachelor,15.4,0,1,3.21,62.4,1,8,87.7,6.7,2.21,9.0,1,0,1
S101563,28,Female,Medium,Secondary,7.1,0,0,3.77,76.4,0,1,75.5,11.0,3.18,12.0,0,1,0
S101564,24,Male,Low,Secondary,7.5,0,1,3.15,50.8,0,3,76.6,17.2,2.3,8.0,1,1,1
S101565,22,Female,Medium,Bachelor,9.2,0,0,2.5,60.4,0,8,74.4,12.5,3.37,13.0,0,0,1
S101566,29,Male,Medium,Postgraduate,27.1,1,1,3.13,61.2,0,4,77.3,14.2,2.87,5.0,0,0,0
S101567,24,Female,Medium,Bachelor,0.4,0,1,2.92,68.6,1,7,83.0,13.8,1.78,2.0,0,0,1
S101568,28,Female,Medium,Bachelor,2.6,0,0,2.0,66.3,1,4,50.4,12.5,1.98,6.0,1,1,0
S101569,29,Male,Low,Bachelor,30.0,1,0,2.08,51.2,1,4,78.5,3.0,1.76,8.0,0,0,1
S101570,18,Male,Low,Bachelor,5.7,1,1,2.97,51.0,0,3,53.5,2.7,3.44,10.0,1,0,0
S101571,21,Female,Low,Bachelor,4.2,0,1,3.01,63.8,1,5,73.9,2.1,1.92,10.0,0,0,1
S101572,26,Female,Medium,Secondary,10.0,0,1,2.85,38.7,0,1,85.1,4.0,2.54,5.0,1,0,1
S101573,27,Male,Medium,Bachelor,1.1,1,0,3.44,52.7,1,8,75.1,4.6,2.74,4.0,1,0,0
S101574,18,Male,Medium,Secondary,9.5,0,1,2.53,62.7,0,7,90.5,19.3,2.96,15.0,0,0,0
S101575,21,Female,Low,Secondary,11.8,0,0,2.31,71.0,1,2,85.2,6.5,2.48,7.0,0,1,0
S101576,24,Female,High,Secondary,10.7,0,1,2.59,87.6,2,5,47.7,10.5,1.7,6.0,0,0,0
S101577,27,Female,Medium,Secondary,4.3,0,1,2.7,57.9,0,8,98.0,8.8,1.96,9.0,1,0,1
S101578,18,Male,Low,Secondary,12.6,0,1,2.97,65.5,0,1,83.7,11.0,2.06,4.0,1,0,1
S101579,24,Female,Low,Bachelor,26.1,1,1,2.6,37.0,2,2,71.5,10.4,0.95,5.0,1,0,0
S101580,20,Male,Medium,Secondary,39.7,0,1,1.93,70.0,1,5,73.0,3.7,3.1,11.0,0,0,1
S101581,19,Male,Medium,None,0.0,0,0,1.72,51.4,0,8,48.7,13.0,3.15,4.0,1,0,0
S101582,23,Female,Low,Secondary,14.6,0,1,3.06,60.4,0,1,83.3,6.6,2.05,3.0,1,1,0
S101583,22,Male,Low,Secondary,24.7,0,0,2.44,72.1,0,1,89.8,6.4,3.71,7.0,0,0,1
S101584,25,Female,Low,Bachelor,1.3,1,0,2.0,72.8,0,4,69.8,8.5,2.73,9.0,0,0,1
S101585,21,Female,Low,Secondary,18.5,1,0,3.31,43.2,0,6,66.4,14.0,3.39,13.0,0,0,0
S101586,27,Female,Low,None,32.1,0,0,3.77,77.0,0,6,82.1,6.9,3.34,9.0,0,0,0
S101587,18,Female,High,None,4.1,1,0,2.95,64.4,0,1,97.9,10.5,2.71,10.0,1,0,0
S101588,28,Male,Medium,Secondary,19.5,0,0,3.13,84.0,0,4,96.4,12.0,1.38,4.0,1,0,0
S101589,17,Male,Medium,Secondary,51.5,0,0,3.14,86.9,0,4,92.4,11.3,2.94,9.0,1,0,0
S101590,26,Male,Medium,Secondary,5.6,0,0,1.84,89.1,0,4,100.0,11.0,3.17,4.0,0,0,1
S101591,21,Female,Medium,Bachelor,1.1,1,0,3.44,43.6,0,1,93.9,3.0,2.34,12.0,1,0,1
S101592,21,Female,Low,Postgraduate,9.9,0,1,3.62,71.0,0,4,97.3,10.6,2.91,8.0,1,0,0
S101593,17,Male,Low,Bachelor,23.8,0,1,3.92,41.3,0,1,81.3,5.4,2.78,8.0,0,2,0
S101594,26,Male,Low,None,1.6,0,1,2.78,84.5,0,4,74.8,1.2,2.13,10.0,1,1,1
S101595,19,Male,Medium,Secondary,22.9,0,1,2.43,86.7,1,7,97.0,7.7,2.73,6.0,0,0,1
S101596,25,Female,Medium,Bachelor,48.7,0,1,3.68,79.7,0,1,65.3,7.4,2.44,6.0,0,0,1
S101597,26,Female,Medium,Secondary,64.9,1,0,3.25,58.6,1,8,86.4,24.8,3.06,4.0,1,0,1
S101598,27,Female,Medium,Postgraduate,33.4,0,0,3.44,73.2,0,5,70.9,14.9,2.39,15.0,0,0,0
S101599,26,Female,High,Secondary,26.6,0,0,2.68,56.7,1,6,85.1,13.9,2.3,7.0,1,0,0
S101600,20,Male,Low,None,2.7,0,0,3.14,65.2,1,4,84.0,8.0,1.65,7.0,0,0,1
S101601,26,Female,Medium,Secondary,17.0,0,1,2.47,63.6,2,7,82.4,9.1,4.34,11.0,0,0,1
S101602,27,Female,Medium,Postgraduate,3.2,0,0,3.0,35.0,0,3,79.7,22.9,2.48,8.0,1,0,0
S101603,21,Male,Medium,Postgraduate,14.8,0,1,2.83,52.9,0,2,88.0,6.8,2.01,0.0,0,0,1
S101604,18,Female,Medium,Bachelor,4.8,0,0,4.0,99.1,0,4,90.4,11.3,3.22,16.0,0,0,0
S101605,28,Male,Medium,Secondary,3.4,0,1,3.27,63.7,0,5,59.0,19.2,2.93,6.0,0,0,0
S101606,18,Female,Low,Bachelor,54.3,1,0,1.92,67.4,1,7,79.3,6.4,3.18,5.0,0,0,1
S101607,24,Female,Medium,Secondary,13.3,0,1,3.0,64.9,0,4,73.7,10.7,3.26,7.0,0,0,1
S101608,20,Female,High,Secondary,12.1,1,1,3.18,58.8,0,1,82.9,9.9,3.57,6.0,1,1,0
S101609,18,Female,Medium,Bachelor,15.8,0,0,2.76,65.5,0,7,73.8,5.6,2.05,6.0,0,0,0
S101610,27,Male,High,Postgraduate,21.7,0,0,2.45,58.9,0,7,99.1,13.9,2.9,8.0,1,0,1
S101611,18,Female,Medium,Secondary,4.4,0,1,3.33,30.8,0,5,79.0,4.4,1.69,1.0,1,1,0
S101612,25,Female,Medium,Secondary,18.7,0,0,2.52,76.8,0,1,94.8,13.9,2.59,11.0,0,0,0
S101613,26,Female,Medium,Secondary,29.3,0,0,3.29,89.2,0,8,65.7,12.1,3.27,12.0,0,0,0
S101614,17,Female,Medium,Secondary,3.8,0,1,2.48,47.5,1,6,75.8,14.5,2.17,1.0,0,1,0
S101615,19,Male,High,None,19.2,0,1,2.73,58.8,0,8,70.8,9.0,4.36,10.0,1,1,1
S101616,27,Female,Low,Bachelor,8.8,1,0,3.48,87.5,0,2,85.9,11.9,2.81,5.0,0,0,0
S101617,23,Female,Medium,None,10.9,1,0,3.24,53.4,0,3,62.2,15.1,1.53,6.0,0,0,1
S101618,18,Male,Medium,Bachelor,5.6,0,0,3.02,70.8,0,2,54.4,3.0,3.29,9.0,1,0,1
S101619,29,Female,High,Secondary,6.3,1,1,2.99,100.0,1,6,70.6,4.0,4.35,11.0,0,0,1
S101620,20,Female,Medium,Secondary,3.9,1,0,3.05,74.5,1,3,88.4,12.9,1.23,9.0,0,0,0
S101621,17,Female,High,Secondary,2.8,0,0,2.6,66.0,1,8,67.9,14.1,3.3,2.0,1,2,0
S101622,29,Female,High,Secondary,18.1,0,0,2.24,78.2,0,4,84.0,10.7,2.11,8.0,0,0,0
S101623,17,Male,Low,Secondary,10.1,0,1,3.28,76.7,0,3,70.3,14.6,2.76,10.0,1,0,0
S101624,24,Female,High,Bachelor,0.8,1,0,3.77,55.1,0,5,53.7,8.2,1.88,5.0,1,0,0
S101625,29,Male,High,Postgraduate,6.7,1,1,3.3,39.0,0,7,92.8,16.3,3.4,5.0,0,1,0
S101626,24,Female,Low,Secondary,13.8,0,0,3.13,73.9,0,4,89.7,9.6,2.58,8.0,1,0,0
S101627,24,Female,Medium,Bachelor,6.1,1,1,2.4,76.2,0,1,79.4,6.1,3.61,10.0,1,0,1
S101628,22,Female,Low,Postgraduate,43.2,0,0,3.44,60.5,1,8,80.6,17.1,2.08,6.0,0,0,1
S101629,18,Female,Medium,Secondary,24.7,0,1,3.24,89.7,0,4,76.9,14.1,2.66,9.0,1,0,1
S101630,24,Female,Low,Bachelor,33.4,0,1,3.38,86.7,1,1,64.5,7.7,1.18,3.0,0,1,1
S101631,28,Female,Medium,Postgraduate,20.8,0,0,3.52,76.6,0,6,99.6,7.8,4.62,9.0,0,0,0
S101632,18,Female,Medium,Bachelor,10.4,0,0,3.79,60.8,0,6,78.5,13.0,4.14,1.0,1,0,0
S101633,28,Female,Medium,Bachelor,15.0,0,1,2.44,33.6,0,3,85.4,5.0,4.33,9.0,0,0,0
S101634,22,Female,Low,Bachelor,15.8,1,0,2.36,62.4,0,2,72.5,11.6,3.87,12.0,1,1,0
S101635,23,Male,Medium,Secondary,7.7,0,1,3.07,37.5,1,8,86.6,9.2,2.39,7.0,0,0,0
S101636,19,Female,Medium,Bachelor,5.6,1,1,2.54,29.6,0,7,97.2,11.1,2.77,10.0,1,0,0
S101637,25,Female,Medium,Postgraduate,3.9,0,0,2.45,74.7,0,6,82.5,0.0,3.0,9.0,1,0,0
S101638,19,Female,Low,Secondary,27.4,0,0,3.61,82.6,0,3,85.4,5.5,3.06,2.0,1,0,0
S101639,20,Female,Low,Bachelor,6.8,0,0,2.5,35.7,0,5,93.2,11.3,2.03,3.0,0,0,1
S101640,26,Male,Medium,Secondary,5.9,1,1,2.99,61.2,1,5,90.6,15.3,2.0,7.0,0,0,0
S101641,17,Female,High,Secondary,15.5,1,0,2.18,64.7,0,7,95.7,9.3,1.86,7.0,1,0,0
S101642,22,Male,Low,Bachelor,2.2,0,1,3.03,60.6,0,8,84.8,13.6,2.5,5.0,0,0,0
S101643,24,Male,Medium,Bachelor,6.4,0,0,3.59,44.3,0,6,84.8,2.6,2.58,3.0,1,0,0
S101644,18,Female,Low,Bachelor,14.4,1,1,3.61,85.0,0,6,83.6,7.8,2.48,0.0,0,1,1
S101645,20,Male,Medium,Bachelor,29.8,0,0,3.52,44.7,0,2,93.0,11.4,2.98,15.0,1,0,0
S101646,21,Male,Low,Secondary,0.1,0,0,2.96,35.8,1,1,73.5,9.7,1.83,15.0,0,0,1
S101647,25,Female,Medium,Postgraduate,21.4,1,0,3.56,44.4,0,7,88.0,13.8,2.2,5.0,1,0,0
S101648,29,Female,Medium,Bachelor,4.6,0,0,3.22,72.2,0,1,100.0,8.7,2.27,2.0,1,0,0
S101649,27,Female,Low,Bachelor,30.0,1,0,2.78,61.0,0,5,85.4,8.8,3.37,14.0,0,0,1
S101650,19,Male,Low,Secondary,3.7,0,1,3.19,53.4,1,5,62.0,13.3,2.94,0.0,0,0,0
S101651,17,Female,Medium,Secondary,16.5,1,0,3.44,72.9,0,2,75.6,7.3,3.04,12.0,0,0,0
S101652,17,Female,Medium,Postgraduate,17.6,1,0,2.34,70.0,1,3,89.3,5.5,2.15,11.0,0,1,1
S101653,24,Female,High,None,17.0,0,1,2.47,30.4,1,8,69.9,12.3,2.83,7.0,0,1,1
S101654,19,Female,Medium,Secondary,16.0,0,1,2.93,72.8,0,6,65.3,5.2,2.26,14.0,0,0,0
S101655,20,Male,High,Bachelor,21.4,0,0,2.39,82.7,0,4,59.3,17.1,2.28,5.0,0,0,0
S101656,28,Female,Medium,Bachelor,23.5,1,0,2.38,63.2,1,6,76.9,0.8,3.06,11.0,1,1,0
S101657,28,Male,Low,Bachelor,17.7,0,0,2.79,61.5,0,1,100.0,8.5,2.35,7.0,1,0,1
S101658,27,Female,Low,Bachelor,11.9,0,0,3.5,93.4,0,2,72.0,18.1,2.73,3.0,0,0,1
S101659,20,Male,Medium,Postgraduate,6.9,1,0,3.49,54.4,0,8,93.1,19.9,2.61,16.0,1,0,0
S101660,25,Female,Low,Secondary,8.5,0,0,3.16,62.5,1,7,75.8,9.5,1.98,5.0,0,0,1
S101661,24,Male,High,Bachelor,0.9,0,1,3.09,70.0,0,2,74.2,15.5,2.4,6.0,0,0,1
S101662,19,Female,Medium,Bachelor,5.8,0,1,4.0,65.7,1,2,87.8,13.9,2.41,11.0,0,0,0
S101663,24,Male,Medium,Bachelor,13.2,1,0,2.73,60.9,0,4,57.0,7.5,2.53,13.0,1,1,0
S101664,23,Female,Medium,None,15.5,0,0,3.12,66.3,0,4,100.0,12.3,1.54,3.0,0,0,0
S101665,22,Male,Medium,Secondary,26.3,1,1,2.71,88.5,1,5,88.1,5.7,2.29,14.0,0,0,0
S101666,26,Male,Medium,Bachelor,1.8,0,1,2.36,77.1,0,7,95.8,2.2,3.44,8.0,0,1,1
S101667,25,Female,Low,Bachelor,31.2,1,1,3.59,63.9,1,7,76.1,12.5,3.11,8.0,1,1,1
S101668,23,Female,Low,Secondary,7.6,0,1,2.85,52.0,0,6,87.4,12.8,2.52,7.0,1,0,1
S101669,26,Female,Low,Bachelor,5.8,0,1,3.35,54.0,0,1,94.0,4.1,1.97,8.0,0,0,0
S101670,26,Female,Low,Bachelor,13.1,1,1,2.88,79.3,2,4,78.6,9.3,2.87,2.0,1,1,0
S101671,24,Female,Medium,Secondary,45.5,1,0,3.62,41.1,0,6,66.9,4.1,3.48,10.0,0,0,0
S101672,20,Female,Low,Bachelor,7.1,0,1,2.5,100.0,0,6,65.9,7.7,3.86,9.0,1,1,0
S101673,26,Male,Low,Bachelor,15.2,0,1,3.58,64.5,1,6,73.7,7.8,2.43,7.0,1,0,1
S101674,26,Female,High,Secondary,36.2,0,0,3.45,44.3,1,7,83.4,13.7,2.06,9.0,0,0,1
S101675,29,Female,High,Secondary,0.6,0,1,2.1,67.7,1,3,77.6,7.5,3.14,7.0,0,0,0
S101676,18,Female,Medium,Secondary,9.0,1,0,2.74,53.0,0,7,72.7,3.7,3.05,8.0,0,0,0
S101677,22,Female,Medium,Bachelor,7.8,1,0,3.51,58.7,0,7,90.2,18.6,2.81,10.0,1,1,1
S101678,29,Female,Medium,Secondary,18.4,0,0,3.82,42.3,1,2,73.1,12.5,2.36,7.0,0,0,0
S101679,23,Female,Low,None,29.9,0,1,3.36,61.4,0,2,71.0,14.5,1.88,5.0,0,1,1
S101680,29,Female,Medium,Secondary,13.7,0,0,2.8,33.2,1,3,94.1,13.0,3.27,11.0,1,0,0
S101681,17,Male,Low,Bachelor,54.6,0,1,2.52,56.0,1,8,88.3,14.7,3.43,4.0,0,0,1
S101682,17,Female,Medium,Bachelor,40.5,0,1,3.28,52.6,0,5,61.6,12.2,2.55,12.0,1,0,0
S101683,27,Female,High,Secondary,14.5,1,0,2.79,57.5,0,8,60.0,12.3,4.0,7.0,1,0,0
S101684,21,Female,Medium,Postgraduate,9.9,0,0,2.81,53.5,2,4,63.4,10.6,2.97,12.0,1,0,0
S101685,23,Female,High,Secondary,4.5,0,0,2.89,65.5,2,6,79.5,7.8,2.68,14.0,0,1,1
S101686,22,Male,Medium,Secondary,0.3,1,1,3.44,78.3,0,8,97.7,14.4,1.97,8.0,0,0,0
S101687,22,Male,Medium,Secondary,12.5,0,1,3.9,70.4,0,3,100.0,8.7,1.61,11.0,1,0,1
S101688,29,Male,Medium,Bachelor,28.2,0,0,3.51,84.5,0,6,91.3,10.6,2.44,11.0,0,0,0
S101689,18,Female,Medium,Bachelor,2.4,0,1,3.0,57.5,0,4,100.0,11.9,3.06,9.0,1,0,1
S101690,27,Male,Medium,None,9.1,0,1,2.55,69.9,0,8,83.0,12.3,4.43,10.0,0,0,1
S101691,28,Female,Low,Bachelor,1.0,0,1,3.33,70.5,0,7,96.6,4.9,2.85,7.0,1,1,0
S101692,25,Female,Medium,Bachelor,27.4,0,0,3.83,82.3,0,6,71.4,11.0,3.21,15.0,0,0,0
S101693,22,Female,Low,Bachelor,20.7,0,0,3.5,54.0,0,2,56.7,4.9,2.22,8.0,1,0,0
S101694,19,Male,Medium,Postgraduate,1.2,0,1,3.1,76.8,1,8,75.4,10.9,2.95,5.0,0,1,0
S101695,25,Female,Low,Bachelor,0.1,0,0,2.76,52.1,0,3,78.1,13.9,2.85,6.0,0,0,1
S101696,23,Male,Medium,Secondary,3.4,0,0,3.17,56.5,0,4,100.0,19.0,2.14,12.0,0,2,0
S101697,18,Female,Low,Secondary,33.0,0,0,3.58,59.6,0,4,80.0,12.9,3.74,4.0,0,0,0
S101698,21,Male,Low,Postgraduate,43.3,0,0,3.12,71.8,0,6,64.7,14.3,2.71,16.0,0,0,1
S101699,29,Male,Medium,Bachelor,6.1,0,1,2.95,48.7,0,7,94.5,4.6,3.57,13.0,0,0,0
S101700,20,Male,Low,Secondary,18.1,0,1,2.66,50.8,0,8,68.6,12.7,2.81,3.0,1,0,1
S101701,19,Female,High,Postgraduate,20.7,0,1,4.0,55.3,0,2,82.2,4.4,2.57,11.0,1,0,0
S101702,25,Male,Medium,Bachelor,11.2,1,1,2.55,65.7,1,7,93.2,16.0,2.25,4.0,1,0,0
S101703,19,Female,Medium,Bachelor,4.8,0,1,2.51,51.0,0,1,66.0,4.7,2.55,5.0,0,0,0
S101704,28,Female,Low,Bachelor,2.8,0,1,3.08,69.0,1,5,100.0,5.1,3.83,6.0,0,0,0
S101705,28,Female,High,None,11.5,0,1,2.9,59.6,0,8,96.9,13.8,2.17,5.0,0,0,1
S101706,29,Male,Medium,Bachelor,9.7,0,1,3.51,74.9,1,7,85.3,18.4,3.27,11.0,0,0,0
S101707,28,Male,Medium,Postgraduate,2.4,1,1,3.53,65.9,0,8,100.0,15.3,2.58,9.0,1,0,0
S101708,20,Female,Low,None,32.1,1,0,2.39,91.3,0,1,74.3,8.2,3.21,10.0,0,0,0
S101709,19,Male,Medium,Secondary,0.7,1,0,2.62,66.8,2,5,91.9,5.1,2.94,8.0,0,0,0
S101710,21,Female,High,Bachelor,0.4,0,0,2.56,46.7,0,1,84.2,7.9,1.87,6.0,1,1,0
S101711,23,Male,Medium,Secondary,1.8,0,1,3.39,61.8,0,6,70.4,10.6,2.92,6.0,1,0,0
S101712,28,Female,Low,None,22.4,1,1,3.21,65.3,1,2,70.9,9.6,4.32,12.0,0,2,0
S101713,26,Male,Low,Secondary,2.1,0,1,2.81,51.4,2,2,100.0,4.9,3.02,7.0,0,0,1
S101714,25,Female,Low,Secondary,1.3,0,1,3.11,87.8,0,3,95.9,16.4,3.45,14.0,0,0,1
S101715,28,Male,Medium,Secondary,0.2,0,1,2.44,60.4,0,7,93.3,16.5,3.01,5.0,0,0,0
S101716,25,Female,High,Bachelor,0.1,0,0,2.63,55.3,0,3,70.6,19.4,3.35,8.0,1,0,0
S101717,21,Male,High,Bachelor,8.4,1,0,2.35,67.7,0,7,90.6,1.7,2.3,9.0,0,0,0
S101718,22,Female,Medium,Bachelor,4.5,1,1,3.07,51.4,1,5,74.5,6.0,2.71,13.0,1,1,0
S101719,23,Female,Low,None,31.7,0,0,3.07,79.5,0,2,100.0,11.3,3.42,12.0,0,0,1
S101720,18,Male,High,Secondary,4.4,0,1,2.51,76.5,0,2,98.2,10.0,2.55,9.0,1,0,1
S101721,26,Male,Low,Secondary,8.7,1,1,3.21,67.0,0,6,93.8,7.8,3.55,8.0,0,1,1
S101722,25,Male,Low,Bachelor,32.7,0,0,3.53,73.9,0,7,92.3,5.7,2.1,4.0,1,1,0
S101723,26,Male,Medium,Postgraduate,11.1,1,1,2.48,57.5,1,2,78.7,5.0,2.84,7.0,1,0,0
S101724,23,Male,Low,Secondary,16.6,0,1,2.84,42.5,1,4,87.3,20.1,2.62,17.0,0,0,0
S101725,27,Female,High,Postgraduate,43.4,1,1,3.26,60.1,1,4,100.0,2.9,4.65,4.0,0,1,1
S101726,29,Female,High,None,14.2,0,1,3.0,57.5,0,4,87.0,2.2,2.53,6.0,1,0,0
S101727,24,Male,Medium,Secondary,4.0,0,0,2.31,34.5,0,3,67.4,4.1,3.09,2.0,0,1,0
S101728,22,Female,Medium,Bachelor,2.0,1,1,2.78,49.1,1,8,98.8,11.0,1.41,5.0,1,0,0
S101729,18,Male,Medium,Secondary,0.8,1,0,2.76,46.5,0,7,69.8,8.6,1.98,3.0,1,1,0
S101730,27,Female,Low,Postgraduate,1.5,1,0,2.91,49.2,0,3,79.6,12.1,3.01,3.0,0,0,0
S101731,28,Male,Medium,Secondary,16.3,0,0,2.94,85.0,0,4,72.9,6.5,2.62,9.0,0,0,1
S101732,26,Female,Medium,Bachelor,8.3,0,1,3.78,72.7,0,8,40.9,10.4,2.63,11.0,0,1,1
S101733,28,Female,High,Secondary,1.9,0,1,2.9,79.5,0,7,82.6,10.4,2.57,9.0,0,2,1
S101734,28,Male,Low,Secondary,5.2,0,0,2.14,72.6,1,5,100.0,17.9,2.67,4.0,1,0,0
S101735,27,Male,Low,Secondary,9.2,0,1,3.05,81.2,0,5,84.8,18.9,1.6,1.0,0,0,1
S101736,23,Male,Medium,Postgraduate,7.3,0,1,3.87,65.4,0,7,100.0,9.2,2.74,0.0,0,0,0
S101737,18,Female,Medium,Bachelor,10.8,1,1,2.92,87.7,0,4,77.7,14.3,2.65,3.0,0,0,0
S101738,17,Female,Medium,Bachelor,1.1,1,0,2.78,46.5,2,7,83.3,10.8,3.55,4.0,0,1,0
S101739,19,Female,High,None,47.8,0,0,2.85,64.0,0,6,78.4,13.9,3.38,6.0,1,0,0
S101740,22,Female,Low,None,26.2,0,0,3.29,49.6,0,4,80.9,11.9,0.82,9.0,1,0,0
S101741,26,Female,Medium,None,14.7,0,1,2.85,83.6,1,1,85.5,13.7,2.29,6.0,1,0,0
S101742,22,Female,Low,Bachelor,22.1,0,0,2.24,71.3,1,7,100.0,14.3,4.06,14.0,0,1,1
S101743,17,Female,Low,Secondary,59.9,0,0,2.66,82.8,0,5,67.4,12.1,3.43,17.0,0,1,0
S101744,19,Female,Medium,Secondary,7.7,1,1,2.97,43.9,3,5,80.1,10.7,3.14,8.0,1,0,1
S101745,29,Male,Medium,Bachelor,0.9,0,0,3.27,56.0,0,2,89.2,15.2,2.45,0.0,0,0,0
S101746,29,Female,Medium,Bachelor,8.7,0,1,2.71,38.2,0,7,99.2,9.3,3.32,6.0,1,0,0
S101747,21,Male,Medium,Secondary,10.0,1,1,2.85,70.4,0,7,47.6,7.1,1.74,7.0,0,1,1
S101748,27,Male,Medium,None,21.1,0,0,3.02,58.6,0,1,59.0,2.2,2.4,11.0,0,0,1
S101749,26,Female,High,Secondary,0.7,0,0,2.61,76.3,0,7,80.6,12.1,3.04,3.0,0,0,0
S101750,29,Male,Low,Bachelor,36.9,0,0,2.95,65.5,0,4,96.8,13.5,3.23,2.0,0,0,0
S101751,28,Male,Low,Secondary,18.6,0,1,3.23,33.0,1,6,72.8,1.4,2.95,9.0,1,1,0
S101752,25,Male,Medium,Bachelor,22.1,0,0,2.41,40.1,0,8,90.0,6.9,3.08,6.0,0,0,0
S101753,22,Female,Medium,None,11.7,1,0,3.15,66.2,0,8,100.0,13.8,2.91,6.0,0,0,0
S101754,25,Female,High,Postgraduate,3.0,0,0,2.45,72.0,1,7,80.2,9.3,2.58,4.0,0,0,0
S101755,21,Male,Low,Postgraduate,6.1,1,0,2.46,31.8,0,2,76.6,10.3,3.74,6.0,1,0,0
S101756,21,Male,Medium,None,2.1,1,1,2.67,63.7,0,5,87.1,14.6,4.1,9.0,0,2,0
S101757,24,Female,High,Secondary,17.8,1,0,3.68,49.7,0,2,82.7,9.5,2.76,0.0,1,1,0
S101758,24,Female,Medium,Secondary,11.9,1,1,2.14,48.3,2,7,83.8,11.9,1.98,8.0,0,0,1
S101759,24,Male,Medium,Bachelor,14.2,1,1,2.77,55.2,0,6,77.3,4.6,2.64,11.0,0,2,0
S101760,22,Female,High,Secondary,10.7,1,1,2.99,66.9,0,3,76.1,11.8,2.86,10.0,1,1,0
S101761,22,Female,Low,Bachelor,37.8,0,1,3.58,54.4,0,2,64.9,3.3,1.25,16.0,0,0,1
S101762,17,Male,Medium,Secondary,16.4,0,0,3.97,35.2,0,8,89.2,3.5,3.74,6.0,0,0,0
S101763,24,Female,High,None,46.2,1,0,2.79,66.7,1,5,64.4,7.5,2.35,8.0,1,0,0
S101764,24,Female,Low,Bachelor,0.4,1,0,3.27,59.7,0,6,67.7,12.7,2.22,13.0,0,0,1
S101765,29,Female,Medium,Bachelor,15.5,1,0,2.95,50.9,1,6,62.0,10.3,2.56,8.0,1,1,0
S101766,23,Female,Medium,Bachelor,0.0,0,1,2.95,60.4,0,6,75.1,6.1,2.47,14.0,0,0,1
S101767,23,Female,High,Bachelor,4.8,1,0,3.14,59.8,1,2,80.4,14.4,2.84,11.0,1,1,0
S101768,17,Female,High,Bachelor,19.5,1,0,2.21,65.7,0,2,63.5,11.6,3.35,9.0,0,1,0
S101769,19,Female,High,Secondary,42.7,0,1,2.98,61.3,0,4,76.0,15.2,3.69,8.0,0,0,0
S101770,21,Female,Low,Postgraduate,23.1,0,1,3.23,67.5,1,8,82.4,5.5,3.35,7.0,0,0,1
S101771,21,Female,Medium,Bachelor,76.2,0,1,2.57,64.3,0,7,56.5,17.2,2.14,8.0,0,1,1
S101772,21,Female,High,Bachelor,20.2,0,0,3.23,77.3,0,8,68.6,17.9,2.72,5.0,0,0,0
S101773,22,Female,Medium,Postgraduate,33.1,0,1,2.14,88.8,1,3,100.0,14.6,2.87,11.0,1,0,1
S101774,26,Male,Medium,Secondary,18.6,0,0,3.05,64.8,1,3,69.4,12.4,3.02,16.0,0,0,0
S101775,18,Male,Low,Bachelor,59.8,0,1,3.67,55.7,1,6,90.6,12.5,3.14,1.0,0,0,0
S101776,21,Female,High,Bachelor,38.0,1,1,2.89,43.4,1,1,72.4,11.7,2.85,13.0,0,0,0
S101777,19,Female,Low,Secondary,17.3,0,1,2.51,74.7,0,8,83.0,3.1,2.74,9.0,0,0,1
S101778,21,Male,Low,Bachelor,16.3,0,0,2.29,51.5,2,7,68.0,7.0,3.44,12.0,0,1,1
S101779,25,Female,High,Secondary,5.4,0,1,3.2,100.0,0,7,51.5,9.5,2.71,6.0,0,0,1
S101780,17,Male,High,Secondary,10.4,1,0,3.46,100.0,0,7,73.4,4.8,3.47,7.0,0,0,0
S101781,21,Male,High,Secondary,5.8,0,0,2.97,61.8,0,7,86.6,17.2,3.37,13.0,1,0,0
S101782,17,Female,Medium,Bachelor,4.0,0,1,2.77,40.0,0,5,90.2,12.5,3.82,8.0,0,0,0
S101783,29,Male,Low,Bachelor,14.9,0,0,2.03,74.8,0,3,82.1,18.9,2.95,11.0,0,0,0
S101784,26,Female,Medium,Secondary,2.7,0,0,3.06,96.5,0,8,68.3,14.0,3.81,6.0,1,2,0
S101785,20,Male,Low,Secondary,22.8,0,0,2.66,45.3,0,2,93.8,3.0,2.59,7.0,0,0,1
S101786,19,Female,High,Bachelor,24.2,1,0,2.68,93.5,0,8,69.2,16.5,3.04,10.0,0,0,0
S101787,18,Male,Medium,None,11.5,1,0,3.81,37.3,0,6,70.1,7.7,3.34,10.0,0,2,0
S101788,23,Female,Medium,Secondary,1.0,0,1,2.1,43.2,0,7,65.3,16.8,2.09,11.0,0,0,0
S101789,26,Female,Low,Secondary,33.0,1,0,2.17,69.6,1,4,73.7,17.5,2.53,7.0,0,0,0
S101790,24,Male,Medium,Bachelor,0.5,0,1,3.12,80.3,2,6,75.6,16.8,2.33,8.0,1,0,1
S101791,28,Male,High,Secondary,12.7,0,1,2.81,64.0,1,6,84.4,15.4,2.76,12.0,1,0,0
S101792,21,Male,Medium,Bachelor,2.3,0,1,2.74,71.7,0,7,59.7,12.2,2.43,14.0,0,0,0
S101793,20,Female,Low,Bachelor,1.1,0,1,3.14,81.6,0,3,73.1,9.9,2.87,5.0,0,0,0
S101794,23,Female,Low,Secondary,11.0,0,1,3.13,83.3,0,6,68.0,19.4,2.75,13.0,0,1,1
S101795,19,Female,Medium,Bachelor,1.6,1,0,2.51,55.7,1,2,86.4,11.4,2.6,5.0,0,0,0
S101796,29,Female,Low,None,37.2,0,1,2.7,52.0,0,8,84.5,8.1,2.91,9.0,0,0,0
S101797,19,Female,High,Secondary,45.7,1,0,3.02,80.8,1,5,64.6,12.2,2.32,9.0,0,0,0
S101798,23,Female,Medium,None,29.5,0,0,3.08,71.8,0,8,87.4,15.7,2.2,6.0,0,0,0
S101799,23,Female,Low,Bachelor,18.0,0,1,3.24,73.8,0,1,79.2,15.6,1.96,7.0,0,0,0
S101800,17,Female,Medium,Postgraduate,2.1,0,0,2.71,55.1,0,3,91.9,4.6,1.55,1.0,0,0,0
S101801,23,Female,Medium,Bachelor,46.4,0,1,3.17,74.6,0,5,70.3,15.4,2.32,11.0,1,0,1
S101802,22,Female,Low,Bachelor,3.8,0,1,3.48,48.6,0,8,88.9,13.4,3.18,7.0,1,1,1
S101803,20,Male,Medium,Secondary,5.0,0,1,3.02,68.7,0,2,93.0,8.3,2.66,8.0,1,0,1
S101804,18,Male,Low,Postgraduate,13.9,1,0,2.95,66.7,0,4,81.0,5.9,2.81,6.0,0,0,0
S101805,17,Male,Medium,Secondary,8.6,0,0,2.88,66.8,0,2,100.0,17.2,2.52,11.0,0,1,0
S101806,17,Female,High,Secondary,23.4,0,0,2.69,76.7,0,7,87.4,17.6,4.15,9.0,0,1,0
S101807,23,Male,High,Postgraduate,20.2,0,0,2.53,49.7,0,4,100.0,17.8,2.92,3.0,0,0,0
S101808,18,Female,Low,Secondary,18.2,0,1,2.85,75.2,0,2,100.0,3.5,2.4,8.0,0,0,0
S101809,29,Female,Medium,Secondary,45.9,0,1,3.23,65.3,0,5,54.9,9.0,2.06,4.0,0,0,1
S101810,20,Female,Low,None,26.3,0,1,2.56,53.1,1,6,97.3,10.3,4.0,8.0,0,0,1
S101811,25,Female,Medium,Secondary,4.1,1,1,2.96,45.2,0,7,87.7,17.5,1.82,11.0,0,0,1
S101812,25,Male,Low,Bachelor,33.1,1,0,2.9,93.3,0,3,83.7,14.0,2.24,9.0,0,0,0
S101813,23,Female,Medium,Secondary,24.0,0,0,3.89,64.0,0,3,70.1,8.9,2.24,10.0,1,0,0
S101814,28,Male,Low,Postgraduate,1.3,1,1,3.36,59.7,1,6,66.6,10.8,2.78,12.0,1,0,0
S101815,18,Female,High,None,39.0,1,0,3.35,47.8,0,5,64.2,13.6,3.05,5.0,0,0,0
S101816,20,Female,High,Bachelor,11.4,0,0,3.46,81.3,0,2,100.0,13.7,2.85,6.0,1,0,0
S101817,20,Female,Low,Bachelor,16.1,1,1,2.73,80.2,0,5,87.3,18.4,2.54,1.0,0,1,0
S101818,18,Female,Medium,Bachelor,2.2,0,0,3.69,77.3,2,5,59.6,17.3,1.82,6.0,1,0,0
S101819,20,Male,Low,Secondary,53.3,1,0,3.08,64.1,0,2,64.2,16.2,4.1,6.0,1,0,0
S101820,21,Female,Medium,Bachelor,6.2,1,0,2.98,76.3,0,8,49.6,6.2,2.99,11.0,0,0,1
S101821,26,Female,Low,Bachelor,11.7,1,0,2.39,52.6,0,1,97.9,6.5,3.2,10.0,0,0,0
S101822,20,Female,Low,Bachelor,13.9,1,1,2.8,68.3,0,6,80.7,5.0,2.33,14.0,0,0,0
S101823,28,Male,Medium,Secondary,13.3,1,0,2.12,64.2,1,5,87.6,12.1,2.59,6.0,1,0,0
S101824,27,Male,Medium,Secondary,4.5,0,1,2.88,69.0,1,3,80.0,7.7,3.62,10.0,0,0,0
S101825,28,Female,Medium,Bachelor,0.9,1,0,2.71,37.8,0,5,94.2,13.0,1.26,11.0,1,0,1
S101826,18,Male,Medium,Secondary,18.6,0,0,2.8,93.0,0,3,74.0,13.7,3.33,17.0,1,0,1
S101827,29,Female,Low,Secondary,2.0,1,0,2.31,89.3,0,8,84.4,11.2,2.63,10.0,0,0,0
S101828,24,Female,Low,Postgraduate,7.1,1,1,3.35,47.7,0,4,84.1,14.5,3.09,8.0,0,1,0
S101829,29,Female,Medium,Secondary,25.1,0,0,3.3,73.7,0,5,62.6,6.9,3.97,9.0,0,0,0
S101830,21,Male,Medium,Secondary,10.8,0,1,3.84,42.7,0,3,69.2,2.8,2.47,10.0,1,2,0
S101831,29,Female,Low,Bachelor,3.7,1,1,3.83,66.3,0,2,75.5,6.6,0.91,13.0,1,0,1
S101832,24,Male,Medium,None,4.6,1,0,3.08,32.1,2,2,84.8,14.3,2.04,6.0,1,0,0
S101833,17,Female,Medium,None,11.6,1,0,3.51,60.6,0,6,100.0,19.4,2.81,5.0,0,0,0
S101834,22,Female,Medium,None,17.9,0,1,3.13,57.7,0,8,81.7,17.6,3.95,18.0,0,1,0
S101835,18,Male,High,None,7.1,0,1,2.79,82.4,0,1,78.7,9.2,2.53,3.0,1,0,0
S101836,29,Male,Medium,Secondary,65.2,0,0,2.86,90.0,0,2,84.6,15.0,3.88,11.0,0,0,1
S101837,20,Male,Medium,Bachelor,14.8,0,1,3.32,90.4,0,6,77.6,3.2,1.17,10.0,1,0,0
S101838,19,Female,Medium,Secondary,19.9,1,1,4.0,82.4,0,2,79.7,17.9,2.45,9.0,0,0,1
S101839,24,Female,Low,Secondary,23.4,0,1,3.58,66.2,0,7,100.0,12.8,3.53,3.0,0,0,0
S101840,22,Male,Low,Bachelor,20.3,0,0,3.12,70.8,0,7,76.7,14.2,3.46,19.0,0,0,0
S101841,18,Male,Low,Secondary,3.2,0,0,3.24,70.8,0,2,83.9,0.6,1.43,9.0,0,0,0
S101842,27,Female,High,Secondary,17.4,1,0,3.24,47.3,1,1,70.3,12.5,2.21,6.0,0,0,1
S101843,27,Male,Low,Secondary,37.0,0,1,2.95,82.2,0,3,98.9,19.4,2.7,3.0,0,1,1
S101844,26,Female,Medium,Secondary,29.7,0,0,3.38,75.4,0,2,66.3,11.7,2.34,0.0,0,0,0
S101845,25,Female,Medium,Secondary,1.2,0,1,2.92,76.0,1,1,78.9,9.8,3.62,11.0,0,0,0
S101846,22,Female,Medium,None,3.7,0,0,2.49,30.8,1,8,94.7,9.0,2.81,5.0,0,1,0
S101847,24,Female,High,Bachelor,0.5,0,0,3.24,71.8,0,2,67.0,6.6,1.79,7.0,1,1,0
S101848,23,Female,Medium,Postgraduate,28.8,1,0,3.31,80.1,0,5,93.0,10.7,3.12,6.0,0,0,0
S101849,19,Female,Low,Bachelor,5.2,0,1,2.93,64.8,0,3,49.3,4.2,3.16,10.0,1,2,1
S101850,18,Male,Medium,None,8.5,0,0,3.15,57.5,0,2,63.6,12.5,2.0,10.0,0,1,1
S101851,20,Male,Medium,Bachelor,32.7,0,1,3.48,44.6,0,3,78.6,15.8,2.18,11.0,0,0,1
S101852,22,Female,Low,Bachelor,8.1,0,1,2.97,43.5,0,2,100.0,8.1,2.3,11.0,1,0,0
S101853,19,Male,Medium,None,10.4,0,1,2.78,67.3,0,4,82.2,12.2,3.76,5.0,1,0,0
S101854,18,Female,Medium,Postgraduate,5.1,0,1,2.65,61.5,0,5,82.5,9.9,2.74,3.0,0,0,1
S101855,28,Female,Low,Bachelor,24.8,0,1,2.87,61.3,0,8,97.2,12.2,1.25,7.0,0,0,1
S101856,21,Female,High,None,24.4,0,1,3.77,87.9,1,6,63.7,14.8,1.96,10.0,0,0,0
S101857,24,Male,Medium,Postgraduate,13.9,1,0,2.9,46.2,0,1,34.5,12.3,3.3,8.0,0,0,0
S101858,23,Female,Medium,None,1.9,1,0,3.18,59.8,1,2,100.0,14.6,2.51,1.0,0,0,0
S101859,26,Female,Low,Secondary,4.5,0,1,2.84,90.4,2,3,89.1,12.9,1.94,8.0,1,3,1
S101860,26,Male,Low,Secondary,2.0,0,0,2.79,60.3,0,5,73.3,14.6,2.54,4.0,1,2,1
S101861,20,Female,Medium,Secondary,29.6,1,0,2.56,66.0,1,2,80.9,11.8,3.49,8.0,0,0,0
S101862,28,Female,Medium,Postgraduate,16.6,0,1,3.05,62.4,0,5,95.8,11.9,4.32,12.0,1,0,0
S101863,21,Female,Medium,Bachelor,17.9,1,1,2.74,75.6,1,7,78.1,13.7,2.76,0.0,1,0,0
S101864,27,Female,Medium,Secondary,63.2,1,0,3.64,34.2,0,1,82.2,9.9,3.14,14.0,0,0,1
S101865,22,Male,Low,Bachelor,15.8,0,1,2.95,61.9,0,8,100.0,12.5,2.73,4.0,1,1,0
S101866,18,Female,Medium,Bachelor,0.6,0,0,2.98,65.8,1,6,61.3,5.8,2.95,12.0,0,0,1
S101867,26,Female,High,Postgraduate,12.3,1,0,2.91,50.0,1,4,87.8,1.2,2.15,11.0,0,2,0
S101868,17,Male,Medium,Postgraduate,14.4,0,1,3.19,70.2,0,2,61.7,10.7,3.81,7.0,0,2,0
S101869,27,Female,Medium,Postgraduate,24.9,0,0,3.75,76.8,0,8,100.0,6.3,2.48,10.0,0,0,0
S101870,17,Male,High,Bachelor,19.5,0,1,2.48,71.8,0,3,84.4,19.9,2.03,5.0,1,0,1
S101871,19,Male,Low,Secondary,4.0,0,1,3.14,91.7,0,7,69.7,6.2,2.26,1.0,1,1,1
S101872,24,Female,Medium,Postgraduate,7.1,1,0,2.22,58.5,0,8,57.5,14.1,3.27,13.0,0,0,0
S101873,29,Male,High,None,1.7,0,0,3.61,72.5,0,3,74.7,6.7,2.31,5.0,1,1,1
S101874,22,Female,Medium,Secondary,1.5,0,1,2.95,72.1,1,1,82.8,10.1,3.86,15.0,0,1,0
S101875,18,Male,Low,Secondary,11.3,0,1,2.25,61.5,1,1,97.4,4.6,3.25,12.0,0,0,1
S101876,20,Female,High,Secondary,8.0,0,1,2.36,82.0,1,5,63.6,4.2,3.4,5.0,1,0,0
S101877,28,Male,Low,Bachelor,2.7,0,1,3.41,69.3,0,8,67.6,11.6,2.51,10.0,0,1,1
S101878,26,Female,Low,Postgraduate,6.5,1,1,2.17,47.0,2,7,72.5,8.2,2.36,10.0,1,0,1
S101879,18,Male,Low,Secondary,11.8,0,0,3.14,76.3,1,7,68.4,13.9,2.82,15.0,0,1,1
S101880,22,Female,Medium,Bachelor,5.2,0,0,2.79,57.5,1,8,72.3,16.5,1.97,6.0,0,1,1
S101881,20,Male,Medium,Secondary,16.1,1,0,2.9,60.2,0,6,65.8,2.2,3.13,7.0,0,0,0
S101882,19,Male,Medium,Bachelor,34.8,0,0,2.66,61.3,2,2,86.3,15.5,3.44,10.0,1,1,0
S101883,28,Female,High,None,55.5,0,1,2.52,76.0,0,4,72.8,5.2,2.32,8.0,0,0,1
S101884,25,Female,Medium,None,1.6,0,1,2.76,81.2,0,3,80.2,8.3,3.28,2.0,0,0,1
S101885,19,Female,Medium,Bachelor,40.8,0,1,3.29,62.6,1,2,84.6,3.0,2.98,12.0,0,1,1
S101886,25,Male,High,Secondary,4.2,0,1,2.85,61.7,1,5,59.3,3.1,3.58,14.0,0,0,0
S101887,22,Male,High,Secondary,33.5,0,0,3.21,34.3,0,3,88.9,0.3,3.95,9.0,0,1,0
S101888,17,Female,Low,Secondary,28.7,1,0,2.88,54.4,0,7,83.1,8.0,3.35,3.0,0,1,0
S101889,22,Female,Low,None,33.5,0,0,3.31,50.8,0,4,83.2,10.3,2.76,8.0,0,1,1
S101890,19,Male,Medium,Bachelor,50.8,0,1,3.21,69.7,0,5,78.0,8.1,3.64,4.0,0,0,1
S101891,20,Female,High,Secondary,15.7,1,1,2.73,63.4,1,6,76.0,1.0,2.83,7.0,0,0,0
S101892,28,Female,Medium,Secondary,2.1,1,1,2.52,51.4,0,2,80.8,0.2,2.61,9.0,1,0,0
S101893,26,Female,Low,Bachelor,0.6,0,1,3.48,67.3,0,1,81.4,10.1,2.37,11.0,0,0,1
S101894,18,Male,Medium,Bachelor,20.3,1,0,2.59,64.0,0,4,62.3,13.9,2.87,14.0,1,1,0
S101895,28,Female,Medium,Secondary,11.1,0,0,3.25,26.9,0,6,100.0,11.2,3.5,11.0,0,0,0
S101896,24,Male,Medium,Bachelor,1.3,0,0,3.02,81.6,0,6,69.6,19.3,2.08,4.0,0,0,0
S101897,28,Female,High,None,5.0,0,1,2.77,80.2,1,6,81.0,9.8,1.93,11.0,1,3,0
S101898,26,Male,Medium,Secondary,38.4,0,0,3.21,61.4,0,7,97.5,11.6,1.95,7.0,0,0,0
S101899,21,Female,Medium,Bachelor,0.6,0,1,3.68,70.3,0,8,74.9,9.9,3.52,7.0,1,0,0
S101900,23,Female,Medium,None,29.3,0,0,3.31,60.1,0,7,83.6,6.1,3.08,8.0,1,0,0
S101901,23,Female,Medium,Secondary,8.6,0,1,3.06,40.9,0,7,47.1,9.2,3.83,9.0,1,0,0
S101902,26,Male,Medium,Bachelor,12.1,1,1,3.81,97.5,0,5,50.3,14.2,2.44,12.0,1,3,0
S101903,20,Male,Medium,Bachelor,9.4,1,0,2.16,76.2,0,8,79.6,14.4,1.94,10.0,1,0,1
S101904,21,Female,Medium,Postgraduate,21.6,0,1,2.44,79.1,1,7,82.8,11.8,3.89,3.0,0,0,0
S101905,20,Female,Medium,Bachelor,28.8,0,1,2.77,60.7,0,1,96.6,17.9,2.29,2.0,1,0,0
S101906,20,Female,Medium,Secondary,2.1,1,1,3.71,81.9,1,1,92.0,12.3,3.27,11.0,1,1,0
S101907,19,Male,Low,Bachelor,9.7,0,0,3.47,44.4,0,8,56.1,11.6,1.87,10.0,0,0,1
S101908,17,Female,Medium,Secondary,25.5,0,1,2.14,61.3,1,8,99.0,17.5,2.93,13.0,0,0,0
S101909,29,Male,Medium,Bachelor,13.2,0,0,2.78,76.1,0,7,62.1,6.4,2.69,8.0,0,0,0
S101910,17,Male,Low,Secondary,16.8,0,0,2.34,55.6,1,7,92.9,17.1,1.8,9.0,0,1,1
S101911,28,Male,Medium,None,13.1,0,0,2.98,78.7,0,5,73.2,5.1,4.12,10.0,0,0,0
S101912,17,Female,Low,None,8.1,0,1,3.45,69.6,0,6,100.0,8.7,2.18,2.0,1,1,1
S101913,27,Male,High,Bachelor,13.6,0,0,3.49,68.1,0,3,71.1,0.8,2.15,2.0,1,0,0
S101914,21,Male,High,None,5.4,0,1,3.13,54.2,2,5,78.9,11.3,2.34,11.0,1,0,0
S101915,23,Female,Medium,Bachelor,22.6,1,0,2.79,71.1,0,2,82.4,16.6,1.27,9.0,1,0,0
S101916,20,Female,Medium,Bachelor,24.2,0,0,2.95,94.0,1,5,76.4,5.3,2.57,13.0,1,0,0
S101917,23,Male,Medium,Bachelor,2.4,0,1,3.34,67.6,0,1,65.0,8.6,2.34,15.0,1,1,0
S101918,22,Male,Medium,Secondary,15.4,0,0,4.0,73.3,1,2,100.0,8.9,3.49,7.0,1,1,1
S101919,23,Female,High,Secondary,2.9,0,0,2.41,75.6,0,3,70.8,8.9,3.02,7.0,0,0,1
S101920,22,Male,Low,Postgraduate,18.7,1,0,3.79,47.8,0,6,70.3,4.8,1.91,3.0,0,0,1
S101921,23,Male,Low,Bachelor,7.3,0,0,3.12,63.0,0,4,78.4,10.2,2.34,10.0,1,1,1
S101922,27,Female,Medium,Secondary,64.1,0,0,3.41,62.6,0,4,82.9,17.9,4.31,0.0,0,0,0
S101923,22,Male,Low,Postgraduate,12.5,1,1,3.09,33.1,0,7,69.7,7.5,2.16,4.0,1,0,0
S101924,21,Female,Medium,Secondary,0.5,0,1,3.7,76.8,0,6,94.3,11.2,3.38,9.0,1,0,1
S101925,18,Male,Medium,Secondary,10.1,0,0,3.16,51.0,0,3,82.3,11.1,2.32,5.0,1,1,1
S101926,21,Male,Low,None,23.1,0,0,2.68,75.2,1,2,80.3,8.0,2.1,8.0,1,0,0
S101927,18,Male,Medium,None,3.3,0,1,3.23,53.6,0,3,88.4,11.4,2.42,7.0,1,1,0
S101928,19,Male,Medium,Secondary,9.5,0,0,3.56,95.6,0,2,67.3,8.1,3.83,4.0,1,0,0
S101929,29,Male,High,Bachelor,0.8,0,0,3.0,60.8,0,2,71.2,12.1,1.77,0.0,1,1,0
S101930,18,Male,Medium,Secondary,15.3,0,0,1.96,93.8,0,8,79.7,9.6,3.26,11.0,1,1,0
S101931,23,Female,Low,Bachelor,4.0,0,1,2.94,62.4,1,8,93.9,3.0,3.65,7.0,1,0,0
S101932,27,Female,Medium,Bachelor,0.9,0,1,3.05,64.2,1,5,76.3,1.0,2.41,9.0,1,0,0
S101933,29,Male,Medium,Bachelor,25.5,0,0,2.98,88.5,1,2,75.2,0.0,3.5,8.0,1,0,0
S101934,18,Female,Medium,None,51.4,0,0,2.75,51.2,0,8,48.4,7.9,3.39,8.0,0,0,0
S101935,19,Female,Medium,Bachelor,96.9,0,1,3.66,65.7,0,5,69.6,14.2,2.24,9.0,1,0,1
S101936,21,Female,Low,None,3.4,0,0,1.81,73.1,0,2,55.2,6.3,2.14,7.0,0,0,0
S101937,24,Male,Medium,Bachelor,25.0,0,0,3.05,71.1,0,3,59.0,8.8,2.69,7.0,1,0,0
S101938,29,Male,Medium,Secondary,11.6,0,1,3.05,65.6,0,4,85.5,6.7,2.88,4.0,0,0,1
S101939,19,Male,Low,Bachelor,3.6,1,0,4.0,63.6,0,5,100.0,5.8,2.54,18.0,0,0,0
S101940,19,Male,Medium,Secondary,17.6,1,0,2.99,77.7,0,3,82.9,21.0,3.2,12.0,0,0,0
S101941,20,Male,High,Bachelor,24.7,0,1,3.22,67.7,0,1,85.0,6.0,2.26,14.0,0,0,0
S101942,28,Female,Medium,None,21.6,1,1,3.06,79.5,0,3,68.6,3.2,2.16,13.0,1,0,0
S101943,17,Female,Low,Secondary,3.1,0,0,3.05,70.9,0,7,64.3,5.5,2.8,7.0,1,3,1
S101944,21,Male,Medium,Bachelor,30.8,0,0,3.88,74.8,0,8,100.0,10.4,2.96,7.0,0,1,1
S101945,18,Female,Low,Secondary,8.4,0,0,2.44,82.0,0,4,67.9,7.1,3.72,8.0,0,0,1
S101946,19,Male,Medium,Bachelor,1.3,0,0,2.67,60.3,0,7,50.0,11.4,3.12,7.0,0,0,1
S101947,28,Female,Medium,Bachelor,0.1,1,0,3.38,81.6,0,3,83.7,6.3,3.3,12.0,1,1,0
S101948,17,Female,Low,Bachelor,2.6,0,0,3.13,62.6,0,3,73.6,7.1,2.56,5.0,0,2,0
S101949,21,Male,Low,Bachelor,8.9,0,0,2.86,44.0,0,3,88.9,6.5,2.56,4.0,1,1,1
S101950,28,Female,High,Bachelor,21.4,1,0,2.96,60.1,0,7,100.0,9.5,2.36,3.0,0,0,0
S101951,24,Female,Low,Postgraduate,2.3,0,0,3.46,54.2,0,8,85.5,13.6,2.93,7.0,0,0,0
S101952,17,Female,High,None,40.2,0,1,3.24,70.6,0,8,83.4,14.1,2.9,6.0,1,2,0
S101953,23,Female,Medium,Bachelor,0.4,0,1,2.64,60.7,0,3,89.9,17.0,2.87,6.0,0,0,0
S101954,29,Female,Medium,Bachelor,19.8,1,1,3.12,66.9,0,6,100.0,3.4,2.66,8.0,0,0,0
S101955,22,Male,Low,Secondary,42.6,0,1,2.98,80.2,0,4,100.0,4.8,2.77,3.0,0,2,0
S101956,23,Male,Low,Secondary,71.2,1,1,3.24,87.3,0,7,75.3,5.4,3.96,11.0,1,0,1
S101957,23,Female,Low,Secondary,11.8,0,0,2.84,69.4,1,7,94.2,10.0,2.99,4.0,1,0,0
S101958,25,Male,Medium,Bachelor,9.7,1,1,2.4,81.3,0,7,100.0,4.6,3.21,3.0,0,1,0
S101959,19,Female,High,Secondary,23.6,1,0,3.34,62.3,1,8,90.4,6.6,3.13,5.0,1,0,1
S101960,27,Female,High,Bachelor,21.4,1,1,3.27,41.6,1,2,79.0,13.4,2.68,7.0,0,0,0
S101961,29,Female,Low,Bachelor,5.3,0,1,3.71,47.3,1,8,72.5,15.4,3.18,11.0,1,0,1
S101962,18,Male,Low,Bachelor,10.8,0,0,2.34,62.1,0,2,81.5,13.5,2.81,8.0,0,0,0
S101963,27,Female,Low,Secondary,7.0,1,1,2.96,76.9,0,2,62.9,11.6,1.92,2.0,0,0,1
S101964,27,Male,High,Bachelor,21.4,0,1,2.88,62.1,0,7,93.4,6.7,2.39,10.0,1,0,0
S101965,26,Male,Low,Bachelor,5.9,1,1,2.8,82.8,0,5,100.0,10.1,4.2,10.0,0,0,0
S101966,21,Male,Low,None,56.5,1,0,2.23,92.5,0,7,74.0,15.7,3.62,6.0,0,2,0
S101967,23,Female,Medium,Secondary,55.6,0,0,2.47,51.7,0,5,73.2,13.3,2.59,9.0,1,0,1
S101968,27,Female,Medium,Secondary,1.3,0,1,3.14,96.9,0,4,64.2,14.4,3.27,14.0,0,0,0
S101969,18,Male,Low,Postgraduate,1.9,0,0,2.75,40.5,0,7,87.0,14.8,2.95,5.0,0,0,0
S101970,27,Female,Medium,Secondary,19.9,0,0,2.59,92.7,0,6,79.8,8.4,4.02,12.0,1,0,0
S101971,28,Male,Low,None,2.1,0,0,3.72,64.5,0,4,58.3,13.2,2.71,13.0,1,0,0
S101972,25,Female,Low,None,32.7,0,0,4.0,61.5,0,5,100.0,8.1,2.96,9.0,0,0,1
S101973,21,Male,Low,None,11.9,1,1,2.97,64.9,0,4,53.3,13.0,2.24,3.0,1,0,1
S101974,24,Female,Medium,Secondary,6.4,0,1,2.25,53.0,0,2,58.4,16.1,2.71,13.0,0,0,0
S101975,17,Female,High,Bachelor,2.7,0,1,3.2,87.5,1,3,94.1,17.8,0.88,12.0,1,0,0
S101976,29,Female,Medium,Secondary,9.0,0,1,1.96,54.6,0,1,89.9,13.0,2.98,10.0,0,0,1
S101977,21,Male,Medium,Bachelor,12.7,0,1,2.32,56.5,0,6,69.3,12.0,3.5,8.0,1,1,1
S101978,17,Female,Low,None,12.5,0,1,3.21,44.3,1,6,68.3,16.9,3.98,13.0,1,0,0
S101979,27,Female,Medium,Secondary,22.0,1,0,2.31,54.0,1,6,86.9,5.7,3.14,5.0,1,0,0
S101980,25,Female,High,Bachelor,2.4,1,1,2.85,54.5,0,3,85.7,17.2,2.54,11.0,1,0,0
S101981,25,Female,Medium,Bachelor,12.7,0,1,2.26,53.5,0,8,69.4,10.7,2.22,7.0,0,1,1
S101982,17,Female,High,Bachelor,2.0,1,1,3.03,62.4,1,6,94.9,10.7,2.47,1.0,1,1,0
S101983,26,Male,Medium,Secondary,5.9,0,1,3.56,48.3,0,5,88.6,7.7,1.68,4.0,0,0,0
S101984,25,Female,Medium,Secondary,5.3,0,0,2.69,88.9,0,5,100.0,4.1,2.62,10.0,1,0,0
S101985,27,Male,Low,Bachelor,3.7,0,0,2.99,62.7,0,8,79.3,17.4,1.94,9.0,0,0,0
S101986,27,Female,Medium,Secondary,2.5,1,1,2.59,70.6,1,1,92.2,12.0,2.38,10.0,0,2,1
S101987,19,Male,Medium,Bachelor,0.2,0,1,2.63,77.9,0,8,76.6,8.2,2.66,7.0,1,1,1
S101988,19,Male,High,Secondary,28.3,1,0,2.58,95.4,2,4,88.1,11.8,3.03,9.0,1,0,0
S101989,29,Female,High,None,9.9,0,0,3.39,78.6,0,1,85.4,8.3,1.64,11.0,0,1,0
S101990,23,Female,Medium,Bachelor,1.4,1,0,2.29,61.3,1,3,92.7,1.5,2.56,17.0,0,0,0
S101991,22,Female,High,Bachelor,3.8,0,0,2.83,48.9,1,1,87.8,9.1,3.28,6.0,1,0,0
S101992,20,Female,High,Bachelor,10.1,1,0,3.2,70.1,0,5,51.7,3.0,3.78,12.0,0,0,0
S101993,25,Male,Medium,Bachelor,0.1,0,0,3.45,80.9,0,8,70.6,11.2,2.75,11.0,0,1,0
S101994,26,Male,Low,Secondary,17.6,0,0,3.22,67.1,0,6,81.2,17.9,4.34,8.0,0,1,1
S101995,17,Male,Low,Bachelor,1.5,1,0,2.96,66.0,0,5,87.0,6.8,3.29,3.0,0,0,0
S101996,24,Female,Low,Postgraduate,25.9,0,1,2.72,68.2,2,1,92.4,14.0,2.84,14.0,1,0,0
S101997,29,Female,Low,Secondary,32.1,1,0,3.46,37.0,0,3,88.2,6.8,3.67,9.0,0,1,0
S101998,20,Female,High,Secondary,44.4,1,1,2.57,67.2,1,3,69.4,9.9,2.45,6.0,0,0,0
S101999,20,Female,Low,Postgraduate,26.8,1,0,2.57,76.0,0,4,93.8,5.6,2.07,4.0,0,1,1
S102000,28,Male,Medium,None,2.6,0,0,3.68,64.3,1,7,67.9,13.1,3.45,9.0,1,0,0
S102001,17,Female,Medium,Postgraduate,27.9,0,0,3.18,81.9,0,4,98.9,16.7,3.17,4.0,1,0,1
S102002,22,Female,Medium,Secondary,11.6,0,0,3.2,82.4,0,2,99.9,11.0,3.53,6.0,0,0,0
S102003,22,Female,Low,Bachelor,19.0,0,0,3.3,57.4,1,1,79.8,12.7,3.51,6.0,1,0,0
S102004,27,Male,Medium,Bachelor,2.2,0,0,2.95,71.6,0,1,70.3,12.7,4.21,8.0,1,0,0
S102005,18,Male,Medium,Bachelor,2.5,1,0,2.28,65.6,0,8,69.6,8.8,1.78,10.0,0,2,0
S102006,22,Female,Medium,Bachelor,9.4,1,1,3.13,34.6,0,2,63.6,16.5,2.55,7.0,0,0,0
S102007,18,Male,Low,None,14.5,0,0,2.99,62.2,0,3,66.2,7.4,2.6,7.0,0,0,0
S102008,27,Female,Medium,Bachelor,9.3,1,0,2.57,49.5,0,5,77.3,2.1,3.62,8.0,1,0,0
S102009,25,Male,Low,Postgraduate,8.6,0,1,2.46,67.0,0,5,71.6,5.4,3.06,5.0,0,0,1
S102010,23,Female,Medium,Postgraduate,6.3,0,0,2.98,75.2,1,7,55.9,13.1,3.62,6.0,0,0,1
S102011,22,Female,Medium,Postgraduate,3.0,0,0,2.32,61.7,0,7,72.7,8.1,3.0,6.0,0,0,0
S102012,18,Female,Low,Bachelor,45.5,1,1,2.93,51.5,0,2,81.4,10.5,2.79,9.0,0,0,0
S102013,28,Male,High,Bachelor,5.9,1,1,2.87,68.5,0,8,74.9,8.8,3.28,14.0,1,0,0
S102014,25,Male,Low,Bachelor,8.2,0,1,2.94,100.0,1,4,66.6,10.9,2.98,3.0,1,1,0
S102015,21,Male,High,Bachelor,2.0,0,1,3.2,32.4,0,2,44.1,15.5,3.07,9.0,0,0,1
S102016,22,Female,High,Bachelor,15.3,0,0,3.31,68.5,1,5,97.2,17.6,3.26,7.0,1,0,0
S102017,26,Male,Medium,None,0.4,0,0,2.64,56.8,0,2,79.4,5.2,3.1,7.0,1,1,0
S102018,26,Female,Low,None,10.1,0,1,3.43,58.6,0,3,84.8,14.7,3.49,6.0,0,0,1
S102019,22,Male,Low,Bachelor,2.7,1,1,2.89,63.4,0,2,82.7,11.0,2.84,13.0,1,0,1
S102020,20,Male,High,Secondary,32.6,1,1,3.88,59.8,1,7,87.5,3.9,2.92,0.0,1,0,1
S102021,25,Female,Medium,Secondary,13.5,0,1,2.71,74.0,0,2,83.6,12.5,2.1,3.0,1,1,1
S102022,25,Female,Low,Secondary,10.5,1,0,2.19,61.4,1,8,81.5,19.2,3.49,12.0,0,1,0
S102023,24,Female,Medium,Bachelor,24.0,0,1,3.42,32.6,0,3,91.4,6.3,4.0,13.0,1,0,0
S102024,17,Female,Low,Postgraduate,15.3,0,0,3.21,84.2,0,2,94.7,8.9,1.54,15.0,1,1,0
S102025,23,Female,Medium,Bachelor,13.6,1,0,3.6,81.9,0,6,100.0,2.0,3.25,9.0,1,1,0
S102026,24,Female,Medium,Postgraduate,34.6,0,0,3.15,55.9,1,4,67.5,9.4,2.7,10.0,1,0,1
S102027,29,Female,Low,Bachelor,0.1,0,0,4.0,65.7,0,2,83.7,10.8,2.67,1.0,1,0,1
S102028,23,Male,High,Secondary,48.2,0,1,2.91,83.3,0,4,55.9,19.9,3.24,8.0,0,0,0
S102029,21,Female,Low,Secondary,7.8,1,1,3.52,80.5,1,2,72.8,5.3,2.78,10.0,1,0,1
S102030,24,Female,Medium,Secondary,29.8,0,1,2.74,85.4,1,6,77.0,14.8,3.07,6.0,0,0,0
S102031,19,Male,Medium,None,6.6,0,0,3.25,70.6,0,4,91.1,11.5,2.55,8.0,1,0,1
S102032,18,Female,High,Bachelor,7.7,0,0,3.34,76.5,1,1,78.2,21.2,3.85,13.0,0,0,0
S102033,25,Female,Medium,Secondary,4.7,0,0,3.42,86.1,0,1,90.1,10.9,2.64,14.0,0,0,0
S102034,29,Female,High,Postgraduate,7.9,0,0,3.39,59.9,0,8,74.8,9.7,2.27,9.0,0,0,0
S102035,27,Male,Medium,Bachelor,8.2,0,0,1.38,71.6,0,3,71.3,14.2,3.04,8.0,1,0,0
S102036,24,Female,High,Secondary,0.8,1,0,2.97,32.8,0,7,68.0,12.4,2.22,11.0,1,0,0
S102037,17,Female,Low,Postgraduate,2.7,0,1,2.71,41.3,1,4,90.4,14.7,2.96,7.0,0,0,0
S102038,29,Male,Medium,Postgraduate,0.7,0,0,2.81,72.5,1,6,74.3,12.8,3.95,12.0,0,0,0
S102039,22,Male,Low,Bachelor,28.6,1,1,2.86,74.8,1,5,43.6,2.6,2.77,6.0,0,0,0
S102040,20,Male,High,Bachelor,7.5,1,0,3.49,59.2,2,4,89.5,12.6,1.85,11.0,1,0,0
S102041,28,Male,High,Postgraduate,6.8,0,0,3.1,55.9,2,6,66.1,12.5,2.51,8.0,0,0,0
S102042,26,Female,Medium,Bachelor,32.5,0,1,2.75,59.7,0,1,82.9,6.3,3.37,6.0,0,0,0
S102043,26,Female,Medium,Bachelor,10.9,0,0,2.27,67.9,1,4,63.1,11.4,2.87,9.0,1,0,0
S102044,20,Male,Medium,None,69.5,0,0,3.77,30.3,2,1,80.2,0.8,3.29,6.0,0,0,1
S102045,29,Male,Low,Bachelor,22.7,1,1,2.68,72.0,0,5,36.9,11.3,2.36,12.0,1,0,1
S102046,22,Female,Medium,Secondary,2.3,0,0,2.93,65.5,0,5,79.5,13.4,2.51,4.0,1,0,0
S102047,23,Male,Medium,None,0.1,0,0,4.0,68.7,0,7,66.9,14.8,3.24,9.0,1,1,0
S102048,26,Female,Medium,None,2.7,0,0,2.69,63.1,0,1,61.0,13.5,3.93,5.0,0,1,0
S102049,25,Male,Low,None,27.0,0,1,2.86,44.3,0,6,91.5,5.6,2.53,13.0,0,0,1
S102050,19,Male,High,Secondary,16.5,0,1,3.12,48.5,0,6,78.2,2.7,2.83,11.0,0,0,0
S102051,20,Female,Low,None,2.1,1,1,2.2,87.9,0,5,76.3,14.7,3.57,8.0,0,0,0
S102052,21,Male,Medium,Secondary,51.8,0,1,2.14,55.4,1,8,69.1,12.0,2.89,8.0,0,0,1
S102053,29,Female,Low,Bachelor,7.3,0,0,2.76,77.1,0,7,93.4,12.5,3.25,15.0,1,0,0
S102054,26,Male,Low,Bachelor,3.9,1,0,2.78,48.8,0,3,73.5,18.4,2.28,11.0,1,1,0
S102055,21,Female,Low,Bachelor,13.6,0,1,3.07,64.8,0,3,100.0,2.0,2.8,5.0,1,0,1
S102056,26,Female,Medium,None,21.1,0,0,2.51,58.4,1,6,98.4,19.0,2.37,12.0,1,0,0
S102057,26,Female,Medium,Bachelor,5.4,0,1,3.22,60.7,0,8,100.0,7.2,1.62,6.0,0,0,0
S102058,22,Male,Medium,None,14.0,0,1,1.92,59.9,1,3,94.5,14.1,2.18,9.0,0,0,0
S102059,22,Female,Medium,Secondary,14.7,0,1,2.96,86.7,0,6,70.9,9.9,3.11,0.0,0,0,1
S102060,28,Female,Medium,Secondary,15.4,0,0,3.18,93.9,0,2,80.8,8.3,3.19,11.0,1,1,0
S102061,24,Male,Low,Postgraduate,2.4,1,1,3.16,68.6,0,6,77.0,2.5,3.34,5.0,1,0,0
S102062,18,Male,Low,Postgraduate,5.5,1,1,2.92,58.8,0,3,92.6,6.6,3.16,7.0,0,0,0
S102063,26,Female,Medium,Bachelor,13.1,0,0,2.67,45.1,0,7,79.8,12.3,2.64,2.0,0,0,0
S102064,24,Male,Medium,Bachelor,5.2,0,1,2.9,44.0,1,6,76.4,11.8,1.52,9.0,0,0,1
S102065,23,Female,Medium,Secondary,1.3,1,0,3.62,86.7,1,1,100.0,14.8,2.0,8.0,0,0,0
S102066,26,Female,Low,Bachelor,8.6,0,0,2.7,43.0,0,6,75.1,6.5,3.57,3.0,0,2,0
S102067,28,Male,High,None,31.7,0,1,3.49,58.4,1,2,70.6,13.7,2.21,8.0,0,0,1
S102068,21,Female,Low,Secondary,6.4,0,1,3.57,67.3,1,2,74.0,10.3,2.75,7.0,1,0,1
S102069,22,Female,Medium,Postgraduate,5.8,0,0,2.13,26.0,0,5,96.1,13.2,2.84,13.0,0,0,0
S102070,19,Male,Low,Postgraduate,0.1,1,0,2.94,46.2,0,5,82.8,12.6,1.83,5.0,0,0,0
S102071,25,Female,Medium,Secondary,1.6,0,1,2.51,44.9,0,5,86.9,7.6,3.03,10.0,0,0,0
S102072,22,Male,Medium,Secondary,6.5,1,0,2.25,55.0,0,3,83.5,11.3,3.87,2.0,0,1,0
S102073,21,Male,Medium,Secondary,4.6,0,1,3.4,68.9,1,8,47.1,12.3,2.79,8.0,0,1,1
S102074,26,Female,Low,Secondary,12.9,0,1,3.24,80.4,1,6,64.0,13.9,2.61,9.0,1,1,1
S102075,22,Male,Medium,Secondary,30.6,0,0,3.13,55.0,0,5,75.8,17.5,1.99,10.0,0,0,0
S102076,23,Female,Low,Bachelor,25.8,1,1,2.46,58.1,0,6,84.7,6.8,2.61,8.0,1,0,0
S102077,22,Male,Medium,None,8.6,0,0,3.11,63.2,1,3,65.2,4.2,3.18,15.0,0,2,1
S102078,20,Female,Low,None,3.1,0,0,2.34,52.9,0,4,64.8,16.4,2.8,7.0,1,0,0
S102079,18,Male,Low,Secondary,15.7,1,1,3.04,71.3,0,4,75.3,3.6,2.49,10.0,0,0,0
S102080,27,Female,Medium,Bachelor,3.7,0,0,2.67,71.7,0,1,99.9,15.2,3.5,7.0,1,0,0
S102081,18,Female,Low,Secondary,1.7,0,0,3.53,24.2,0,3,47.7,5.5,2.62,5.0,1,1,1
S102082,21,Female,Low,Secondary,13.4,0,1,2.82,74.6,0,7,40.2,6.9,2.5,3.0,1,0,1
S102083,25,Female,High,Bachelor,3.9,1,0,3.12,66.9,0,6,100.0,9.6,2.9,4.0,1,0,0
S102084,18,Female,High,Bachelor,0.4,0,0,3.12,68.9,1,8,57.0,2.7,3.71,10.0,0,0,0
S102085,25,Female,High,Secondary,8.7,0,1,2.96,82.7,0,5,73.9,5.1,2.69,13.0,1,0,1
S102086,26,Female,Low,Bachelor,26.4,1,0,3.05,38.2,0,1,57.5,1.6,2.18,10.0,0,1,0
S102087,25,Female,Medium,Secondary,6.1,0,0,3.15,46.2,0,2,75.5,13.3,3.18,7.0,1,1,0
S102088,20,Female,Medium,Bachelor,8.0,0,0,2.55,63.9,0,3,78.0,9.9,2.57,5.0,1,1,0
S102089,17,Female,Low,Secondary,2.0,0,1,3.2,30.2,0,3,100.0,10.1,3.19,9.0,1,1,0
S102090,28,Male,Medium,Postgraduate,1.1,0,0,3.43,61.8,1,8,90.8,9.7,1.37,4.0,0,0,0
S102091,21,Female,Low,Postgraduate,4.4,0,1,3.2,77.7,1,6,60.8,9.9,2.83,12.0,0,1,1
S102092,27,Female,High,Bachelor,3.7,0,0,2.82,70.9,0,7,51.4,7.6,2.63,9.0,0,0,1
S102093,19,Male,Medium,Postgraduate,2.1,0,1,3.09,66.2,2,8,87.5,14.8,2.13,4.0,1,0,1
S102094,19,Male,Medium,None,26.9,1,1,2.82,61.5,0,5,72.2,1.2,1.95,14.0,1,0,1
S102095,27,Female,Medium,Bachelor,1.7,0,1,2.94,58.6,0,4,69.2,2.8,2.6,3.0,0,0,0
S102096,29,Female,Low,Secondary,16.9,0,1,2.41,57.7,1,5,97.8,16.8,2.05,8.0,0,0,0
S102097,28,Male,Low,Secondary,3.8,0,0,3.69,68.4,0,6,53.7,11.3,0.72,11.0,0,0,1
S102098,26,Male,Medium,Secondary,26.3,1,0,3.97,41.7,0,6,74.5,0.0,1.98,11.0,1,0,1
S102099,20,Male,Medium,Bachelor,7.4,1,0,2.65,86.9,1,4,89.5,11.6,1.95,6.0,0,1,1
S102100,28,Female,Medium,Bachelor,8.0,1,0,3.39,53.9,0,1,62.3,2.1,2.82,6.0,0,0,0
S102101,25,Female,Low,Bachelor,37.9,1,0,3.73,73.4,2,4,99.5,16.5,1.97,4.0,1,0,0
S102102,19,Female,Medium,Bachelor,21.4,1,1,2.52,66.2,0,4,64.8,14.6,2.8,9.0,0,1,0
S102103,18,Female,Medium,Postgraduate,2.3,1,0,1.92,47.7,0,6,78.9,20.5,2.13,11.0,1,0,0
S102104,28,Female,Low,Bachelor,15.5,0,1,3.76,84.4,0,5,69.6,8.5,3.35,0.0,0,0,1
S102105,20,Male,High,Bachelor,1.3,0,1,2.99,81.2,1,8,38.9,3.9,3.06,10.0,0,0,0
S102106,26,Female,Medium,Secondary,13.0,0,0,2.74,41.4,0,6,73.7,7.3,2.59,6.0,0,0,0
S102107,18,Male,Medium,Secondary,5.9,0,0,3.02,63.9,1,3,91.9,7.4,2.9,8.0,0,0,0
S102108,20,Male,High,Bachelor,3.4,0,1,2.82,68.1,1,7,64.5,11.9,3.2,4.0,1,0,1
S102109,20,Female,Medium,Postgraduate,4.1,0,0,4.0,33.9,0,4,70.6,0.8,2.84,6.0,0,1,0
S102110,20,Female,High,None,7.0,0,0,2.73,33.2,0,3,72.3,10.0,2.9,16.0,0,2,0
S102111,25,Male,Medium,Secondary,19.6,1,0,3.16,52.5,0,1,88.0,4.9,1.32,7.0,1,1,0
S102112,28,Female,Medium,Secondary,13.0,0,1,3.65,45.3,2,7,74.6,7.4,2.44,8.0,0,0,0
S102113,28,Female,Low,Secondary,10.3,0,0,3.64,49.3,0,6,80.3,16.9,2.25,4.0,0,0,0
S102114,26,Male,Low,Bachelor,34.3,1,0,3.55,45.3,0,1,80.5,15.0,3.54,18.0,1,0,0
S102115,19,Male,Medium,None,11.8,0,0,2.79,63.2,1,4,72.1,13.6,2.53,10.0,1,0,0
S102116,29,Male,Low,Secondary,69.6,0,0,2.92,51.6,0,4,100.0,13.2,2.33,8.0,0,0,0
S102117,24,Female,Low,Bachelor,0.2,0,0,1.91,81.7,0,1,64.6,8.7,3.21,12.0,1,0,0
S102118,24,Female,Medium,Secondary,1.3,0,1,2.96,67.7,0,7,90.5,9.8,1.74,9.0,0,1,0
S102119,26,Female,Medium,None,17.5,1,1,3.02,76.9,0,5,99.1,2.1,2.74,7.0,0,1,1
S102120,26,Male,Low,Bachelor,4.6,0,0,3.37,39.7,3,2,77.9,3.8,1.42,7.0,0,0,1
S102121,29,Female,Medium,Secondary,9.7,1,1,3.9,55.6,0,6,80.9,10.6,2.3,2.0,1,0,0
S102122,24,Female,High,Postgraduate,1.0,0,1,3.36,67.0,1,5,88.0,4.4,2.48,7.0,1,0,0
S102123,24,Female,Medium,Bachelor,3.3,1,0,3.54,71.8,1,1,74.4,13.4,3.82,6.0,1,0,0
S102124,26,Male,Medium,Postgraduate,19.4,0,1,2.99,55.3,1,5,51.6,9.8,2.7,9.0,0,1,1
S102125,20,Female,Medium,Secondary,2.7,0,1,3.64,57.5,0,5,76.3,8.5,2.18,7.0,0,1,1
S102126,21,Female,Low,Bachelor,13.1,0,0,3.01,59.1,1,2,100.0,7.0,2.71,11.0,0,0,0
S102127,25,Male,Medium,Bachelor,27.2,0,0,3.57,60.5,0,7,88.5,12.3,3.81,8.0,0,0,0
S102128,17,Male,High,Bachelor,16.8,1,1,3.4,97.5,0,6,81.2,13.4,1.36,5.0,0,0,0
S102129,21,Male,Medium,Secondary,8.7,1,0,3.2,69.7,1,5,91.3,5.6,3.34,14.0,0,0,0
S102130,26,Male,Medium,Secondary,0.1,0,0,2.23,65.6,0,6,77.8,7.4,3.07,6.0,0,0,1
S102131,29,Female,High,None,23.8,1,1,3.55,46.1,0,7,80.4,9.1,2.72,10.0,1,0,0
S102132,23,Male,Low,Bachelor,1.3,0,1,3.19,46.5,3,5,73.5,11.6,2.58,3.0,1,2,1
S102133,22,Male,Low,Bachelor,5.7,1,1,3.35,61.8,1,4,87.2,11.5,3.81,11.0,1,0,0
S102134,22,Female,Medium,Secondary,7.8,0,0,3.16,82.0,1,4,72.0,9.5,3.3,1.0,1,1,0
S102135,25,Male,Low,Bachelor,11.3,0,0,3.24,62.0,0,2,75.3,13.5,2.07,16.0,0,0,1
S102136,24,Male,Medium,Bachelor,3.7,0,1,3.65,62.7,0,5,93.2,9.3,2.82,11.0,1,0,0
S102137,17,Female,High,Bachelor,50.4,0,1,2.76,53.8,0,2,77.1,3.0,3.67,7.0,1,0,1
S102138,24,Male,Medium,Secondary,13.0,1,1,3.23,38.9,0,1,88.5,16.7,3.18,10.0,1,1,0
S102139,22,Male,Low,Bachelor,22.0,0,0,2.61,71.6,0,2,89.7,14.9,2.98,3.0,1,0,0
S102140,26,Male,Medium,Bachelor,48.5,0,1,3.29,61.2,0,1,78.8,3.1,1.89,7.0,1,0,0
S102141,28,Male,Low,Bachelor,3.8,1,0,3.13,71.7,0,6,74.8,10.9,4.42,11.0,0,0,0
S102142,29,Female,High,Bachelor,12.6,0,0,2.68,67.3,0,2,60.2,16.5,3.31,10.0,0,1,1
S102143,24,Male,Low,Bachelor,5.6,0,1,3.05,50.5,0,3,63.6,8.5,4.05,8.0,0,1,0
S102144,21,Male,High,None,14.3,0,0,2.72,68.4,0,4,89.1,13.9,3.01,9.0,1,3,0
S102145,22,Female,Medium,Postgraduate,0.6,0,1,2.81,45.6,1,5,88.9,15.6,2.79,12.0,0,1,0
S102146,19,Female,Medium,Secondary,0.3,1,1,3.18,68.3,0,2,65.2,11.3,2.35,11.0,0,0,0
S102147,29,Male,Medium,Bachelor,8.9,0,1,3.13,64.1,1,7,85.9,20.7,3.48,0.0,0,0,0
S102148,28,Male,Low,Bachelor,3.4,0,0,2.04,88.1,2,1,83.2,13.2,3.85,8.0,0,1,1
S102149,28,Female,Medium,Bachelor,4.8,0,0,3.19,52.0,0,1,94.0,10.5,3.53,8.0,1,0,0
S102150,21,Female,High,Bachelor,0.5,0,1,2.85,45.1,0,2,100.0,9.2,4.38,3.0,1,0,0
S102151,21,Female,High,None,19.7,0,1,2.79,58.8,0,1,88.6,9.8,2.89,4.0,0,1,0
S102152,28,Male,Low,Secondary,39.7,0,1,2.44,74.1,1,2,69.6,7.2,2.37,14.0,0,0,1
S102153,24,Male,Medium,Bachelor,11.0,1,0,2.98,23.0,0,6,91.2,4.4,2.98,5.0,0,0,0
S102154,26,Female,High,None,14.6,0,1,2.74,78.1,0,5,64.4,5.5,3.36,6.0,1,0,0
S102155,23,Female,High,None,8.6,1,0,3.64,61.9,0,1,100.0,9.3,2.62,5.0,0,0,0
S102156,22,Female,Medium,Postgraduate,8.3,0,0,2.13,47.9,1,5,61.6,14.0,2.77,10.0,0,0,1
S102157,25,Male,Low,Secondary,8.9,1,0,2.52,59.5,0,2,86.6,11.6,2.95,9.0,0,0,0
S102158,27,Female,High,Secondary,3.6,0,0,2.48,53.9,0,1,80.0,10.8,3.15,16.0,0,0,0
S102159,21,Male,Medium,Secondary,7.8,1,0,3.13,46.6,0,4,73.8,20.6,2.89,6.0,0,0,0
S102160,27,Female,Medium,Bachelor,5.3,0,0,3.59,35.9,0,7,72.9,18.4,2.95,10.0,1,0,0
S102161,20,Female,Medium,Secondary,20.9,0,0,3.25,76.0,0,8,100.0,5.4,3.25,0.0,1,0,1
S102162,22,Female,Low,Bachelor,14.9,0,1,2.45,56.6,0,1,88.5,13.5,3.34,2.0,0,1,1
S102163,28,Male,High,Secondary,9.9,1,0,2.79,59.1,1,5,77.7,4.1,2.45,13.0,0,0,1
S102164,29,Female,Low,None,2.4,1,1,2.6,77.7,0,4,100.0,11.3,1.51,12.0,1,1,1
S102165,29,Female,Medium,Secondary,11.1,1,1,3.25,65.8,1,2,78.2,3.1,2.07,10.0,1,0,0
S102166,21,Female,High,None,0.2,0,0,2.78,41.6,0,5,91.0,7.0,3.12,13.0,1,0,0
S102167,27,Male,High,Bachelor,10.6,0,1,2.29,75.1,1,5,59.9,13.1,2.29,4.0,0,0,1
S102168,29,Female,High,None,4.1,0,0,3.29,87.3,0,1,60.7,7.7,2.99,15.0,0,2,1
S102169,29,Male,High,Secondary,3.4,0,0,3.63,72.5,1,4,90.6,4.6,2.76,4.0,1,0,0
S102170,17,Male,Low,Secondary,5.5,0,1,2.91,52.0,0,8,84.6,6.6,2.85,9.0,0,0,0
S102171,26,Male,High,Secondary,3.4,1,1,3.06,42.9,0,1,100.0,5.3,3.14,19.0,0,0,0
S102172,29,Male,High,Secondary,4.8,1,0,2.25,51.5,0,1,69.4,12.1,3.63,4.0,0,0,0
S102173,26,Male,Medium,Secondary,5.2,0,1,1.97,66.5,0,5,90.1,16.0,2.79,13.0,0,0,1
S102174,20,Female,Medium,Postgraduate,20.3,0,1,2.08,86.4,1,8,76.3,9.0,2.07,12.0,0,0,0
S102175,26,Male,Low,None,3.1,0,0,2.98,53.6,1,6,92.7,15.1,3.02,6.0,1,0,0
S102176,18,Male,Medium,Bachelor,13.6,0,0,2.85,55.3,0,6,91.5,7.1,3.3,16.0,0,0,0
S102177,23,Male,Medium,Bachelor,24.9,0,1,3.27,80.3,1,8,79.6,9.5,1.22,4.0,0,2,1
S102178,25,Male,Medium,None,16.9,0,1,2.9,58.5,1,1,68.9,18.9,2.29,8.0,0,0,0
S102179,22,Female,Medium,Bachelor,40.4,0,1,3.49,90.7,1,6,74.9,9.1,2.82,11.0,1,2,1
S102180,26,Female,Medium,Bachelor,11.3,0,1,3.44,62.8,0,8,63.3,15.3,2.46,8.0,1,0,1
S102181,20,Male,Low,Bachelor,69.6,1,0,2.84,82.5,0,7,85.5,6.4,2.89,20.0,0,0,0
S102182,24,Female,High,Postgraduate,5.0,0,0,2.5,70.7,1,2,37.9,9.9,2.36,3.0,0,0,0
S102183,25,Female,Low,Bachelor,9.3,1,1,2.04,75.6,1,8,71.3,5.7,3.46,14.0,1,0,0
S102184,25,Female,Low,Secondary,39.6,1,1,3.72,62.3,3,4,93.6,10.3,2.84,0.0,0,0,1
S102185,20,Male,Low,Postgraduate,0.5,0,0,2.53,63.3,1,3,93.2,11.2,1.54,0.0,0,0,0
S102186,20,Male,High,Secondary,2.1,0,1,2.25,71.3,0,2,55.8,13.8,3.31,8.0,0,0,0
S102187,20,Female,High,Bachelor,0.4,1,0,3.06,77.0,0,5,88.7,7.1,3.36,11.0,0,0,0
S102188,23,Female,Low,Bachelor,49.8,0,0,2.26,72.9,1,2,62.9,9.2,2.77,14.0,1,1,0
S102189,24,Female,Low,Bachelor,13.6,0,1,3.06,38.5,1,8,74.3,15.9,1.51,14.0,0,0,1
S102190,21,Female,Medium,Postgraduate,0.2,1,0,2.83,68.9,0,2,91.5,4.0,3.43,9.0,0,1,0
S102191,22,Male,Low,None,0.9,1,0,3.46,55.2,0,5,65.4,0.0,2.08,10.0,1,0,0
S102192,20,Female,Medium,Bachelor,7.5,1,0,3.42,56.8,0,1,100.0,6.7,2.55,9.0,0,0,0
S102193,19,Female,Low,Secondary,13.7,1,0,3.55,71.9,2,2,83.9,13.1,2.4,14.0,1,1,1
S102194,25,Male,Medium,Bachelor,5.6,0,1,3.1,90.5,0,7,86.9,10.4,1.79,3.0,0,0,0
S102195,27,Female,Medium,Bachelor,12.5,0,0,2.57,61.5,1,8,96.2,5.2,2.8,5.0,0,1,0
S102196,20,Female,Medium,Secondary,13.2,1,0,2.48,94.6,0,4,93.4,10.4,2.94,11.0,1,1,0
S102197,28,Female,Medium,Bachelor,25.4,0,1,2.73,48.5,1,3,92.0,8.2,2.88,12.0,0,1,0
S102198,24,Female,Low,Secondary,9.1,0,1,4.0,83.5,0,6,70.1,2.2,2.65,13.0,0,0,1
S102199,19,Female,Low,Secondary,0.8,0,1,2.88,71.5,0,3,63.3,8.3,2.28,8.0,1,0,1
S102200,21,Female,Low,Postgraduate,2.0,1,1,3.08,68.1,0,3,75.8,13.7,3.83,6.0,0,0,0
S102201,17,Female,Low,Bachelor,6.0,0,1,3.76,85.7,0,6,87.1,8.6,2.93,11.0,0,0,1
S102202,17,Male,High,Bachelor,11.4,1,1,3.13,55.5,0,4,60.7,2.4,2.15,4.0,0,0,0
S102203,21,Male,Low,None,15.5,0,0,2.63,84.2,3,3,88.7,18.6,3.11,15.0,1,0,1
S102204,22,Male,Low,Secondary,31.7,0,0,3.37,61.9,0,3,85.6,5.0,3.06,6.0,1,0,1
S102205,27,Male,Low,None,23.0,0,0,2.79,55.4,0,4,77.3,11.9,3.23,7.0,0,0,0
S102206,18,Male,Medium,Secondary,4.2,1,1,3.14,45.1,0,7,80.9,14.2,2.78,11.0,0,1,0
S102207,27,Female,High,Secondary,34.0,0,1,3.26,88.8,0,2,81.0,12.1,2.36,5.0,1,0,1
S102208,20,Male,Medium,Secondary,38.7,1,1,2.75,82.1,0,2,86.6,8.8,1.84,3.0,1,1,1
S102209,18,Male,Medium,Bachelor,1.5,0,1,3.09,57.8,0,1,91.2,0.9,2.43,13.0,1,0,0
S102210,26,Female,High,Secondary,19.9,0,1,3.8,73.2,0,2,100.0,15.9,1.64,4.0,0,0,0
S102211,27,Male,Medium,Bachelor,2.6,0,0,2.69,66.9,0,1,82.5,4.2,3.01,9.0,1,0,0
S102212,24,Female,High,Postgraduate,35.6,1,0,3.66,59.7,1,5,70.3,14.9,1.68,8.0,1,0,0
S102213,18,Female,Medium,Secondary,8.1,0,1,2.7,79.5,0,3,51.4,15.6,2.55,0.0,0,0,0
S102214,18,Female,Low,Bachelor,6.6,1,0,3.9,55.6,0,6,58.9,3.9,3.31,4.0,0,0,0
S102215,22,Male,Medium,None,3.8,0,1,2.57,32.1,0,4,68.6,3.8,2.63,9.0,0,0,0
S102216,22,Male,Low,Secondary,11.0,0,0,2.8,68.9,1,6,90.3,8.0,2.76,13.0,1,1,0
S102217,29,Female,Low,Bachelor,8.3,0,0,3.75,66.0,0,7,74.1,14.6,3.11,5.0,1,1,1
S102218,20,Female,High,None,9.5,0,1,3.78,56.1,0,1,86.1,7.0,3.16,4.0,0,0,0
S102219,19,Male,Low,Secondary,25.9,0,0,3.41,51.6,1,2,69.0,10.5,3.53,11.0,1,0,0
S102220,29,Female,Medium,Bachelor,2.2,0,1,2.46,41.6,0,7,86.8,7.5,3.19,11.0,1,0,0
S102221,19,Female,High,Secondary,4.8,0,0,3.04,59.6,1,6,93.1,13.9,3.05,12.0,1,0,0
S102222,17,Male,Medium,Bachelor,8.9,0,0,3.0,51.9,0,1,74.0,6.8,1.43,9.0,1,0,0
S102223,22,Female,Medium,Bachelor,10.5,0,1,2.57,79.5,0,8,86.5,6.4,2.97,6.0,0,0,0
S102224,22,Male,Medium,Secondary,3.8,0,0,3.35,72.7,0,7,73.4,4.8,3.96,11.0,0,1,0
S102225,25,Male,High,Bachelor,7.5,0,1,2.61,57.7,1,4,61.5,4.7,3.25,8.0,0,0,0
S102226,28,Female,Low,Secondary,20.3,0,0,2.35,72.8,1,5,88.3,15.3,3.48,11.0,1,0,0
S102227,29,Male,Low,None,130.4,0,1,2.19,63.4,1,8,86.2,8.2,2.33,6.0,1,0,1
S102228,20,Female,Medium,Postgraduate,0.2,0,0,3.86,61.0,0,8,88.9,5.2,2.75,7.0,0,0,0
S102229,29,Female,High,Secondary,47.1,0,0,2.74,64.2,1,6,94.3,1.6,3.2,10.0,0,0,0
S102230,25,Male,Low,Bachelor,4.8,0,1,2.76,91.6,1,5,76.3,8.6,3.11,0.0,0,3,0
S102231,17,Female,Medium,Secondary,9.5,0,1,2.48,74.7,0,8,77.4,5.9,3.35,13.0,0,1,1
S102232,29,Male,High,None,17.0,0,1,3.68,60.5,2,2,75.7,4.9,2.01,8.0,1,0,1
S102233,18,Male,Low,Bachelor,21.9,1,1,2.31,78.4,1,3,85.2,6.1,2.24,0.0,0,0,1
S102234,24,Female,Low,Bachelor,91.7,1,1,2.4,77.9,0,5,77.9,10.6,1.89,9.0,1,0,0
S102235,27,Female,Medium,Secondary,43.5,0,0,2.84,68.9,0,6,81.9,4.2,2.98,6.0,0,0,0
S102236,20,Female,Low,Bachelor,2.3,0,1,2.99,60.1,3,3,69.2,8.5,2.67,4.0,0,0,1
S102237,20,Male,Low,Secondary,2.6,0,0,3.33,59.1,1,2,64.6,14.4,2.66,16.0,0,0,1
S102238,23,Male,Medium,Secondary,13.8,0,1,2.66,48.9,0,5,66.4,7.2,2.32,11.0,0,1,1
S102239,28,Female,Medium,Bachelor,3.1,1,1,3.77,67.7,1,8,86.2,4.7,2.21,7.0,1,0,0
S102240,19,Male,Medium,Bachelor,20.5,0,0,2.67,55.9,0,1,79.4,15.3,2.8,8.0,1,1,0
S102241,25,Male,Medium,Secondary,47.3,0,1,2.5,58.4,0,3,72.6,9.6,3.58,9.0,0,2,1
S102242,22,Female,Medium,Bachelor,3.3,1,1,2.45,74.4,1,7,90.0,9.1,3.9,1.0,0,0,0
S102243,18,Male,Medium,Secondary,2.2,1,0,2.61,90.3,1,2,100.0,12.6,3.9,19.0,1,0,0
S102244,26,Male,High,Postgraduate,6.8,0,1,2.42,70.6,0,7,72.6,9.6,2.47,8.0,1,0,0
S102245,27,Male,Medium,Bachelor,16.7,1,0,3.38,63.4,1,5,63.7,10.3,1.97,15.0,0,0,1
S102246,24,Female,Medium,Secondary,49.6,1,1,2.5,64.7,0,1,94.2,2.1,3.42,5.0,1,2,0
S102247,19,Female,High,Secondary,3.7,1,1,2.93,82.1,0,2,80.2,5.8,3.69,10.0,0,0,0
S102248,19,Female,High,Postgraduate,10.7,0,0,2.49,70.8,0,1,77.2,19.3,3.09,3.0,0,0,1
S102249,22,Male,Low,Bachelor,31.0,1,0,2.41,67.9,1,3,95.3,4.8,2.78,0.0,0,0,0
S102250,23,Male,High,Secondary,16.6,0,0,3.55,69.0,0,2,76.1,10.3,2.36,12.0,0,0,1
S102251,24,Female,High,Secondary,26.7,0,1,3.8,43.6,0,4,86.0,18.7,3.22,9.0,0,0,0
S102252,20,Male,Low,Secondary,13.7,0,0,3.63,70.9,1,5,82.4,13.4,3.2,6.0,0,0,1
S102253,23,Female,Low,Bachelor,1.8,0,1,2.26,51.9,0,2,100.0,11.5,3.0,0.0,1,0,0
S102254,20,Female,Medium,Postgraduate,16.1,0,1,2.33,70.9,1,8,78.0,6.0,2.03,6.0,0,1,0
S102255,25,Female,Medium,Bachelor,3.0,0,1,3.99,54.0,1,1,94.1,6.9,2.1,9.0,0,0,0
S102256,27,Female,Medium,Secondary,43.6,0,0,2.87,73.9,0,6,76.2,8.5,2.73,4.0,0,0,0
S102257,25,Female,Medium,Bachelor,12.2,1,0,2.31,62.7,0,3,86.8,11.7,3.53,9.0,1,0,0
S102258,17,Male,Low,None,2.9,0,1,3.54,47.8,1,2,77.1,16.4,3.44,5.0,0,2,1
S102259,29,Female,Low,Secondary,21.5,0,0,3.03,60.6,0,2,91.9,10.6,2.52,3.0,0,0,1
S102260,17,Female,High,Secondary,21.6,1,0,3.28,98.1,1,7,78.6,7.1,1.52,7.0,0,0,1
S102261,29,Female,Low,Secondary,21.9,0,0,1.88,30.9,0,6,87.6,9.5,3.73,0.0,0,1,1
S102262,17,Female,Medium,Bachelor,16.3,1,1,2.84,67.5,0,6,68.7,12.6,3.67,10.0,1,1,0
S102263,23,Female,Low,Secondary,22.7,0,1,3.47,49.8,0,1,68.1,11.7,2.89,8.0,0,1,1
S102264,18,Female,Medium,Secondary,26.2,0,0,2.68,85.7,0,7,51.8,8.8,2.5,10.0,0,0,1
S102265,18,Male,Medium,Bachelor,23.1,0,0,3.62,77.2,1,6,85.5,4.4,2.58,13.0,0,0,1
S102266,25,Female,Low,None,26.7,0,1,2.34,67.8,2,1,70.3,15.4,3.45,7.0,1,0,0
S102267,26,Female,Medium,Secondary,1.1,0,0,2.94,78.8,2,5,100.0,8.7,3.18,0.0,0,0,0
S102268,18,Male,Medium,Secondary,1.5,0,1,3.82,68.7,1,7,72.9,11.2,2.5,7.0,1,1,0
S102269,29,Female,Low,Secondary,34.4,0,0,2.42,65.1,0,5,98.7,6.6,4.34,3.0,0,1,0
S102270,21,Female,Medium,Secondary,21.2,0,0,3.14,56.0,0,6,97.2,6.5,1.73,14.0,0,0,1
S102271,21,Male,Medium,Bachelor,21.6,0,0,3.29,59.6,1,5,76.3,12.5,2.38,7.0,0,0,0
S102272,20,Male,Medium,Secondary,8.8,0,0,3.05,58.0,0,1,68.9,3.7,2.39,11.0,0,0,0
S102273,22,Female,Medium,Secondary,2.2,1,0,2.87,65.2,0,5,78.0,4.2,2.87,14.0,0,1,1
S102274,19,Male,Medium,Bachelor,30.3,1,1,2.56,36.6,0,6,97.0,17.5,3.59,5.0,0,0,1
S102275,22,Male,Low,None,19.6,0,0,3.1,80.4,0,5,100.0,14.1,3.38,8.0,1,0,1
S102276,19,Female,Low,Bachelor,29.5,1,1,2.95,94.2,0,8,61.5,12.1,2.89,8.0,0,0,0
S102277,17,Male,Medium,Secondary,33.5,1,0,2.28,58.5,1,4,80.2,4.6,1.87,17.0,0,0,0
S102278,21,Male,Medium,Postgraduate,7.8,0,0,3.55,82.6,0,6,70.9,11.1,3.47,13.0,0,0,0
S102279,25,Female,High,None,52.9,0,0,2.54,63.0,0,3,74.6,9.6,2.01,4.0,1,1,0
S102280,26,Male,Low,Bachelor,4.9,0,1,2.29,56.0,0,1,100.0,7.8,2.52,6.0,1,0,0
S102281,21,Female,Medium,Bachelor,7.9,1,0,2.7,59.3,0,3,68.5,9.6,2.75,6.0,0,0,0
S102282,21,Female,Medium,Bachelor,22.4,0,1,2.55,66.3,1,6,55.9,2.8,2.23,5.0,1,0,1
S102283,27,Female,Low,Bachelor,15.9,0,0,2.87,54.2,0,1,83.0,0.0,2.22,7.0,0,1,1
S102284,25,Female,Medium,None,2.6,1,0,2.38,74.1,0,2,85.7,11.5,3.42,6.0,1,0,0
S102285,27,Female,Medium,Secondary,2.3,0,0,3.22,57.2,2,4,73.7,10.8,3.82,8.0,1,0,1
S102286,28,Male,Low,Bachelor,22.4,0,1,3.69,48.9,0,7,69.8,11.3,2.75,8.0,1,0,1
S102287,27,Female,Medium,Bachelor,8.7,0,0,3.05,64.7,0,4,82.4,13.8,1.55,13.0,0,0,1
S102288,29,Male,Low,Secondary,11.1,1,0,2.28,54.6,0,1,59.8,12.6,3.0,5.0,1,0,1
S102289,22,Female,High,Bachelor,1.3,0,0,2.54,60.1,0,7,86.3,17.4,2.31,1.0,1,1,0
S102290,22,Female,Low,Bachelor,45.7,0,0,3.11,64.2,1,5,74.8,15.9,3.05,6.0,0,0,1
S102291,21,Male,Low,Bachelor,1.1,0,0,2.02,44.9,2,4,100.0,10.3,3.01,6.0,1,0,1
S102292,20,Male,Low,Bachelor,2.8,0,1,2.38,86.9,1,3,84.8,10.8,1.48,14.0,1,0,1
S102293,26,Female,Low,Bachelor,1.4,1,1,2.18,77.2,0,7,77.7,11.1,2.53,11.0,0,0,1
S102294,26,Male,Low,Secondary,2.8,0,0,3.06,55.5,1,8,76.6,2.3,3.23,13.0,1,0,0
S102295,27,Male,Medium,Bachelor,2.0,0,0,4.0,64.7,0,7,51.0,14.6,2.73,12.0,1,0,0
S102296,19,Male,Low,Secondary,3.5,1,0,2.37,74.5,0,1,78.1,12.9,2.03,0.0,1,0,1
S102297,23,Female,Low,None,15.4,0,1,3.41,68.1,0,3,77.0,1.7,3.26,5.0,1,0,1
S102298,19,Female,Low,Bachelor,5.4,0,1,2.72,93.2,0,7,80.8,17.7,1.63,2.0,1,0,1
S102299,28,Female,Medium,Bachelor,6.8,1,0,2.34,61.4,0,4,77.1,7.9,2.96,14.0,0,0,0
S102300,20,Female,Low,None,0.6,1,1,3.78,82.8,0,5,100.0,9.4,2.42,11.0,0,0,0
S102301,18,Male,Medium,Bachelor,15.5,0,0,4.0,45.0,0,3,76.0,9.3,3.1,10.0,0,0,0
S102302,24,Male,Medium,Secondary,36.4,0,0,3.21,47.3,1,4,67.3,9.1,2.64,6.0,1,1,0
S102303,28,Female,Medium,None,21.3,0,1,3.18,90.3,2,1,55.0,22.0,3.14,6.0,0,0,0
S102304,28,Female,Low,Bachelor,4.9,0,1,3.03,58.5,0,3,73.3,8.7,3.75,5.0,0,0,0
S102305,18,Female,High,Bachelor,13.6,0,0,2.93,47.5,0,7,64.3,8.4,3.29,11.0,0,0,0
S102306,21,Female,Medium,Secondary,20.6,0,1,3.17,64.3,1,7,60.5,10.1,3.27,8.0,1,1,0
S102307,18,Female,Low,None,18.8,0,1,3.34,84.0,0,7,75.3,5.8,3.21,11.0,1,0,1
S102308,21,Female,Medium,Bachelor,24.8,0,0,3.83,53.5,1,6,97.1,11.5,1.6,10.0,0,2,1
S102309,23,Female,Medium,None,1.0,1,0,2.74,64.4,1,1,94.0,5.9,2.86,11.0,1,0,0
S102310,20,Female,Low,Postgraduate,24.7,1,0,3.06,37.2,0,2,60.8,12.5,2.99,10.0,1,1,0
S102311,17,Female,Medium,Secondary,9.6,1,1,2.96,58.0,1,6,80.6,4.8,3.19,12.0,0,1,0
S102312,23,Female,Medium,Bachelor,3.7,0,0,3.51,80.0,0,2,86.3,7.1,2.74,11.0,0,1,0
S102313,17,Female,Low,None,22.3,0,0,4.0,53.2,1,7,88.8,5.0,3.3,6.0,0,1,1
S102314,19,Female,High,None,14.3,0,0,3.53,45.9,1,5,100.0,7.3,2.13,10.0,0,1,1
S102315,17,Male,Low,Secondary,70.6,0,0,3.4,53.4,0,1,62.5,1.1,4.19,9.0,0,0,0
S102316,18,Male,Low,Bachelor,9.6,1,1,3.45,55.9,0,5,66.7,0.0,3.19,7.0,0,1,0
S102317,22,Female,Low,Postgraduate,50.3,0,0,3.63,76.5,0,4,70.1,8.4,2.16,8.0,1,0,1
S102318,28,Female,Medium,Secondary,6.3,0,1,4.0,70.7,0,8,85.5,2.3,3.75,12.0,0,0,1
S102319,27,Female,High,Secondary,1.0,0,1,2.16,73.6,0,2,39.2,18.7,2.02,10.0,0,1,0
S102320,18,Female,High,None,32.7,0,0,3.3,65.4,1,8,76.6,8.2,2.81,12.0,0,0,0
S102321,17,Male,High,Bachelor,25.1,1,1,1.71,55.7,1,4,53.3,13.5,2.88,8.0,0,0,0
S102322,21,Female,Medium,Secondary,45.9,0,0,3.48,53.4,1,2,80.0,11.5,2.51,13.0,0,0,1
S102323,25,Female,Medium,Postgraduate,11.3,0,1,3.28,71.5,1,2,100.0,4.7,2.71,11.0,0,0,1
S102324,26,Female,Medium,Secondary,18.0,0,1,2.73,88.8,1,2,93.5,7.9,2.84,5.0,0,0,0
S102325,27,Female,Low,Bachelor,0.7,1,0,1.66,50.9,1,1,61.6,13.7,2.05,7.0,0,2,1
S102326,21,Male,High,Bachelor,57.7,0,0,2.99,49.7,1,1,73.7,13.4,2.99,5.0,1,0,0
S102327,19,Female,Medium,None,1.1,0,0,3.11,48.0,1,1,66.7,14.3,2.8,4.0,1,0,1
S102328,17,Female,Medium,Secondary,17.8,1,0,2.97,77.5,0,8,99.4,6.7,4.16,19.0,0,0,1
S102329,18,Female,Medium,Bachelor,1.8,1,1,2.69,64.4,1,8,47.0,12.9,3.84,15.0,0,0,0
S102330,17,Female,Medium,Secondary,55.9,0,0,2.55,73.3,1,7,73.4,7.0,2.29,13.0,0,1,1
S102331,28,Male,Low,Bachelor,42.7,1,0,2.97,57.4,1,1,69.6,15.1,2.7,10.0,0,0,0
S102332,20,Female,Medium,Bachelor,1.9,0,1,2.6,74.3,0,1,62.4,14.9,2.31,6.0,0,0,1
S102333,27,Female,Medium,Secondary,2.1,1,0,3.4,60.7,1,2,100.0,3.1,2.62,4.0,0,0,0
S102334,24,Male,High,Bachelor,4.1,0,1,2.96,41.8,0,6,56.5,11.4,3.4,7.0,1,0,0
S102335,24,Female,Low,Secondary,40.2,1,1,2.14,78.8,1,6,62.1,4.5,2.73,5.0,1,0,1
S102336,22,Male,Low,Bachelor,4.1,1,1,3.09,64.5,0,4,100.0,14.1,2.45,11.0,1,0,0
S102337,27,Male,Medium,Secondary,13.4,0,0,3.21,60.3,0,6,78.5,4.4,3.22,9.0,0,0,0
S102338,17,Male,High,Secondary,14.3,0,1,3.81,69.2,0,8,77.4,11.6,1.44,11.0,1,0,1
S102339,18,Male,High,None,0.3,1,1,3.46,43.3,3,1,70.6,13.7,2.53,9.0,0,1,0
S102340,22,Female,Medium,None,2.7,0,1,2.55,71.5,1,3,80.0,10.3,3.76,1.0,0,0,0
S102341,22,Female,Low,Secondary,12.3,0,1,3.71,56.1,1,5,73.6,14.3,3.79,7.0,0,0,1
S102342,24,Male,Low,Secondary,4.2,0,0,2.31,62.7,2,3,69.0,11.5,3.71,10.0,1,0,1
S102343,26,Female,Medium,Bachelor,3.7,0,0,3.01,82.1,0,4,59.0,17.8,1.94,9.0,1,1,0
S102344,24,Male,Low,None,0.6,0,1,3.38,74.6,0,1,80.6,4.5,1.93,6.0,0,2,1
S102345,20,Male,Medium,Secondary,4.9,0,0,3.73,62.4,0,2,71.0,8.1,2.45,6.0,1,0,1
S102346,21,Male,High,Secondary,6.7,1,0,3.94,63.5,2,2,73.0,0.4,2.81,5.0,0,0,0
S102347,26,Female,Medium,Secondary,0.6,0,0,3.64,26.6,0,7,89.9,8.5,2.29,1.0,0,1,0
S102348,19,Male,Medium,Secondary,12.6,0,1,2.93,52.7,0,6,72.4,4.1,1.62,8.0,0,1,0
S102349,23,Female,Low,None,8.9,0,1,3.29,67.5,0,8,78.4,3.1,3.45,11.0,1,1,0
S102350,24,Male,Low,Bachelor,2.1,0,1,3.11,53.5,0,8,100.0,2.2,3.33,6.0,0,1,0
S102351,26,Female,Medium,Bachelor,15.4,0,0,2.65,45.1,1,3,85.8,7.6,2.39,3.0,1,0,1
S102352,26,Female,Medium,Bachelor,22.8,0,0,2.94,72.2,1,6,71.9,11.3,3.3,12.0,1,0,0
S102353,23,Male,Low,Secondary,11.1,0,0,3.9,84.6,1,2,63.5,12.4,3.46,13.0,1,0,1
S102354,21,Male,Low,Bachelor,3.1,1,1,3.32,54.2,0,7,78.0,15.0,1.13,6.0,0,1,0
S102355,21,Female,Low,Bachelor,15.4,0,0,4.0,78.1,0,3,91.8,14.7,3.25,4.0,0,0,0
S102356,22,Female,Medium,Bachelor,15.7,0,1,2.46,75.9,0,5,71.1,4.4,2.76,7.0,0,0,0
S102357,19,Female,Medium,Secondary,1.6,1,0,2.81,50.3,0,8,79.4,6.3,1.04,9.0,0,1,1
S102358,25,Male,Medium,Secondary,2.6,0,1,3.21,54.1,0,5,70.8,11.0,3.51,6.0,1,0,0
S102359,19,Male,Medium,Secondary,0.3,0,1,3.37,92.0,1,7,73.9,11.0,2.86,2.0,0,0,0
S102360,25,Female,Low,Secondary,2.1,1,1,2.94,48.2,0,2,60.8,16.9,1.68,12.0,0,0,1
S102361,26,Female,Medium,Bachelor,3.2,0,1,3.4,55.9,0,7,83.2,8.6,3.08,9.0,0,1,1
S102362,29,Male,Low,Secondary,8.2,0,1,3.4,94.5,0,4,81.3,13.8,2.93,14.0,1,2,1
S102363,18,Female,High,Secondary,47.6,0,1,2.31,56.5,0,8,100.0,9.3,3.18,8.0,0,1,0
S102364,26,Female,Low,Secondary,3.7,1,0,3.38,85.3,0,3,80.7,11.8,1.45,14.0,0,1,1
S102365,18,Male,Medium,None,11.3,0,1,3.54,49.7,0,2,68.3,11.9,2.59,7.0,0,0,0
S102366,21,Male,Low,Secondary,22.9,1,1,3.15,67.1,0,6,100.0,9.9,2.11,6.0,0,0,1
S102367,19,Male,Medium,None,0.0,0,0,2.08,81.3,0,7,84.5,5.1,2.69,6.0,1,0,0
S102368,19,Female,Low,Secondary,28.7,0,0,2.86,58.0,0,1,81.9,11.4,1.61,15.0,0,0,1
S102369,19,Female,High,Secondary,4.9,1,0,3.22,66.5,0,8,78.8,13.2,2.02,7.0,0,0,0
S102370,17,Female,Low,Bachelor,12.7,1,1,2.57,76.2,0,5,81.3,10.5,3.88,14.0,0,0,0
S102371,27,Male,High,Postgraduate,31.5,0,1,3.46,51.5,1,6,66.0,0.0,3.61,6.0,0,1,0
S102372,17,Female,Medium,Bachelor,2.9,0,0,3.36,98.6,1,7,77.7,9.1,3.48,2.0,0,0,0
S102373,22,Female,Low,Bachelor,6.2,1,1,3.07,80.6,0,4,75.6,13.4,3.83,11.0,1,1,0
S102374,26,Female,Low,Secondary,1.0,0,0,3.01,59.6,0,8,84.3,5.1,1.49,5.0,1,0,0
S102375,29,Female,Medium,Bachelor,15.7,0,0,3.1,61.5,0,8,95.7,15.3,2.76,9.0,0,0,0
S102376,28,Male,High,Postgraduate,10.9,0,1,3.0,93.7,1,6,93.4,6.9,2.97,9.0,0,2,0
S102377,18,Female,High,Secondary,11.0,1,0,2.36,59.7,1,1,86.6,8.4,2.53,9.0,0,0,0
S102378,29,Male,Low,None,9.2,0,0,2.78,57.9,1,5,53.1,11.0,1.5,15.0,0,0,1
S102379,25,Male,Medium,Bachelor,2.2,0,0,3.04,82.2,1,3,72.4,5.4,3.42,9.0,0,0,1
S102380,19,Male,Low,None,3.1,0,0,3.71,44.0,0,1,51.6,14.6,3.23,8.0,0,0,1
S102381,22,Female,Low,Bachelor,24.6,0,0,3.35,63.8,0,1,95.2,16.3,2.37,7.0,0,0,1
S102382,28,Female,Medium,None,11.3,0,0,3.74,66.3,0,8,77.1,4.5,3.39,10.0,0,2,0
S102383,22,Male,Low,None,27.4,0,0,2.3,54.4,0,4,76.7,9.1,2.89,10.0,0,0,1
S102384,19,Female,Low,Bachelor,6.8,0,1,2.82,41.5,1,1,68.6,19.5,3.24,6.0,1,0,1
S102385,28,Female,High,Bachelor,35.0,0,0,4.0,66.0,0,6,97.9,15.5,2.16,12.0,1,1,0
S102386,29,Male,Medium,Bachelor,10.5,0,1,2.63,75.3,0,6,80.5,1.9,2.97,7.0,0,0,0
S102387,29,Female,Medium,Bachelor,7.1,1,1,2.62,54.8,0,4,77.2,15.8,2.97,10.0,0,0,0
S102388,29,Male,Low,Bachelor,6.4,0,0,2.86,47.3,0,5,80.8,0.0,2.64,3.0,0,0,1
S102389,28,Female,High,Secondary,15.8,0,0,4.0,83.8,0,5,82.0,13.1,0.93,12.0,0,0,0
S102390,22,Male,Medium,Postgraduate,0.3,0,0,2.66,72.9,0,8,76.9,5.7,2.92,5.0,0,0,0
S102391,19,Male,Medium,Secondary,15.8,0,1,3.28,59.6,0,4,97.9,12.3,2.97,11.0,0,0,0
S102392,25,Female,Low,Secondary,1.1,1,1,3.2,78.8,1,1,97.7,11.2,2.14,13.0,1,0,1
S102393,19,Male,High,Bachelor,18.9,0,0,2.04,68.6,0,1,80.3,10.7,3.2,10.0,0,0,1
S102394,23,Female,Medium,Secondary,46.1,1,0,2.99,91.8,0,6,67.3,12.9,2.97,13.0,0,1,0
S102395,25,Female,High,Bachelor,5.6,0,0,2.72,75.0,0,1,83.8,7.5,3.09,4.0,0,0,0
S102396,29,Male,Medium,None,10.0,1,1,3.34,44.2,1,8,70.0,7.0,2.54,8.0,0,0,1
S102397,20,Female,Medium,None,37.6,0,0,3.87,55.1,0,1,100.0,14.7,1.6,5.0,1,0,0
S102398,20,Female,Medium,None,2.4,0,0,2.83,55.8,1,6,100.0,10.0,1.62,5.0,0,0,0
S102399,26,Female,High,Bachelor,57.6,0,1,2.83,69.6,0,7,89.7,7.2,3.28,2.0,1,0,0
S102400,17,Female,Low,Bachelor,31.5,0,1,4.0,60.4,1,2,61.5,9.1,2.03,8.0,0,1,1
S102401,24,Male,Low,Secondary,5.6,0,0,2.64,48.1,0,1,72.0,8.7,2.24,12.0,1,0,0
S102402,26,Male,Medium,None,11.3,0,0,2.33,73.8,0,8,75.9,8.3,3.39,13.0,0,0,0
S102403,24,Female,Medium,Secondary,10.6,1,0,3.69,80.0,2,3,66.3,12.2,1.3,4.0,1,0,1
S102404,21,Female,Medium,Secondary,27.9,1,1,2.97,63.5,0,3,74.4,5.6,1.68,6.0,1,0,1
S102405,27,Female,Medium,Bachelor,8.4,0,0,3.14,68.1,0,5,82.4,17.6,3.35,5.0,0,1,0
S102406,21,Female,Medium,Bachelor,14.1,0,0,4.0,50.5,0,3,86.9,11.1,2.86,5.0,0,0,1
S102407,26,Male,Medium,None,2.0,0,0,2.3,57.2,1,5,98.3,0.8,1.4,7.0,1,1,1
S102408,23,Female,Low,Secondary,17.6,1,1,2.9,57.8,0,3,78.6,11.4,2.49,8.0,0,1,1
S102409,17,Male,High,Bachelor,4.8,0,1,2.38,73.4,0,5,74.5,5.3,2.92,7.0,0,0,0
S102410,23,Male,Low,Secondary,10.0,0,1,3.17,68.8,2,1,59.6,9.9,2.03,2.0,1,1,1
S102411,17,Female,Medium,Secondary,12.1,0,1,2.72,60.1,1,5,84.2,9.2,1.79,12.0,1,0,1
S102412,29,Male,High,Bachelor,0.4,0,1,2.41,59.5,1,5,72.2,13.4,1.62,9.0,1,1,0
S102413,24,Female,Low,Secondary,4.4,0,1,3.37,35.5,0,4,75.8,13.3,3.39,10.0,1,0,0
S102414,21,Male,Low,None,32.9,0,0,3.01,89.1,1,3,70.5,11.1,3.53,10.0,1,0,0
S102415,23,Female,Low,Secondary,7.6,1,0,2.37,33.7,0,6,70.9,19.5,3.33,10.0,1,1,0
S102416,25,Female,Medium,Bachelor,12.2,1,1,2.4,71.3,2,3,89.7,6.4,3.66,9.0,1,0,0
S102417,20,Female,Medium,Secondary,1.3,0,1,3.1,65.6,0,3,78.1,16.8,3.7,5.0,0,0,1
S102418,20,Female,Low,Bachelor,63.8,0,1,2.16,61.0,1,2,100.0,17.0,1.74,14.0,0,1,1
S102419,22,Female,High,Secondary,43.9,1,0,3.11,64.9,0,4,62.2,11.7,3.5,11.0,1,0,0
S102420,20,Male,Low,Secondary,10.3,0,1,3.67,55.1,0,4,97.7,12.3,2.88,4.0,1,2,0
S102421,26,Male,Medium,Bachelor,0.4,0,0,3.33,74.8,0,4,71.6,14.8,4.13,4.0,0,1,0
S102422,18,Male,Medium,Secondary,26.5,0,1,2.69,45.3,0,3,78.2,8.4,5.0,16.0,0,0,0
S102423,27,Female,Low,Secondary,7.5,0,0,3.14,69.9,0,3,86.4,7.5,2.66,7.0,1,0,0
S102424,21,Female,Low,None,4.4,0,0,2.37,54.8,1,6,94.4,7.7,2.59,5.0,0,1,1
S102425,24,Male,High,Bachelor,10.6,0,0,3.07,58.6,0,8,95.0,11.5,2.53,6.0,0,2,0
S102426,19,Male,Medium,Secondary,44.4,0,0,2.84,59.0,0,6,94.7,7.7,2.85,10.0,1,1,0
S102427,22,Female,Low,Bachelor,6.2,0,0,2.48,62.5,0,8,75.9,6.4,2.96,6.0,0,0,0
S102428,26,Female,Medium,Secondary,3.1,0,1,3.31,72.5,1,5,100.0,4.8,4.65,9.0,0,0,0
S102429,20,Male,Medium,Secondary,30.8,0,1,2.01,64.5,1,6,88.2,5.1,2.9,17.0,1,0,1
S102430,18,Female,Low,Secondary,10.2,1,1,2.41,79.0,1,3,34.9,6.8,2.5,2.0,0,0,1
S102431,23,Female,Medium,Secondary,6.8,1,1,2.47,80.7,1,6,79.9,6.9,2.81,6.0,0,1,0
S102432,19,Female,Medium,Bachelor,10.2,1,1,2.75,69.6,1,5,73.7,10.5,2.22,8.0,0,0,0
S102433,21,Male,Low,None,6.1,1,1,3.65,75.2,0,7,74.7,6.1,1.63,1.0,0,1,0
S102434,22,Female,High,Postgraduate,9.1,0,0,3.38,95.4,0,4,88.9,12.5,2.7,10.0,0,0,0
S102435,24,Male,Low,None,20.6,0,0,3.05,43.8,1,3,84.0,19.8,4.43,12.0,1,0,0
S102436,25,Male,Low,Secondary,3.1,0,1,3.03,81.1,0,4,69.3,16.2,3.42,2.0,1,0,1
S102437,25,Female,Low,None,6.1,0,0,2.99,88.2,0,5,100.0,4.7,2.46,8.0,1,0,1
S102438,27,Female,Medium,Bachelor,21.1,1,1,3.69,71.5,0,1,60.1,8.5,3.05,9.0,0,0,0
S102439,17,Male,Medium,Secondary,7.0,0,1,2.09,93.6,1,3,59.1,3.6,4.56,10.0,1,0,0
S102440,21,Female,High,Bachelor,20.1,1,0,3.39,91.6,0,4,63.1,11.0,2.94,19.0,1,0,0
S102441,17,Male,Low,Postgraduate,1.9,0,0,2.75,59.9,1,8,86.1,11.3,2.18,5.0,1,0,0
S102442,17,Female,Medium,Bachelor,10.4,0,1,3.25,61.1,0,5,84.9,10.9,2.85,10.0,1,1,0
S102443,19,Female,Medium,Secondary,1.0,1,0,3.25,73.0,0,5,67.2,4.8,3.25,7.0,0,0,0
S102444,24,Female,Low,Bachelor,11.1,0,0,3.37,55.6,1,3,70.5,6.8,3.09,7.0,0,0,1
S102445,28,Female,Low,Secondary,1.1,1,1,3.79,100.0,1,5,79.3,14.8,3.82,8.0,0,0,0
S102446,27,Female,High,None,7.6,1,0,2.31,76.8,0,8,63.4,12.0,2.87,10.0,1,2,0
S102447,25,Female,Low,Secondary,16.3,1,0,3.5,65.7,0,4,91.4,5.7,1.16,8.0,1,0,1
S102448,27,Female,Medium,Bachelor,10.6,1,1,2.97,43.8,0,7,100.0,3.6,3.13,9.0,0,1,1
S102449,19,Female,Medium,Secondary,15.6,0,0,2.77,68.8,0,5,76.7,9.6,3.08,8.0,0,0,0
S102450,27,Male,Low,Bachelor,8.5,0,1,4.0,47.2,0,7,84.6,9.4,3.04,4.0,0,0,0
S102451,28,Female,High,Bachelor,1.0,1,0,3.35,76.4,0,3,81.0,3.6,2.21,11.0,1,0,0
S102452,18,Male,High,Secondary,40.5,0,1,2.79,27.5,0,4,99.9,8.5,4.2,12.0,0,0,0
S102453,23,Female,Medium,Secondary,0.7,0,1,3.48,85.8,0,5,100.0,7.6,2.04,12.0,1,1,0
S102454,27,Male,Medium,Bachelor,10.3,0,1,2.98,58.6,0,2,74.0,7.1,2.11,11.0,1,1,1
S102455,23,Male,Medium,Secondary,24.4,0,1,2.78,39.6,2,2,79.9,7.9,2.64,5.0,0,0,1
S102456,27,Female,Medium,Secondary,2.5,0,1,2.7,64.8,2,5,92.3,11.4,3.73,4.0,0,0,0
S102457,29,Male,Low,Secondary,30.5,1,0,3.15,65.3,0,2,84.6,10.4,3.76,12.0,1,0,1
S102458,23,Male,Medium,Bachelor,4.6,0,1,2.69,64.0,0,2,65.7,16.3,3.25,3.0,0,0,1
S102459,17,Female,Low,Secondary,0.8,0,0,3.08,85.7,2,2,52.3,11.0,3.43,5.0,1,0,1
S102460,21,Male,Medium,Secondary,0.1,0,0,3.44,70.7,0,6,70.4,14.0,1.89,17.0,0,0,0
S102461,19,Male,Medium,None,2.0,0,0,3.06,76.9,1,2,84.3,3.4,1.61,10.0,0,0,1
S102462,23,Female,Low,None,23.0,0,1,3.99,61.3,0,5,73.5,10.8,2.54,9.0,0,0,1
S102463,24,Male,High,Postgraduate,9.1,0,0,3.01,71.4,0,4,63.6,8.1,3.42,1.0,0,0,0
S102464,23,Male,Low,Secondary,10.7,0,1,3.67,45.4,1,2,70.7,13.6,3.44,5.0,1,0,0
S102465,19,Male,Low,Bachelor,8.7,0,0,3.49,68.9,0,1,100.0,11.3,2.19,11.0,1,0,1
S102466,20,Male,Medium,Bachelor,11.5,0,0,3.76,53.6,0,6,62.5,17.9,2.12,2.0,0,1,0
S102467,25,Male,Medium,Secondary,2.2,0,0,3.99,84.8,0,3,74.7,5.3,3.62,10.0,1,0,0
S102468,17,Male,Low,Bachelor,3.1,1,1,2.12,66.1,0,8,71.7,6.4,2.93,2.0,0,0,1
S102469,19,Female,Medium,Postgraduate,24.9,1,0,3.13,74.9,0,4,100.0,11.7,1.35,6.0,0,0,0
S102470,28,Female,Medium,Bachelor,3.8,1,1,2.94,68.9,0,3,57.3,9.4,2.01,2.0,0,0,1
S102471,18,Male,Low,Bachelor,2.6,1,0,3.06,92.1,2,2,67.6,5.3,3.14,8.0,0,0,0
S102472,22,Male,High,Secondary,23.5,0,0,2.8,41.6,1,1,80.4,11.9,1.97,1.0,1,0,0
S102473,19,Female,Low,Bachelor,18.4,1,0,2.73,63.3,0,3,81.9,7.5,2.11,8.0,1,0,1
S102474,18,Female,Medium,None,23.1,0,0,2.45,50.6,0,2,96.2,12.3,2.14,11.0,1,0,0
S102475,22,Female,Low,Bachelor,1.2,1,0,3.05,34.3,0,5,94.7,1.5,3.41,9.0,0,0,0
S102476,23,Female,Medium,Secondary,1.7,0,0,3.47,49.6,0,1,68.9,8.5,2.79,10.0,1,0,0
S102477,19,Male,High,Bachelor,13.1,0,1,2.75,82.6,0,8,84.1,10.8,3.97,9.0,0,0,1
S102478,18,Female,Low,Bachelor,9.7,0,1,2.84,64.5,1,4,76.8,10.8,2.5,8.0,1,0,0
S102479,18,Female,Low,Bachelor,6.6,0,0,2.65,61.7,0,3,72.6,13.5,2.65,8.0,0,0,0
S102480,25,Female,Low,None,15.5,0,1,2.5,76.6,1,1,94.7,8.8,3.03,9.0,0,0,0
S102481,28,Male,Low,Bachelor,31.2,0,1,2.88,66.7,0,1,83.2,12.2,2.36,4.0,1,0,1
S102482,19,Male,High,Postgraduate,15.6,1,0,3.17,74.2,0,2,100.0,9.7,1.68,6.0,0,0,0
S102483,21,Male,Medium,Bachelor,41.1,0,0,3.63,69.8,0,6,86.6,13.7,2.55,16.0,0,1,0
S102484,21,Male,Medium,Bachelor,4.2,0,0,2.4,73.1,1,1,93.3,2.3,2.28,10.0,1,2,1
S102485,21,Male,High,Bachelor,3.2,0,1,2.98,58.3,1,8,38.7,0.0,2.71,13.0,0,0,0
S102486,20,Female,High,Bachelor,2.3,0,0,3.59,80.7,0,1,80.8,16.3,2.38,9.0,1,1,0
S102487,17,Male,High,Secondary,22.1,0,0,2.41,46.8,0,8,85.9,7.2,3.12,5.0,1,0,1
S102488,23,Female,Low,Secondary,33.6,0,0,3.63,63.7,0,3,87.3,1.5,2.55,7.0,1,0,1
S102489,21,Male,Low,Bachelor,15.8,0,0,2.78,81.5,0,4,100.0,9.2,1.67,1.0,0,0,0
S102490,21,Male,Low,Postgraduate,0.9,0,0,3.36,62.7,0,6,88.8,7.4,2.36,13.0,1,0,0
S102491,20,Female,Low,None,3.7,0,1,2.89,58.5,0,2,61.3,11.8,1.96,12.0,0,0,0
S102492,29,Female,Medium,Secondary,0.4,0,1,3.23,99.3,1,2,87.6,12.5,4.15,5.0,0,1,0
S102493,24,Male,Low,Secondary,52.6,1,0,3.8,86.3,0,6,92.1,7.9,2.83,11.0,0,0,0
S102494,22,Female,Medium,Bachelor,5.9,1,0,2.94,67.1,0,5,70.4,14.6,3.27,11.0,1,0,0
S102495,19,Male,Medium,Bachelor,1.5,0,0,3.5,50.4,0,7,73.3,3.9,2.73,8.0,0,0,0
S102496,27,Male,Low,Bachelor,14.5,0,0,3.14,34.5,0,4,91.3,0.0,4.08,10.0,0,0,1
S102497,28,Female,Low,None,3.8,1,1,2.61,75.6,0,5,79.6,10.7,1.92,10.0,0,0,1
S102498,17,Male,Medium,Secondary,42.2,0,1,2.93,84.0,1,3,96.0,8.7,2.25,10.0,0,2,1
S102499,29,Female,Medium,Bachelor,14.5,0,1,2.9,70.9,0,3,82.3,0.5,3.58,9.0,0,0,1
S102500,26,Male,Medium,Secondary,16.3,0,0,2.29,39.3,0,8,46.8,13.0,2.44,8.0,0,0,0
S102501,18,Female,Medium,None,11.4,0,1,3.23,67.4,0,3,80.5,1.5,2.28,6.0,0,1,1
S102502,26,Female,Low,Secondary,2.3,1,1,3.33,57.7,1,8,73.6,9.4,2.41,12.0,1,0,1
S102503,18,Male,Low,Bachelor,1.2,1,0,3.41,67.4,0,4,88.8,13.8,4.15,16.0,1,0,0
S102504,17,Male,Low,Secondary,7.4,0,1,3.71,94.2,0,5,86.0,11.3,4.23,4.0,0,0,1
S102505,18,Female,Low,Secondary,37.1,0,1,3.48,76.8,1,2,65.5,11.0,3.09,8.0,0,0,1
S102506,22,Female,Medium,Secondary,0.2,1,1,2.7,73.6,0,3,82.6,7.6,2.94,5.0,0,0,0
S102507,25,Female,High,Postgraduate,56.4,0,0,2.8,64.3,0,4,87.7,10.8,3.35,10.0,1,0,0
S102508,22,Female,Low,Secondary,13.3,0,0,3.42,71.2,0,7,86.3,12.5,3.07,10.0,0,1,1
S102509,18,Female,Low,Secondary,4.1,0,1,3.19,54.2,1,7,94.3,6.8,2.92,9.0,1,0,0
S102510,19,Male,Medium,Secondary,17.1,1,0,2.99,73.3,0,5,64.3,4.3,2.48,6.0,1,0,0
S102511,28,Female,Medium,Secondary,4.7,1,1,2.56,62.1,2,5,77.3,13.9,2.37,6.0,1,0,1
S102512,29,Male,Low,Bachelor,1.4,0,0,2.73,52.7,0,1,46.2,19.3,3.15,5.0,1,0,0
S102513,26,Female,Low,Bachelor,7.1,1,0,3.29,77.2,1,3,97.3,17.5,2.9,1.0,0,0,1
S102514,18,Male,High,Secondary,4.0,0,1,2.02,31.5,0,8,81.4,0.0,3.83,13.0,0,0,0
S102515,27,Male,Low,Bachelor,43.4,0,1,1.83,56.8,0,6,78.3,16.3,2.62,11.0,0,2,1
S102516,25,Female,Medium,Secondary,4.5,1,0,3.35,74.2,1,7,78.1,6.8,2.15,13.0,0,0,0
S102517,23,Female,Medium,Bachelor,4.8,1,1,2.73,83.4,0,3,87.2,19.0,1.78,7.0,0,0,1
S102518,18,Female,Low,None,5.6,0,1,3.23,72.1,1,6,95.6,4.8,2.26,10.0,0,1,1
S102519,29,Female,Medium,Secondary,14.5,0,1,3.79,54.9,0,2,75.6,4.4,1.79,5.0,0,0,1
S102520,22,Female,Low,Bachelor,12.6,1,0,2.49,64.2,0,6,86.1,9.7,3.6,6.0,0,0,0
S102521,17,Female,Low,Postgraduate,32.6,0,1,2.17,69.4,0,1,86.0,8.0,2.5,16.0,0,0,0
S102522,19,Female,Low,Bachelor,18.1,0,0,2.86,88.4,0,8,47.0,8.2,2.26,7.0,0,1,1
S102523,22,Female,High,Bachelor,1.2,0,1,2.66,78.8,0,7,69.4,14.7,3.14,12.0,0,0,1
S102524,17,Female,Low,Bachelor,38.1,0,1,2.99,78.9,0,6,86.5,16.2,4.16,9.0,1,0,0
S102525,21,Female,Low,Bachelor,1.1,0,0,3.27,66.0,1,5,98.5,5.3,2.5,2.0,0,0,1
S102526,23,Female,High,Secondary,2.3,0,0,3.16,48.9,0,7,100.0,18.2,2.01,7.0,1,0,0
S102527,29,Male,Low,Secondary,2.2,0,0,3.02,43.9,0,1,61.6,3.8,2.52,10.0,1,0,1
S102528,18,Female,High,Bachelor,27.8,0,0,3.53,60.5,0,2,95.0,7.0,1.5,11.0,0,0,0
S102529,24,Male,Medium,Bachelor,24.9,0,1,3.34,75.5,0,4,95.5,22.7,3.16,1.0,0,0,0
S102530,28,Male,Medium,Bachelor,21.1,0,1,2.91,57.5,0,1,86.2,11.8,3.2,4.0,0,0,1
S102531,27,Female,Medium,Secondary,55.5,0,1,3.32,73.6,1,3,49.7,6.7,2.49,9.0,0,0,1
S102532,29,Male,Medium,Secondary,2.0,0,1,2.23,53.1,0,5,71.9,11.3,2.02,4.0,0,0,1
S102533,19,Female,Low,Secondary,0.2,1,1,3.53,55.4,1,3,81.6,13.5,4.48,13.0,1,1,0
S102534,27,Female,High,Bachelor,1.3,1,1,3.01,86.1,1,4,76.5,11.7,1.94,8.0,0,0,0
S102535,29,Male,High,None,3.6,0,0,2.4,76.5,0,8,47.5,16.4,2.27,10.0,1,0,1
S102536,21,Female,High,Bachelor,14.9,0,1,2.79,60.4,0,6,76.1,5.7,2.82,13.0,0,0,1
S102537,23,Male,Medium,None,16.6,1,0,3.52,52.5,1,8,66.0,6.7,3.4,3.0,1,0,0
S102538,23,Female,Medium,Secondary,0.2,0,0,2.62,79.2,0,2,88.9,5.5,2.69,10.0,0,2,0
S102539,23,Female,Medium,Bachelor,22.9,1,1,3.21,78.1,0,6,87.2,5.8,2.82,9.0,1,0,1
S102540,20,Male,Low,Secondary,19.3,0,1,3.44,74.6,0,8,87.8,10.2,3.23,9.0,0,0,1
S102541,29,Male,Medium,Bachelor,4.2,0,0,3.01,62.3,0,2,74.5,4.7,5.0,7.0,0,0,0
S102542,29,Male,Medium,None,36.3,0,0,2.57,48.6,0,1,80.3,11.5,2.39,9.0,0,0,0
S102543,21,Male,Medium,Secondary,23.1,0,1,2.97,64.8,0,1,78.7,13.2,2.44,0.0,1,0,1
S102544,27,Male,Low,Bachelor,4.8,1,0,2.3,86.1,1,8,93.7,3.9,2.72,13.0,0,0,1
S102545,22,Female,Medium,Bachelor,1.0,1,1,2.76,51.4,0,1,72.0,6.8,3.28,3.0,0,1,0
S102546,27,Male,Medium,None,7.9,0,1,2.45,65.7,0,4,68.6,7.4,4.57,15.0,0,1,0
S102547,24,Female,Medium,Secondary,11.6,0,1,2.98,89.5,0,1,94.4,8.9,2.72,4.0,0,0,0
S102548,23,Male,High,Bachelor,1.8,1,0,2.37,60.4,0,3,92.3,9.2,3.19,4.0,0,1,0
S102549,18,Female,Medium,Postgraduate,7.4,1,0,3.04,63.1,0,8,87.0,14.5,1.29,10.0,0,1,0
S102550,25,Male,Low,Bachelor,26.2,0,0,3.57,44.7,0,2,100.0,14.9,2.85,9.0,0,0,0
S102551,21,Female,Low,Bachelor,10.6,0,0,3.6,74.3,1,2,100.0,6.0,2.79,10.0,1,0,0
S102552,19,Female,Medium,Secondary,24.8,0,1,2.38,53.9,0,1,98.5,13.5,3.51,9.0,0,0,1
S102553,19,Male,Medium,Bachelor,5.5,0,1,2.67,41.7,0,6,68.8,16.9,2.44,7.0,0,1,0
S102554,29,Female,High,Bachelor,26.7,1,0,3.43,50.7,0,2,92.5,16.0,1.94,7.0,0,1,0
S102555,18,Male,Low,Bachelor,5.5,1,0,3.35,68.1,0,3,81.7,11.0,2.96,10.0,1,0,0
S102556,27,Female,Low,Bachelor,25.6,1,0,2.69,41.3,0,7,71.6,9.7,1.71,5.0,0,0,0
S102557,28,Female,Medium,Bachelor,12.7,0,0,2.76,44.2,0,7,68.9,3.0,2.24,8.0,1,1,0
S102558,17,Female,Medium,Bachelor,1.5,1,0,3.04,73.4,0,4,84.0,7.9,2.84,1.0,0,0,0
S102559,24,Male,High,None,6.4,1,1,2.08,63.9,0,7,92.3,2.5,1.12,9.0,1,0,0
S102560,24,Male,High,Secondary,22.3,0,0,3.26,51.3,0,5,100.0,15.7,2.62,8.0,1,0,1
S102561,21,Male,Medium,Postgraduate,3.6,1,0,3.54,60.2,3,3,90.1,8.7,3.91,8.0,1,0,0
S102562,25,Male,High,Secondary,23.0,0,1,2.81,91.1,1,2,88.6,9.6,1.67,15.0,0,0,0
S102563,22,Male,Low,Secondary,1.5,0,0,2.29,84.2,0,3,76.9,6.9,2.32,14.0,1,1,0
S102564,22,Female,Medium,Secondary,1.5,0,1,3.71,63.4,1,1,83.2,2.9,3.21,12.0,0,0,1
S102565,22,Female,High,Bachelor,8.5,0,1,3.11,77.2,0,4,57.6,13.6,3.37,12.0,1,0,0
S102566,27,Female,Medium,Bachelor,14.7,0,0,3.35,66.8,0,1,88.5,12.5,2.84,8.0,1,1,0
S102567,25,Male,High,Bachelor,25.4,0,1,2.34,38.4,1,1,86.5,14.7,2.67,9.0,0,0,0
S102568,21,Male,Low,None,19.0,0,1,2.34,35.7,0,2,100.0,1.2,3.96,10.0,1,0,1
S102569,29,Female,Low,Secondary,17.2,0,0,3.21,51.4,0,1,79.4,16.6,2.95,10.0,0,0,1
S102570,27,Male,Medium,None,15.8,0,0,3.51,41.4,0,2,97.9,9.4,2.06,8.0,1,0,0
S102571,29,Male,High,Bachelor,4.6,0,1,2.44,69.1,1,7,72.9,13.9,2.88,10.0,0,0,0
S102572,26,Female,Low,Secondary,25.2,1,0,2.95,56.8,0,8,100.0,0.0,2.71,8.0,1,1,0
S102573,22,Female,High,Bachelor,5.9,0,0,2.21,71.4,1,4,100.0,12.1,2.49,10.0,0,1,0
S102574,27,Female,Low,Bachelor,9.2,1,0,2.65,71.6,1,5,97.0,9.6,1.62,12.0,0,0,1
S102575,21,Male,Medium,Bachelor,23.4,1,0,2.87,75.4,2,4,80.9,8.9,2.8,5.0,0,1,0
S102576,20,Female,Medium,Bachelor,3.0,1,1,3.24,51.0,0,5,76.7,9.5,3.21,9.0,0,0,0
S102577,22,Male,Low,Bachelor,6.0,1,1,1.95,72.7,0,5,74.4,7.0,3.33,8.0,0,0,0
S102578,29,Male,Medium,Bachelor,5.0,0,1,3.66,50.7,1,3,65.4,2.9,2.81,4.0,0,0,1
S102579,24,Female,Medium,None,91.8,1,0,2.91,75.7,0,3,87.0,3.7,2.82,14.0,0,0,0
S102580,21,Male,Medium,Secondary,18.4,0,1,3.65,83.3,1,6,76.3,10.1,2.41,5.0,1,0,0
S102581,23,Female,Low,Secondary,4.8,1,0,3.35,75.8,0,7,85.7,16.6,3.48,14.0,0,0,1
S102582,20,Female,Low,Secondary,2.9,0,0,3.43,62.3,0,2,82.5,15.5,1.97,3.0,1,0,1
S102583,25,Male,High,Bachelor,3.9,0,0,4.0,73.5,2,1,63.9,11.2,2.44,2.0,0,1,1
S102584,21,Female,Medium,Secondary,22.5,1,0,2.61,42.0,1,1,95.9,7.6,2.24,7.0,1,1,0
S102585,24,Female,High,Bachelor,6.6,1,1,3.07,38.6,0,2,81.4,20.3,2.72,10.0,1,0,0
S102586,21,Female,Medium,None,3.4,1,0,2.5,72.0,0,4,92.9,13.4,3.72,10.0,0,0,0
S102587,21,Female,High,Bachelor,25.2,1,0,2.95,84.6,0,8,62.5,13.0,1.97,13.0,0,0,0
S102588,29,Female,Low,Secondary,10.0,1,0,3.36,46.5,1,5,68.5,3.3,3.0,5.0,0,0,1
S102589,21,Male,Medium,Secondary,21.2,0,1,3.56,65.2,0,8,74.1,11.3,3.01,12.0,0,1,0
S102590,17,Female,Medium,Secondary,23.3,1,0,2.81,71.6,2,8,83.6,3.8,2.13,1.0,1,0,0
S102591,21,Female,Low,Bachelor,10.1,0,1,2.4,55.8,0,1,78.4,20.4,2.67,4.0,0,1,1
S102592,23,Male,Low,Secondary,28.2,0,0,3.04,59.9,0,2,100.0,5.8,2.17,7.0,1,1,1
S102593,18,Male,Medium,Bachelor,4.4,0,0,2.57,74.2,0,5,95.5,7.0,2.87,4.0,1,0,0
S102594,20,Female,High,Bachelor,0.5,0,0,2.71,66.6,1,8,69.0,6.8,2.72,10.0,1,0,0
S102595,19,Female,Medium,Postgraduate,6.6,0,0,3.34,66.7,0,6,100.0,8.1,3.85,5.0,0,0,0
S102596,23,Female,Low,Bachelor,7.5,1,0,3.24,50.3,1,4,78.7,13.4,2.26,12.0,1,1,0
S102597,26,Female,High,Bachelor,14.9,0,0,3.42,64.5,1,3,99.4,10.0,2.68,11.0,0,0,0
S102598,29,Female,Low,Bachelor,10.9,1,0,2.83,59.0,0,3,75.7,10.2,2.54,5.0,0,0,0
S102599,22,Female,Low,Secondary,31.8,0,0,3.5,59.8,0,1,89.4,13.6,3.75,7.0,1,0,1
S102600,28,Female,High,Bachelor,38.8,1,0,3.01,56.9,0,5,94.2,2.4,2.46,8.0,0,1,0
S102601,19,Male,Medium,Secondary,13.1,0,1,2.86,64.6,0,6,57.4,13.7,2.18,13.0,1,0,1
S102602,27,Male,High,Bachelor,28.0,0,0,2.45,52.0,0,5,100.0,10.7,2.26,4.0,0,1,0
S102603,24,Female,High,None,42.1,1,1,1.96,65.2,1,7,68.3,6.5,2.25,0.0,0,0,1
S102604,26,Female,Medium,Secondary,13.6,0,0,2.22,59.5,0,6,74.8,10.7,2.39,6.0,1,0,1
S102605,26,Female,Low,Bachelor,7.1,0,0,3.11,51.0,0,6,70.9,10.6,2.2,4.0,1,1,0
S102606,23,Male,Low,Secondary,24.0,0,0,2.55,35.8,0,1,71.5,0.0,2.81,2.0,1,1,1
S102607,20,Male,High,Secondary,28.6,0,1,2.18,79.2,0,2,72.2,16.9,1.89,8.0,1,0,1
S102608,23,Female,High,Secondary,32.5,0,0,2.79,76.2,0,7,62.1,16.0,3.2,3.0,1,0,1
S102609,27,Female,Medium,Bachelor,1.5,0,1,3.14,52.9,0,5,91.4,3.5,2.83,9.0,0,0,0
S102610,29,Male,Medium,Secondary,10.2,0,1,3.21,75.2,1,2,81.7,6.2,3.94,3.0,1,0,0
S102611,29,Female,Low,Secondary,8.5,1,1,2.99,49.6,1,2,77.9,16.8,3.13,20.0,1,0,0
S102612,19,Female,Low,Postgraduate,21.5,0,0,2.97,60.4,0,8,95.2,13.3,3.06,12.0,0,0,1
S102613,24,Female,High,Postgraduate,10.2,0,0,2.73,57.0,0,5,100.0,11.9,4.21,5.0,1,0,0
S102614,18,Male,Low,None,42.8,1,0,3.32,60.8,0,4,56.6,12.2,3.1,5.0,0,0,1
S102615,25,Female,Medium,Secondary,32.6,1,1,2.91,74.7,0,4,100.0,11.9,2.65,7.0,1,0,1
S102616,29,Female,High,None,0.2,1,1,2.96,59.0,0,5,79.7,4.7,2.19,11.0,1,0,0
S102617,17,Female,Medium,Postgraduate,16.0,1,0,3.52,59.9,0,5,59.7,7.2,3.82,6.0,0,1,0
S102618,25,Male,Medium,Secondary,8.8,1,0,3.4,76.1,0,5,86.2,15.0,2.09,3.0,0,1,0
S102619,29,Female,Low,Secondary,4.8,1,0,2.91,65.9,0,3,78.2,13.3,2.0,2.0,1,0,1
S102620,28,Female,Low,Secondary,21.7,0,1,2.84,56.1,0,1,92.9,11.4,2.01,8.0,1,1,1
S102621,22,Male,Low,Bachelor,7.5,0,0,2.83,68.6,0,5,82.2,6.8,2.27,5.0,0,2,1
S102622,18,Female,Low,None,8.2,0,1,1.99,79.9,0,5,85.4,14.9,2.83,9.0,1,0,0
S102623,29,Female,Low,Bachelor,8.9,0,0,3.55,80.8,1,5,73.5,5.2,2.62,0.0,0,0,0
S102624,28,Female,Low,Secondary,21.5,0,1,2.66,45.1,0,8,64.6,17.4,3.17,10.0,0,0,1
S102625,24,Male,Low,Bachelor,9.5,0,0,3.43,45.9,1,2,91.1,6.4,2.04,7.0,0,0,0
S102626,29,Female,Low,Bachelor,0.8,0,0,3.02,80.0,0,6,72.1,5.6,2.19,1.0,0,2,0
S102627,17,Male,High,Secondary,22.1,1,1,3.7,60.7,0,1,86.0,10.2,2.91,9.0,0,0,0
S102628,25,Female,Low,Secondary,15.2,0,1,3.26,32.0,0,3,100.0,11.1,2.13,10.0,0,1,1
S102629,17,Female,Medium,Secondary,2.1,1,0,3.46,54.1,0,6,77.6,10.5,1.85,5.0,0,0,0
S102630,29,Male,High,Bachelor,5.5,1,1,2.7,58.4,0,4,90.5,3.4,1.73,11.0,0,0,0
S102631,25,Male,Low,None,10.2,0,0,2.36,60.3,0,2,79.5,12.1,2.77,3.0,1,1,1
S102632,28,Male,Medium,Bachelor,22.6,0,0,3.07,76.5,0,4,74.5,14.9,2.75,0.0,1,0,0
S102633,24,Female,High,Secondary,4.0,1,0,2.04,51.1,2,5,56.6,9.6,2.72,7.0,1,0,1
S102634,18,Female,Medium,Bachelor,42.8,0,0,2.77,79.0,1,1,79.4,2.3,3.65,4.0,1,0,0
S102635,17,Female,Low,Bachelor,3.8,0,1,2.41,69.3,1,1,77.5,8.9,3.01,3.0,0,0,1
S102636,21,Male,Medium,None,3.2,0,0,2.58,45.7,0,2,66.9,4.3,2.8,10.0,1,0,0
S102637,26,Male,Medium,Secondary,40.4,0,0,3.3,60.2,0,3,49.5,0.3,3.74,9.0,0,0,0
S102638,18,Male,Medium,Bachelor,34.2,1,1,3.26,72.4,0,5,54.9,7.3,3.48,15.0,0,0,0
S102639,28,Female,Low,Secondary,4.1,1,0,2.92,65.6,0,1,100.0,18.1,2.29,10.0,0,0,0
S102640,20,Female,Low,Bachelor,13.5,0,0,3.16,70.7,0,4,80.6,9.6,3.38,10.0,0,0,0
S102641,23,Female,High,Postgraduate,22.2,1,0,2.73,56.2,1,3,58.5,8.6,4.04,5.0,1,0,0
S102642,19,Male,Low,None,0.3,0,1,4.0,73.3,0,5,71.0,13.6,4.04,0.0,0,0,0
S102643,23,Female,Low,Secondary,9.7,1,0,3.15,59.0,0,6,80.2,13.1,3.48,16.0,0,0,1
S102644,22,Male,Medium,Secondary,19.9,1,1,2.7,100.0,0,6,86.7,2.7,3.07,10.0,0,0,1
S102645,17,Female,High,None,49.3,0,1,3.44,45.2,0,6,76.5,19.3,3.0,14.0,0,0,0
S102646,24,Female,Low,Postgraduate,16.2,1,1,3.62,100.0,0,5,100.0,11.0,3.82,3.0,0,1,1
S102647,27,Female,Low,Postgraduate,2.6,1,1,2.61,50.7,0,2,100.0,14.5,1.86,12.0,0,1,0
S102648,29,Female,Medium,Secondary,0.1,0,1,2.29,84.1,0,5,85.7,7.0,3.69,9.0,1,0,0
S102649,21,Male,Medium,Postgraduate,2.1,1,1,2.39,77.4,0,1,74.5,0.2,2.89,12.0,1,2,0
S102650,28,Female,Medium,None,22.8,0,1,2.67,51.4,0,4,85.7,9.4,2.15,10.0,0,1,1
S102651,28,Male,High,Postgraduate,12.7,0,0,2.97,74.0,2,1,60.1,4.5,1.97,7.0,1,0,0
S102652,29,Female,Low,Bachelor,10.6,0,0,2.19,57.6,1,3,95.0,15.9,1.61,9.0,1,0,1
S102653,21,Male,Low,Secondary,27.1,0,1,2.79,69.1,1,7,82.6,2.9,3.2,7.0,1,0,0
S102654,28,Male,Medium,Bachelor,11.1,0,0,2.9,67.2,1,1,61.9,10.1,4.15,11.0,0,0,1
S102655,24,Male,Low,Bachelor,1.3,0,1,3.16,59.8,0,3,71.2,13.0,2.45,5.0,1,1,1
S102656,17,Male,Medium,Secondary,10.1,1,1,3.31,58.5,0,1,88.6,12.1,2.2,5.0,1,0,0
S102657,20,Female,Medium,Secondary,35.4,0,0,3.2,70.1,1,8,55.0,7.5,3.65,7.0,0,0,0
S102658,25,Female,Low,Bachelor,1.7,1,0,3.9,51.4,0,7,66.6,1.1,2.88,10.0,1,0,0
S102659,19,Male,Medium,None,116.6,0,0,3.55,52.0,2,5,73.0,2.5,3.68,8.0,0,0,1
S102660,22,Female,Low,None,27.8,0,0,3.11,79.3,0,2,94.6,6.2,2.12,7.0,0,0,1
S102661,27,Female,Medium,Secondary,2.8,1,1,2.51,71.4,0,8,100.0,2.9,3.26,12.0,1,0,0
S102662,18,Male,Medium,Bachelor,2.2,0,0,2.66,45.4,0,1,85.7,9.6,4.07,10.0,1,1,0
S102663,23,Female,Medium,Secondary,25.2,0,0,2.29,50.0,0,2,32.6,6.2,2.07,6.0,0,1,0
S102664,19,Female,Low,Secondary,60.4,1,0,3.08,33.0,0,5,63.2,3.5,2.58,4.0,0,0,0
S102665,23,Female,High,Secondary,0.1,0,0,3.17,78.6,1,8,100.0,2.9,2.55,7.0,0,0,0
S102666,20,Male,High,Secondary,13.8,0,0,3.45,75.3,0,2,82.4,2.0,3.32,6.0,0,1,0
S102667,29,Female,High,Bachelor,9.7,0,0,3.13,48.7,0,8,40.9,9.7,3.68,5.0,0,0,0
S102668,17,Male,High,None,5.2,0,1,3.53,74.7,0,2,100.0,6.3,2.32,11.0,0,0,1
S102669,29,Male,Low,Bachelor,3.8,1,0,3.54,94.8,1,2,60.0,10.1,4.55,13.0,0,1,0
S102670,27,Female,Medium,Secondary,1.9,0,0,2.49,41.9,0,8,88.6,9.6,2.84,8.0,0,0,0
S102671,28,Female,Low,Bachelor,6.3,0,0,2.74,55.8,0,8,62.8,9.0,2.4,8.0,0,0,1
S102672,28,Female,High,Secondary,27.9,0,1,2.99,41.6,0,2,100.0,13.2,3.8,5.0,1,0,0
S102673,19,Male,Low,Bachelor,1.4,0,1,2.65,79.2,0,3,58.7,2.6,2.9,4.0,0,0,1
S102674,29,Male,Low,None,37.3,0,0,2.88,63.6,3,4,71.2,13.3,2.54,11.0,0,0,1
S102675,24,Male,Medium,Bachelor,15.6,1,1,3.15,59.0,0,2,95.7,12.0,2.42,3.0,0,0,1
S102676,29,Male,Low,Secondary,0.9,1,1,2.94,68.4,2,8,71.7,9.0,4.27,6.0,1,0,1
S102677,28,Male,Medium,None,19.9,0,1,3.0,56.6,1,3,87.3,6.0,2.1,5.0,0,0,0
S102678,24,Female,Low,Bachelor,5.8,1,1,2.53,59.0,1,7,92.5,10.2,3.59,10.0,1,0,0
S102679,21,Female,Medium,Secondary,7.1,1,1,3.25,69.1,2,1,82.7,12.2,2.23,7.0,0,0,0
S102680,18,Female,High,Secondary,13.9,0,0,3.22,55.8,0,4,63.3,3.0,2.36,6.0,1,0,0
S102681,18,Male,Medium,Bachelor,12.7,0,0,2.62,58.0,0,5,68.2,13.0,2.74,13.0,1,0,0
S102682,22,Male,Low,Bachelor,52.0,0,1,2.35,62.7,0,2,74.2,18.7,3.13,15.0,1,0,0
S102683,27,Female,Low,Bachelor,21.1,0,0,3.62,66.4,0,5,88.8,9.7,1.65,10.0,1,0,0
S102684,23,Male,Low,Postgraduate,10.0,0,0,3.87,74.0,0,4,92.2,16.5,2.42,9.0,0,0,0
S102685,23,Female,Low,Secondary,7.7,0,1,3.12,73.7,0,3,83.1,12.4,3.52,6.0,0,0,0
S102686,20,Male,Medium,None,5.4,1,1,2.82,42.5,0,4,90.5,11.3,3.52,8.0,0,0,0
S102687,24,Female,Low,Bachelor,0.4,0,0,3.52,86.1,0,3,56.1,6.5,2.6,3.0,1,0,0
S102688,25,Female,Low,Secondary,26.2,0,1,3.24,65.9,1,3,84.5,8.3,1.98,12.0,1,0,1
S102689,29,Female,Low,Secondary,5.8,1,0,2.89,60.0,0,1,79.0,5.1,2.95,7.0,0,0,1
S102690,26,Female,High,None,17.0,0,1,3.48,51.4,1,5,87.4,14.7,3.38,5.0,1,0,0
S102691,24,Female,Low,Secondary,9.9,0,1,2.6,94.8,0,6,91.3,6.3,2.93,7.0,0,0,1
S102692,28,Male,Low,Secondary,20.8,0,1,2.65,100.0,2,8,64.2,18.8,3.78,11.0,1,1,0
S102693,22,Female,Medium,Secondary,6.9,0,1,3.18,93.0,2,3,78.4,12.2,2.61,7.0,1,0,0
S102694,29,Female,Low,Bachelor,30.0,0,1,3.06,66.8,0,4,100.0,12.0,1.88,5.0,0,1,1
S102695,21,Female,High,Bachelor,9.0,0,1,3.32,70.2,1,4,84.6,3.4,2.38,0.0,1,0,1
S102696,18,Female,Low,Postgraduate,0.9,1,0,3.6,87.4,0,6,78.5,13.3,2.8,8.0,0,0,0
S102697,22,Male,Medium,None,5.3,0,0,2.22,61.4,0,5,61.7,8.9,2.31,10.0,0,0,0
S102698,18,Female,Medium,Secondary,10.6,1,0,3.02,73.1,0,4,88.1,7.2,2.44,6.0,0,2,1
S102699,18,Female,High,Bachelor,30.6,1,0,3.95,68.4,0,7,59.1,6.7,3.47,5.0,0,0,0
S102700,28,Male,Medium,None,8.6,0,1,2.7,93.8,0,2,77.3,3.8,2.23,3.0,1,0,1
S102701,27,Male,Medium,Secondary,0.7,0,0,2.64,86.5,0,6,72.6,10.0,1.87,6.0,0,0,0
S102702,19,Male,Medium,Bachelor,9.6,0,1,1.88,62.9,1,2,85.9,9.2,3.37,4.0,1,0,0
S102703,27,Female,Medium,Bachelor,11.7,0,0,3.05,87.9,0,8,71.0,3.4,3.25,4.0,1,0,0
S102704,17,Male,Medium,Secondary,9.8,0,0,3.29,64.9,1,6,75.1,12.6,2.07,6.0,0,0,1
S102705,20,Male,Medium,Bachelor,79.5,0,0,3.29,56.8,0,6,66.3,20.6,3.3,16.0,0,0,0
S102706,26,Male,Medium,Bachelor,7.4,0,0,2.48,60.7,0,7,76.3,2.9,2.01,17.0,0,2,0
S102707,20,Female,Low,Bachelor,21.3,0,0,3.0,67.2,0,3,83.2,9.4,2.29,13.0,0,1,1
S102708,26,Male,Low,Secondary,18.4,0,1,3.11,53.2,0,1,74.8,18.3,2.03,11.0,1,0,0
S102709,28,Male,Medium,Bachelor,5.8,0,0,3.03,57.2,1,7,75.3,6.1,2.48,0.0,0,0,0
S102710,17,Female,Low,Bachelor,0.9,1,1,2.45,43.3,0,8,82.5,12.2,3.19,19.0,0,0,0
S102711,17,Male,Medium,Secondary,16.8,0,0,3.04,52.7,0,5,95.0,12.0,2.99,10.0,0,0,0
S102712,29,Female,Low,Bachelor,19.7,1,1,2.59,68.5,1,4,91.2,13.3,2.23,4.0,1,0,0
S102713,23,Female,Medium,Bachelor,15.7,0,1,2.06,80.6,0,2,60.6,19.2,2.93,19.0,1,0,1
S102714,23,Female,Medium,Secondary,12.2,0,0,3.34,78.7,2,2,91.5,1.1,3.07,8.0,0,0,1
S102715,23,Female,Medium,Secondary,27.6,1,0,3.07,71.4,0,5,100.0,11.0,3.47,11.0,0,1,0
S102716,22,Male,Medium,Secondary,7.5,1,1,3.3,42.1,1,2,90.6,7.5,3.05,7.0,0,0,1
S102717,25,Male,Low,Bachelor,4.0,1,1,2.73,52.1,0,1,43.8,9.8,3.32,10.0,1,1,1
S102718,24,Male,Low,None,8.9,1,0,3.31,62.0,1,3,84.0,10.2,2.85,11.0,0,1,0
S102719,19,Male,Medium,Secondary,34.1,0,1,3.51,79.4,0,3,100.0,8.5,2.23,11.0,0,0,0
S102720,25,Male,High,Secondary,14.1,1,0,3.88,56.6,0,2,73.3,4.6,2.91,13.0,0,0,0
S102721,25,Female,Medium,Bachelor,2.9,1,0,3.41,46.7,0,1,100.0,4.9,3.65,9.0,1,0,0
S102722,18,Male,Medium,Bachelor,2.9,1,0,3.19,86.7,1,3,47.3,20.6,3.69,9.0,0,0,0
S102723,21,Male,Medium,Secondary,11.9,1,1,2.31,54.0,1,1,82.2,3.1,0.99,8.0,1,0,0
S102724,27,Female,Medium,Secondary,8.1,1,0,2.95,48.1,1,7,90.9,16.1,3.24,4.0,1,1,0
S102725,25,Female,Medium,Secondary,1.8,0,0,2.29,68.4,0,2,82.6,4.8,2.45,4.0,0,0,1
S102726,18,Male,Medium,Secondary,16.4,0,0,2.59,64.2,0,1,82.3,10.5,3.08,7.0,1,1,1
S102727,17,Male,Low,Bachelor,28.4,0,0,3.98,57.5,0,5,64.4,19.8,1.84,13.0,1,0,1
S102728,24,Male,Low,None,4.5,0,0,2.49,65.0,0,4,71.4,14.0,2.5,10.0,0,0,1
S102729,23,Male,Medium,Bachelor,11.8,0,0,1.83,51.1,0,4,88.6,2.8,1.68,8.0,0,0,1
S102730,29,Female,Medium,Bachelor,0.7,1,1,3.41,57.3,0,5,48.3,8.3,2.5,7.0,1,0,0
S102731,23,Female,Medium,Bachelor,4.4,0,1,2.66,64.5,0,4,93.6,9.9,3.23,3.0,1,1,0
S102732,29,Female,Low,Secondary,82.5,0,0,3.38,34.5,0,1,78.3,15.2,3.11,4.0,1,1,1
S102733,19,Female,Low,Secondary,20.7,0,0,2.41,79.3,0,5,88.3,10.2,4.3,9.0,0,0,0
S102734,22,Female,Medium,None,1.8,0,0,2.79,44.4,1,5,92.7,9.2,2.44,8.0,1,0,0
S102735,18,Female,Low,Postgraduate,23.0,0,1,3.6,50.9,1,2,100.0,18.6,2.19,11.0,0,0,1
S102736,24,Male,High,Bachelor,16.6,0,0,2.34,80.0,1,6,100.0,17.9,3.77,7.0,0,0,0
S102737,19,Male,Low,Bachelor,10.6,0,1,2.92,73.5,1,6,62.0,13.5,1.6,10.0,1,0,1
S102738,23,Female,Medium,Bachelor,9.6,0,0,3.15,66.3,0,6,100.0,6.9,2.94,2.0,1,0,0
S102739,21,Female,Medium,Secondary,7.6,0,1,2.64,39.4,0,5,39.3,0.0,3.15,4.0,0,0,1
S102740,19,Male,Low,Bachelor,1.4,0,1,3.12,55.9,1,6,73.3,3.6,1.18,9.0,0,1,1
S102741,18,Male,Low,Bachelor,26.1,0,1,3.01,61.8,0,2,82.6,2.3,2.04,8.0,0,1,1
S102742,23,Male,Low,None,14.8,1,0,3.27,62.8,0,1,75.1,9.7,1.84,11.0,1,0,1
S102743,29,Male,Low,Postgraduate,4.6,1,0,3.92,82.1,0,5,84.2,14.7,3.38,13.0,0,1,0
S102744,19,Female,Low,Bachelor,0.5,1,0,4.0,94.9,2,7,77.5,19.9,2.35,13.0,1,0,0
S102745,22,Female,Medium,Postgraduate,0.6,0,1,3.23,74.2,0,1,99.3,16.4,2.62,14.0,1,0,0
S102746,19,Female,Low,Bachelor,0.9,0,0,2.94,57.0,1,5,72.8,6.5,1.67,15.0,1,0,1
S102747,27,Male,Medium,Secondary,7.9,0,1,3.22,83.2,0,6,78.3,11.3,2.23,7.0,0,0,1
S102748,22,Male,Low,Bachelor,20.8,0,1,2.88,56.2,0,8,100.0,12.0,2.25,17.0,1,0,1
S102749,29,Female,High,None,5.1,0,1,2.21,25.6,1,2,94.5,2.2,2.65,20.0,0,1,0
S102750,20,Female,Medium,Bachelor,18.5,0,0,2.98,46.3,0,7,77.5,5.6,2.59,3.0,1,0,1
S102751,18,Male,High,Secondary,0.1,0,0,3.54,29.4,0,1,87.1,7.8,3.83,6.0,0,0,0
S102752,24,Male,High,Bachelor,6.0,0,1,2.27,59.2,1,7,100.0,20.6,3.28,9.0,1,0,0
S102753,25,Female,Low,Secondary,41.8,0,1,2.51,62.3,0,2,59.2,11.9,1.56,9.0,1,0,1
S102754,29,Female,Medium,Secondary,10.4,0,1,2.71,41.1,0,4,63.7,3.4,3.51,1.0,0,0,1
S102755,28,Female,Low,None,8.4,1,0,3.19,52.2,1,4,71.4,7.9,3.42,4.0,1,1,0
S102756,28,Female,High,Bachelor,32.0,0,1,4.0,43.6,0,8,83.3,12.2,2.85,9.0,1,1,0
S102757,25,Female,Medium,Secondary,4.0,0,0,2.6,63.1,0,6,94.5,8.7,3.49,7.0,0,1,0
S102758,21,Female,Medium,Secondary,1.1,0,1,3.05,52.2,0,4,68.5,8.2,3.64,10.0,1,2,0
S102759,22,Male,High,Secondary,14.8,0,0,3.0,80.1,1,3,65.9,13.7,2.46,16.0,1,0,0
S102760,18,Female,High,Secondary,19.2,0,0,2.85,67.5,0,8,60.3,17.0,1.95,3.0,1,0,0
S102761,22,Female,High,Postgraduate,11.9,0,1,2.98,89.1,0,3,65.9,16.1,3.2,17.0,1,0,0
S102762,21,Male,Low,Secondary,4.6,0,0,2.77,58.2,0,7,70.2,8.5,2.23,16.0,1,0,1
S102763,17,Female,Low,Secondary,13.0,0,1,4.0,97.2,0,4,47.5,9.2,2.99,1.0,0,0,0
S102764,19,Male,Low,Secondary,13.9,0,0,3.37,65.0,1,2,71.6,8.5,2.07,3.0,0,0,1
S102765,23,Male,Medium,None,8.2,1,1,2.77,57.1,0,7,64.3,15.3,3.48,6.0,0,0,0
S102766,21,Male,Medium,Secondary,1.3,0,0,3.59,100.0,0,1,77.5,8.1,2.27,4.0,1,1,0
S102767,29,Female,Low,None,31.1,0,0,3.13,37.6,3,7,100.0,0.4,2.65,10.0,1,1,0
S102768,23,Female,Medium,None,39.7,1,0,3.03,56.7,1,7,56.1,12.4,2.61,11.0,0,1,1
S102769,29,Female,Low,None,35.9,0,1,2.91,40.0,0,8,95.2,12.6,1.81,9.0,1,0,1
S102770,25,Female,Medium,Secondary,12.9,1,1,2.87,37.4,1,8,100.0,8.0,3.56,9.0,0,0,1
S102771,17,Female,High,Bachelor,3.3,0,0,2.39,34.0,0,7,94.5,19.3,3.7,7.0,0,0,0
S102772,19,Female,Medium,None,11.5,1,0,2.16,74.3,0,1,85.1,7.3,2.7,10.0,0,0,0
S102773,26,Female,Medium,Bachelor,4.0,0,0,3.19,45.1,0,4,99.7,17.1,2.27,16.0,0,1,0
S102774,24,Male,Low,Bachelor,16.7,0,1,2.9,61.2,0,7,89.5,3.3,2.64,0.0,1,0,0
S102775,20,Female,Low,Bachelor,4.3,1,1,3.44,78.4,0,5,96.7,11.4,2.45,8.0,1,0,1
S102776,23,Female,Medium,Secondary,22.1,0,1,2.56,72.0,0,5,81.8,6.0,2.78,10.0,0,0,0
S102777,28,Female,Medium,Bachelor,4.7,0,0,2.45,71.2,1,5,64.1,9.6,2.58,8.0,1,0,0
S102778,22,Male,Low,Bachelor,3.7,1,0,3.39,83.2,0,2,97.5,13.8,2.16,9.0,0,1,1
S102779,17,Female,High,Postgraduate,7.8,1,0,2.85,89.1,0,8,100.0,7.2,3.59,13.0,1,0,0
S102780,21,Female,Medium,Bachelor,12.1,0,1,3.43,46.2,0,2,74.9,6.5,2.65,6.0,0,0,1
S102781,29,Male,High,None,34.0,0,0,3.02,72.2,0,6,80.3,8.9,4.15,17.0,0,1,0
S102782,26,Female,Medium,Postgraduate,4.3,0,0,3.94,60.9,1,1,81.7,28.8,2.87,2.0,1,0,0
S102783,27,Male,High,Bachelor,33.0,1,1,3.38,62.8,0,5,58.0,11.0,2.52,10.0,0,0,0
S102784,28,Male,Low,Secondary,16.9,0,1,3.2,42.3,0,8,67.3,10.7,2.6,8.0,0,0,1
S102785,18,Male,Low,Secondary,14.4,0,0,3.4,57.0,0,6,84.6,12.2,2.54,9.0,0,0,0
S102786,20,Female,High,Postgraduate,23.5,0,0,2.86,58.7,0,7,78.6,1.4,2.73,11.0,0,1,0
S102787,17,Female,High,Secondary,4.4,0,1,2.18,86.5,2,8,80.3,14.6,2.96,6.0,1,0,0
S102788,17,Male,Medium,Bachelor,6.3,0,1,3.18,47.7,1,5,80.4,13.6,2.01,12.0,1,0,1
S102789,27,Female,Low,Secondary,0.3,0,0,3.97,29.2,1,2,78.3,1.1,2.09,16.0,1,0,0
S102790,29,Male,Low,Bachelor,19.6,0,0,1.85,64.9,0,6,68.5,22.0,3.35,7.0,1,0,1
S102791,19,Female,Medium,None,1.5,0,0,3.23,46.1,1,8,86.5,10.0,3.16,6.0,1,0,0
S102792,26,Female,High,Bachelor,28.4,0,1,2.23,62.9,1,6,84.9,4.4,1.7,13.0,0,0,1
S102793,23,Female,Low,Secondary,12.8,0,0,2.99,74.9,2,3,66.8,11.6,3.17,12.0,1,0,0
S102794,17,Female,Low,Postgraduate,21.3,0,0,3.04,63.5,0,2,86.2,5.5,3.39,2.0,0,0,0
S102795,28,Female,Medium,Secondary,8.3,1,0,3.37,58.5,1,3,70.6,1.9,2.98,10.0,0,0,0
S102796,28,Female,Medium,None,15.3,0,1,3.11,62.7,0,6,89.8,8.6,1.64,11.0,0,0,0
S102797,24,Male,Medium,Secondary,0.0,0,0,3.69,77.7,0,2,79.4,8.9,1.86,8.0,1,0,0
S102798,26,Male,Medium,None,0.7,0,0,3.58,47.7,0,3,85.9,2.1,2.77,14.0,0,0,1
S102799,22,Male,High,Postgraduate,15.8,1,0,2.9,75.9,0,3,82.6,6.1,4.12,2.0,0,0,0
S102800,27,Female,Low,None,13.6,0,1,3.55,49.9,0,3,79.2,4.8,2.42,0.0,1,0,0
S102801,22,Female,Medium,Secondary,10.3,1,1,2.84,74.0,1,5,84.9,8.2,3.22,12.0,0,0,1
S102802,29,Female,Medium,Bachelor,33.8,0,1,2.76,41.9,0,6,92.6,13.2,2.35,5.0,0,0,1
S102803,17,Male,Medium,Secondary,2.4,0,0,2.4,73.1,0,2,81.8,10.7,3.99,8.0,1,0,0
S102804,19,Male,High,Secondary,16.9,0,0,3.66,63.5,0,7,81.6,9.8,2.83,3.0,0,0,0
S102805,29,Female,Medium,Bachelor,8.9,0,0,2.85,66.4,0,2,74.7,0.9,1.95,11.0,0,0,0
S102806,20,Female,Medium,Secondary,19.7,1,1,1.79,79.4,0,6,52.7,9.9,2.23,9.0,0,0,1
S102807,21,Male,Low,Bachelor,10.9,0,1,3.27,52.7,1,3,80.5,4.6,2.17,7.0,0,0,0
S102808,27,Male,Medium,Bachelor,18.4,1,0,2.78,64.6,1,5,61.0,1.4,2.88,3.0,0,1,0
S102809,19,Male,Low,Secondary,7.9,1,0,2.85,69.5,1,1,71.5,14.4,2.31,7.0,0,0,0
S102810,23,Female,Low,Bachelor,10.9,1,0,2.88,60.5,1,2,67.0,3.3,2.45,9.0,1,0,0
S102811,20,Male,Medium,Bachelor,17.2,0,1,2.83,75.8,3,6,69.2,10.5,4.16,6.0,0,1,0
S102812,19,Male,Medium,Secondary,3.9,1,0,4.0,69.9,0,2,70.2,7.6,2.39,6.0,1,0,1
S102813,29,Female,High,Bachelor,10.0,0,0,3.83,56.3,0,2,87.3,5.2,2.92,8.0,0,0,0
S102814,19,Male,Medium,Secondary,26.9,0,0,3.35,83.9,3,7,85.0,16.1,2.61,11.0,0,0,0
S102815,18,Male,High,Secondary,11.6,0,0,3.12,73.4,1,7,81.7,7.0,2.77,10.0,0,0,1
S102816,25,Male,Low,Bachelor,1.2,1,0,3.56,52.4,1,7,98.1,7.3,3.27,13.0,0,0,0
S102817,28,Female,Medium,None,4.8,1,1,3.12,52.2,0,4,100.0,6.3,1.26,8.0,0,0,1
S102818,18,Female,High,Secondary,35.4,0,1,3.41,61.7,0,5,87.6,10.9,2.91,12.0,0,0,1
S102819,26,Male,Medium,None,5.1,1,0,3.28,71.7,0,4,93.6,9.2,2.54,3.0,1,0,0
S102820,24,Male,High,Bachelor,12.4,0,0,3.06,31.8,0,2,84.2,6.5,2.92,10.0,0,0,0
S102821,27,Female,Medium,Bachelor,17.8,0,1,3.47,53.0,1,8,89.7,5.4,2.66,9.0,0,0,1
S102822,18,Female,Low,Secondary,16.8,0,1,2.79,56.3,1,7,55.6,9.8,2.66,17.0,0,1,1
S102823,29,Male,Medium,None,19.4,0,1,3.03,43.4,0,1,39.4,6.7,3.01,5.0,1,1,1
S102824,25,Male,Low,Postgraduate,14.6,0,1,2.51,49.7,0,1,48.3,18.6,2.41,3.0,0,0,1
S102825,27,Male,Low,Secondary,9.0,1,1,2.57,67.1,0,6,70.6,7.4,4.18,5.0,1,0,1
S102826,21,Female,Low,Secondary,0.4,1,1,1.74,57.7,1,3,100.0,11.7,2.13,5.0,1,0,0
S102827,29,Female,Low,None,10.8,0,0,3.23,58.8,0,5,83.8,9.5,3.81,10.0,1,0,0
S102828,25,Female,Medium,Bachelor,8.4,0,0,3.37,44.3,1,4,74.1,8.6,1.93,3.0,0,0,0
S102829,18,Male,High,Secondary,7.4,0,0,3.54,61.8,1,6,88.5,14.5,2.62,9.0,1,0,0
S102830,28,Female,Medium,Bachelor,15.2,1,1,2.45,42.4,0,7,85.3,12.9,3.02,8.0,0,0,0
S102831,27,Female,High,Bachelor,3.8,0,1,3.22,86.9,1,8,59.7,12.8,2.15,12.0,0,0,0
S102832,20,Male,Medium,None,2.6,0,1,3.0,91.1,2,2,87.0,12.7,2.1,10.0,1,0,1
S102833,24,Male,Low,Bachelor,9.0,0,0,3.37,57.9,1,2,92.5,1.9,2.6,11.0,1,0,1
S102834,22,Male,Low,Secondary,5.5,0,0,2.67,48.2,0,3,100.0,12.2,3.43,10.0,0,0,0
S102835,24,Female,High,None,11.7,1,1,2.83,77.8,1,6,78.8,8.8,2.86,13.0,0,0,0
S102836,29,Female,Medium,Bachelor,11.1,0,1,2.22,73.9,0,3,100.0,7.4,4.13,2.0,1,0,0
S102837,28,Female,High,Secondary,11.7,0,1,2.64,93.1,0,6,73.9,27.3,3.2,2.0,0,2,0
S102838,19,Female,Low,Bachelor,9.1,0,0,3.0,97.1,0,2,100.0,2.6,2.48,8.0,0,1,0
S102839,29,Male,Medium,Bachelor,2.5,0,1,3.09,34.6,0,4,71.1,9.5,0.91,8.0,1,0,0
S102840,22,Male,Medium,Secondary,22.1,0,1,2.16,82.4,0,1,89.6,9.1,1.71,4.0,0,0,0
S102841,26,Male,High,Postgraduate,0.8,0,1,2.74,61.7,0,2,84.3,9.6,2.61,10.0,0,0,1
S102842,26,Female,Low,Secondary,28.4,1,1,3.08,73.2,0,8,100.0,4.9,1.7,3.0,0,0,1
S102843,23,Female,High,Secondary,24.4,0,1,3.7,76.7,0,2,100.0,11.1,2.67,7.0,1,0,0
S102844,22,Male,Medium,Secondary,22.2,0,0,2.58,76.0,0,4,64.4,4.4,2.96,8.0,0,0,1
S102845,22,Male,High,Postgraduate,19.2,0,0,3.25,80.0,0,4,75.0,11.4,2.6,10.0,0,0,0
S102846,28,Female,Medium,Secondary,31.2,0,0,2.72,56.6,1,6,100.0,10.8,2.61,6.0,0,0,0
S102847,22,Female,Medium,Secondary,34.6,0,0,2.78,50.7,0,6,81.5,8.8,4.17,13.0,0,1,0
S102848,20,Female,Medium,Secondary,7.6,1,1,2.56,82.8,0,5,92.2,9.6,2.85,15.0,0,0,0
S102849,21,Male,High,Secondary,54.2,0,1,2.48,51.9,0,5,63.9,17.9,2.7,14.0,0,2,0
S102850,19,Female,Low,Secondary,8.7,1,0,2.76,92.9,0,7,76.3,12.9,2.1,15.0,0,0,0
S102851,22,Female,Medium,Bachelor,2.9,0,1,3.52,53.5,1,1,69.4,10.9,2.8,12.0,0,1,1
S102852,18,Female,Medium,Bachelor,37.8,0,1,2.62,59.3,0,2,93.9,12.1,2.47,10.0,1,0,0
S102853,18,Female,Medium,Bachelor,3.3,0,0,2.54,62.1,0,1,91.1,10.2,4.06,5.0,0,0,0
S102854,26,Female,Medium,None,1.5,0,1,3.1,41.9,1,3,98.4,12.8,3.2,6.0,1,1,0
S102855,18,Female,Medium,Secondary,40.7,0,0,3.0,41.9,0,3,63.7,7.0,3.79,12.0,1,0,0
S102856,24,Female,Medium,None,0.8,1,1,2.97,78.7,2,1,88.2,21.1,2.95,1.0,0,0,0
S102857,27,Female,Medium,Secondary,23.0,0,1,3.13,39.2,0,1,80.3,10.9,3.67,13.0,1,0,0
S102858,26,Male,Medium,Bachelor,70.2,0,0,2.5,100.0,0,4,43.3,24.1,2.1,6.0,0,0,1
S102859,22,Female,Medium,Secondary,17.5,0,0,2.55,63.6,1,2,86.9,21.1,2.97,6.0,0,0,0
S102860,19,Female,High,Bachelor,19.0,0,1,3.49,49.6,1,6,99.4,7.5,2.19,11.0,0,1,0
S102861,29,Male,Medium,Secondary,13.6,0,1,2.93,71.3,0,6,100.0,11.2,2.49,9.0,1,0,0
S102862,27,Male,Low,Bachelor,7.4,0,0,3.3,28.1,0,5,79.5,11.8,2.83,6.0,0,0,1
S102863,24,Female,Medium,Bachelor,4.2,0,1,3.61,60.0,1,4,92.4,14.7,2.13,4.0,0,0,1
S102864,18,Female,Low,Bachelor,64.6,0,1,3.42,61.9,0,8,88.2,10.7,1.78,2.0,1,0,1
S102865,17,Female,Low,Bachelor,30.4,1,0,2.32,46.0,0,6,68.6,16.0,3.49,0.0,1,0,0
S102866,21,Female,Medium,Bachelor,12.9,1,0,2.94,55.5,0,8,66.6,1.2,1.62,14.0,0,0,0
S102867,19,Female,Medium,Bachelor,1.6,0,0,3.52,87.9,0,3,79.3,7.0,3.98,7.0,1,0,0
S102868,28,Female,Medium,Secondary,0.7,0,0,3.26,67.7,0,5,76.5,9.0,2.23,4.0,1,1,0
S102869,19,Male,High,Secondary,4.9,0,0,3.09,71.0,1,1,81.3,6.7,3.2,11.0,0,0,0
S102870,20,Male,Low,Bachelor,3.5,0,1,2.18,53.2,1,4,73.7,1.3,3.24,5.0,0,0,1
S102871,29,Female,Low,None,58.7,0,1,2.69,45.1,0,1,83.2,14.4,2.03,5.0,1,1,0
S102872,27,Male,Low,Postgraduate,20.4,0,0,3.03,61.4,0,3,64.0,4.5,3.12,13.0,1,0,0
S102873,19,Female,Low,Secondary,1.8,0,0,2.29,28.1,0,1,100.0,6.6,2.92,11.0,0,0,0
S102874,21,Female,Medium,Bachelor,36.6,0,0,3.4,48.5,0,2,52.7,13.8,3.24,9.0,0,2,0
S102875,23,Female,Medium,Secondary,15.2,0,1,2.94,46.2,0,7,78.8,16.1,3.65,6.0,0,0,1
S102876,25,Male,Medium,Postgraduate,7.8,0,1,2.01,34.4,0,6,76.9,7.2,3.37,9.0,1,0,0
S102877,29,Female,Low,None,3.9,0,1,2.72,74.7,1,8,78.0,4.8,2.19,10.0,0,0,1
S102878,28,Male,Medium,Secondary,26.9,0,0,2.86,63.0,2,8,67.3,5.9,2.7,9.0,0,0,0
S102879,29,Female,Low,Bachelor,16.2,1,1,2.94,55.7,0,2,57.3,15.6,2.22,13.0,0,1,0
S102880,17,Male,Medium,Secondary,2.8,0,1,3.71,75.1,1,2,83.6,15.9,2.4,4.0,0,0,0
S102881,20,Female,Medium,Secondary,27.2,0,0,3.29,40.3,0,8,76.9,11.7,3.14,7.0,1,0,0
S102882,24,Female,Low,Bachelor,58.3,1,0,2.32,44.8,0,7,85.8,11.2,3.22,10.0,1,0,0
S102883,17,Male,High,Bachelor,3.0,0,0,2.26,81.8,0,3,55.3,3.4,3.21,6.0,0,2,0
S102884,21,Male,Medium,None,9.1,0,1,2.87,99.2,1,3,100.0,12.3,3.0,12.0,1,0,1
S102885,18,Female,Low,Bachelor,3.0,1,0,3.06,75.3,0,6,78.8,13.9,3.11,13.0,0,0,0
S102886,29,Male,Medium,Secondary,34.4,0,0,3.5,72.1,1,5,34.4,10.8,2.48,8.0,1,0,1
S102887,17,Male,Medium,Secondary,2.8,1,0,3.86,56.3,1,4,82.8,11.0,3.75,10.0,0,1,0
S102888,18,Female,Low,Bachelor,3.0,1,0,3.89,56.6,0,3,72.9,4.8,3.27,7.0,1,0,0
S102889,19,Female,Low,None,34.9,0,1,2.78,68.4,0,5,63.0,15.8,2.79,7.0,1,0,1
S102890,18,Female,Medium,Secondary,7.1,0,0,3.47,85.6,0,8,98.5,3.2,3.59,13.0,0,0,0
S102891,24,Male,High,Secondary,39.5,0,0,3.21,71.4,0,7,93.9,9.9,2.44,5.0,1,0,0
S102892,21,Female,Medium,Bachelor,1.0,0,1,2.45,79.4,2,6,85.1,12.3,2.88,11.0,0,0,0
S102893,28,Female,Medium,Bachelor,20.2,0,1,2.06,51.3,0,7,81.2,15.7,3.43,6.0,1,0,1
S102894,20,Female,Medium,Secondary,18.3,1,0,3.07,74.3,1,1,87.6,15.3,1.95,5.0,1,0,0
S102895,23,Female,Medium,Postgraduate,4.2,0,0,2.25,54.9,0,7,56.3,15.7,4.36,12.0,0,0,0
S102896,25,Male,Low,Bachelor,1.0,1,0,2.57,67.1,0,4,82.9,8.5,2.39,11.0,1,1,0
S102897,25,Male,Medium,Secondary,0.2,0,0,2.66,74.2,0,3,98.6,21.6,2.48,5.0,1,1,0
S102898,27,Female,High,Postgraduate,27.0,0,1,3.11,57.0,0,7,95.6,15.4,2.81,7.0,1,0,0
S102899,19,Male,High,Secondary,38.3,1,1,3.64,49.7,1,7,64.2,8.2,3.32,8.0,0,0,0
S102900,23,Female,High,Secondary,12.3,0,0,3.01,70.4,0,1,82.8,8.6,3.38,9.0,0,0,0
S102901,27,Male,Low,Secondary,6.5,0,0,2.73,63.0,0,3,63.2,13.8,3.85,6.0,0,0,0
S102902,28,Male,Medium,Secondary,1.0,0,0,1.97,67.0,0,6,82.4,7.7,2.76,15.0,1,0,1
S102903,25,Male,Medium,Bachelor,10.1,0,1,3.23,74.9,0,2,68.7,3.6,3.03,4.0,0,0,0
S102904,25,Female,Low,Bachelor,44.5,0,0,3.01,84.6,0,2,66.9,10.4,1.72,2.0,0,0,1
S102905,28,Female,Low,Bachelor,29.5,0,0,2.73,74.9,0,3,85.4,0.0,2.05,8.0,0,0,1
S102906,25,Male,Medium,Secondary,11.9,1,0,3.58,73.0,0,3,69.1,11.8,2.74,0.0,1,0,0
S102907,29,Male,Medium,Secondary,1.5,0,1,2.4,57.5,1,3,68.1,13.2,3.05,5.0,1,0,0
S102908,18,Male,Medium,Secondary,13.9,1,1,2.66,59.8,2,7,85.3,8.7,2.77,5.0,0,1,0
S102909,21,Female,Low,None,1.6,1,0,2.88,71.8,0,5,57.8,15.7,3.17,8.0,1,0,0
S102910,18,Male,Medium,Postgraduate,32.2,0,1,2.72,59.6,0,4,75.2,14.3,2.76,7.0,0,0,0
S102911,18,Female,Low,Bachelor,26.6,1,1,3.28,71.8,1,5,56.9,4.9,2.64,9.0,1,1,0
S102912,23,Male,Low,Bachelor,26.2,1,0,3.23,52.8,0,8,59.7,10.2,4.48,5.0,1,0,0
S102913,19,Male,Medium,Bachelor,0.1,0,1,3.53,93.9,0,4,97.6,7.4,2.62,6.0,0,1,1
S102914,22,Female,Low,Secondary,3.2,0,1,3.25,67.9,0,4,73.8,8.4,3.51,10.0,0,2,1
S102915,22,Female,High,None,26.6,1,0,2.94,66.9,0,7,69.2,15.7,1.89,0.0,0,0,0
S102916,25,Male,Medium,Secondary,11.4,1,1,2.83,57.8,1,2,92.8,13.1,2.89,10.0,1,1,1
S102917,29,Female,Low,Bachelor,14.6,1,0,3.23,93.7,0,1,100.0,6.4,2.33,0.0,0,0,0
S102918,28,Male,Low,Secondary,5.9,0,0,2.9,46.2,2,5,83.8,11.1,4.19,8.0,1,0,0
S102919,21,Male,Medium,None,21.9,1,0,3.02,54.5,1,7,95.3,6.2,2.41,10.0,0,1,0
S102920,21,Male,Low,Bachelor,12.4,0,1,3.25,77.8,0,5,71.7,7.6,2.78,9.0,1,0,0
S102921,27,Female,Low,Secondary,16.3,1,1,3.07,68.6,0,6,80.8,17.7,2.22,6.0,0,0,1
S102922,18,Female,Medium,Secondary,8.0,0,0,3.15,56.3,0,2,80.1,22.7,2.18,9.0,0,0,0
S102923,24,Male,Low,None,4.6,1,0,2.6,56.8,0,3,84.9,18.9,2.75,4.0,1,0,0
S102924,22,Female,Medium,Secondary,0.2,1,0,3.67,60.6,0,3,94.5,11.4,3.05,14.0,0,0,1
S102925,19,Female,Medium,Secondary,1.0,0,1,2.45,66.5,2,5,58.0,10.9,3.54,11.0,1,0,0
S102926,25,Female,Low,Bachelor,2.5,1,0,3.22,88.3,2,3,66.6,15.1,2.39,4.0,1,0,1
S102927,21,Female,Medium,Bachelor,0.6,0,1,2.76,74.1,2,4,72.7,10.5,2.38,14.0,0,0,1
S102928,19,Female,Medium,None,22.8,0,0,3.54,80.4,2,2,65.4,2.9,3.7,9.0,1,2,1
S102929,25,Female,Medium,Bachelor,19.3,0,0,3.44,58.5,0,1,83.4,19.1,3.92,3.0,0,0,0
S102930,19,Male,Low,Bachelor,5.0,0,0,3.0,72.7,0,3,83.3,4.1,2.74,13.0,0,0,0
S102931,25,Female,Medium,Bachelor,12.9,0,0,3.78,41.7,0,8,80.9,16.0,3.13,15.0,1,0,0
S102932,19,Female,Low,Postgraduate,11.6,0,0,2.91,67.7,0,1,74.0,13.8,3.97,7.0,0,0,1
S102933,22,Female,Medium,Bachelor,32.5,0,1,3.44,66.8,0,3,100.0,19.3,4.65,9.0,1,1,1
S102934,27,Female,Low,Secondary,1.8,0,0,2.64,92.3,0,5,83.2,14.3,3.09,8.0,0,0,1
S102935,19,Male,High,Secondary,46.3,0,0,3.2,88.4,0,7,77.7,7.1,3.33,10.0,1,0,0
S102936,26,Female,Low,Secondary,0.3,1,1,2.53,61.1,0,1,81.0,15.4,2.89,11.0,0,0,0
S102937,26,Male,High,Secondary,19.6,0,0,3.01,52.7,1,7,91.2,8.2,1.76,12.0,1,0,1
S102938,28,Female,High,Postgraduate,1.5,0,1,2.97,53.2,0,6,83.2,5.1,3.04,1.0,1,0,0
S102939,19,Male,Medium,Bachelor,22.5,0,1,3.44,60.6,0,7,67.0,0.8,3.76,6.0,1,1,1
S102940,26,Male,Low,Secondary,3.4,1,1,2.66,84.5,0,5,100.0,9.4,2.27,12.0,1,0,0
S102941,29,Female,Medium,Postgraduate,5.7,0,1,4.0,71.2,0,1,86.9,1.6,1.5,5.0,1,1,1
S102942,26,Female,High,Bachelor,35.5,1,0,2.31,72.8,0,1,62.7,17.2,3.21,9.0,0,0,1
S102943,19,Female,Medium,Secondary,20.0,1,0,3.12,77.2,0,7,52.8,2.1,1.57,4.0,0,1,0
S102944,27,Female,Medium,Postgraduate,15.0,1,0,3.14,50.1,0,7,90.3,8.1,1.7,11.0,0,1,0
S102945,18,Male,Low,Secondary,17.8,0,0,3.27,54.4,0,4,99.4,8.3,1.66,8.0,0,0,1
S102946,24,Female,High,Secondary,9.7,0,0,2.74,72.8,1,3,86.8,10.9,1.4,10.0,0,0,0
S102947,23,Male,Low,Secondary,3.8,0,0,3.12,53.3,1,7,89.2,5.7,3.54,10.0,1,1,0
S102948,23,Female,Low,Postgraduate,41.2,0,1,2.72,42.1,0,7,89.6,15.7,2.9,2.0,0,0,1
S102949,23,Female,Low,Secondary,34.6,0,1,3.94,48.8,0,4,80.1,10.8,4.24,16.0,1,0,1
S102950,17,Male,Medium,Secondary,27.2,0,0,2.68,80.8,0,2,54.8,9.9,3.31,3.0,1,0,0
S102951,23,Female,High,Bachelor,9.2,0,1,2.93,59.4,1,6,69.5,6.7,4.24,18.0,1,1,0
S102952,29,Female,Medium,Bachelor,17.2,0,1,2.67,68.4,0,7,91.9,12.7,2.35,0.0,0,0,0
S102953,22,Male,Low,None,1.8,0,0,2.6,49.5,1,3,88.8,17.0,3.05,8.0,0,0,0
S102954,20,Female,Medium,Secondary,6.4,0,1,2.3,70.7,1,2,77.1,23.5,1.91,2.0,1,1,1
S102955,29,Female,Medium,Postgraduate,4.6,0,1,3.34,61.0,2,6,71.8,5.3,2.61,14.0,0,0,1
S102956,18,Male,Medium,Bachelor,14.7,0,1,2.66,71.7,0,1,82.6,9.3,3.8,4.0,1,0,0
S102957,23,Female,Low,Secondary,0.8,0,1,2.6,57.8,1,8,74.9,0.5,2.77,4.0,0,0,1
S102958,23,Male,Medium,Secondary,7.2,0,0,2.52,72.6,0,4,78.8,13.4,2.64,8.0,1,1,0
S102959,23,Male,Medium,Secondary,5.3,1,1,3.15,57.1,0,3,82.0,3.2,2.78,14.0,1,0,1
S102960,28,Female,High,Bachelor,3.6,1,1,3.01,63.8,0,8,68.3,11.4,2.9,13.0,0,0,0
S102961,22,Male,Medium,Bachelor,15.8,0,1,3.01,60.9,1,3,92.0,16.2,2.9,7.0,0,0,1
S102962,29,Male,Low,Bachelor,5.2,0,0,2.62,65.4,0,2,77.5,7.9,3.73,7.0,1,0,0
S102963,17,Female,Medium,None,26.7,0,1,3.22,69.2,0,6,87.3,5.3,2.3,10.0,0,0,0
S102964,26,Male,Low,Bachelor,2.3,1,1,2.67,57.6,0,5,81.0,16.6,2.66,8.0,0,0,0
S102965,24,Female,High,None,0.7,0,1,3.04,63.2,1,4,100.0,13.6,2.87,8.0,1,1,0
S102966,20,Female,Medium,Bachelor,5.1,0,0,2.93,67.8,0,1,88.1,4.4,2.17,7.0,0,1,0
S102967,19,Male,Low,None,1.6,0,0,2.16,72.6,1,3,86.1,10.7,2.49,10.0,0,0,0
S102968,26,Female,Medium,None,2.9,1,0,4.0,63.9,2,6,85.6,5.7,3.34,10.0,1,0,0
S102969,25,Male,Low,Secondary,39.2,0,1,3.29,51.7,0,8,100.0,15.3,2.22,14.0,0,1,1
S102970,24,Female,Low,Secondary,2.2,1,0,3.09,66.3,0,1,79.3,10.6,4.74,5.0,1,1,0
S102971,17,Male,Medium,Secondary,1.3,0,1,3.17,75.1,0,1,82.5,17.6,3.95,5.0,1,0,0
S102972,24,Female,Medium,Bachelor,7.2,1,1,4.0,45.0,0,1,81.6,5.3,2.92,8.0,0,1,0
S102973,29,Male,High,Bachelor,3.2,1,0,3.57,45.2,0,7,50.5,11.1,3.2,7.0,1,0,0
S102974,17,Female,Medium,Secondary,37.2,0,1,3.17,55.1,0,5,81.4,9.9,3.34,11.0,0,0,0
S102975,23,Male,Low,Secondary,35.3,0,0,2.65,62.1,0,1,95.2,11.3,3.19,4.0,1,0,0
S102976,23,Male,Medium,Secondary,35.4,1,0,2.72,32.0,0,6,87.7,7.2,2.87,13.0,1,1,0
S102977,28,Female,Medium,Bachelor,25.6,1,0,2.1,73.6,0,6,100.0,0.0,4.73,7.0,0,1,0
S102978,20,Female,Low,None,5.7,0,1,2.82,62.3,0,2,91.8,13.4,2.3,13.0,0,0,1
S102979,23,Female,High,Secondary,6.2,0,1,3.33,29.7,1,3,87.5,10.3,2.53,18.0,1,0,0
S102980,26,Male,High,None,15.0,1,0,3.32,48.3,0,3,93.3,5.8,2.85,12.0,1,0,0
S102981,17,Male,Low,Secondary,2.7,0,1,3.31,60.5,1,6,85.5,7.5,3.25,10.0,0,0,1
S102982,27,Male,Medium,Bachelor,5.6,1,0,2.74,38.4,1,4,75.8,4.2,4.21,12.0,1,0,0
S102983,27,Male,Medium,None,3.3,0,0,3.28,79.6,0,6,78.1,0.7,2.8,7.0,0,0,0
S102984,26,Female,Low,None,13.0,0,1,3.41,67.8,0,5,44.3,15.2,3.2,9.0,1,0,1
S102985,25,Female,Medium,Bachelor,19.2,1,1,1.89,75.2,1,3,100.0,12.9,3.07,5.0,1,1,0
S102986,26,Female,Low,None,5.2,0,1,3.15,49.6,0,1,77.0,3.2,2.74,6.0,0,0,1
S102987,27,Male,Low,Bachelor,0.6,0,1,4.0,71.2,1,3,64.3,22.6,3.67,9.0,0,1,1
S102988,28,Female,High,Secondary,6.7,0,0,2.85,55.1,0,4,74.5,4.4,3.1,8.0,1,0,0
S102989,22,Female,Medium,Bachelor,7.1,0,0,1.74,62.1,0,6,100.0,13.6,3.49,10.0,0,0,0
S102990,22,Male,Low,Bachelor,80.5,0,0,2.59,70.3,0,7,81.1,10.0,2.59,9.0,1,0,1
S102991,25,Female,Medium,None,7.4,0,1,2.09,63.9,0,1,83.9,3.7,2.42,7.0,0,1,0
S102992,19,Male,High,Bachelor,2.5,0,1,2.68,77.1,0,8,100.0,11.7,2.56,12.0,0,0,0
S102993,28,Male,Medium,Secondary,4.3,0,0,2.39,67.1,0,3,92.5,9.1,3.01,6.0,1,1,1
S102994,27,Female,High,Secondary,18.0,0,0,3.47,58.1,1,7,75.7,6.8,3.58,9.0,1,0,1
S102995,25,Male,High,Bachelor,14.8,1,0,3.39,77.6,0,2,54.5,16.6,4.27,13.0,1,0,0
S102996,20,Female,Low,Bachelor,24.3,1,1,3.17,80.8,0,7,89.6,13.1,2.92,11.0,1,0,1
S102997,21,Male,Medium,Secondary,7.0,0,0,3.61,66.3,3,4,69.8,13.6,4.1,8.0,1,1,0
S102998,22,Male,Medium,Secondary,25.4,1,1,2.72,85.0,1,6,89.9,8.9,3.24,1.0,1,0,1
S102999,25,Male,Medium,Secondary,9.5,0,0,3.04,61.5,0,2,79.3,11.8,2.33,7.0,0,0,1
S103000,27,Male,Medium,Bachelor,30.2,0,1,4.0,63.1,0,8,86.1,9.9,2.88,16.0,1,1,0
S103001,25,Female,Low,Postgraduate,38.0,0,0,3.29,65.1,0,6,93.4,12.5,3.34,7.0,0,0,1
S103002,29,Male,Low,Secondary,66.4,1,0,3.29,63.1,0,3,54.1,5.1,3.39,8.0,0,1,1
S103003,29,Female,Medium,Postgraduate,4.1,0,0,2.62,60.3,0,7,81.9,0.0,2.46,9.0,1,0,0
S103004,26,Female,Medium,Secondary,1.3,0,0,2.79,54.3,0,2,79.7,16.8,2.55,10.0,1,0,1
S103005,21,Male,Medium,Bachelor,2.3,1,1,2.5,50.1,0,3,84.3,9.9,2.57,5.0,0,0,0
S103006,24,Male,Medium,Postgraduate,77.8,1,1,3.84,66.7,1,2,87.6,12.9,2.66,11.0,0,0,0
S103007,22,Female,Low,Bachelor,5.9,1,0,2.22,83.0,0,5,82.3,6.6,3.01,10.0,0,0,0
S103008,25,Female,Low,None,1.6,1,0,3.46,77.2,0,7,70.3,8.9,4.12,1.0,0,2,1
S103009,27,Female,Medium,Secondary,6.1,0,0,3.29,70.8,0,4,63.1,17.6,2.51,0.0,0,0,1
S103010,21,Male,Medium,None,8.4,0,1,2.2,83.7,0,6,56.2,11.8,1.65,6.0,0,1,0
S103011,23,Female,Medium,Bachelor,94.6,1,0,3.57,65.3,0,2,81.8,21.0,1.61,3.0,0,1,1
S103012,17,Female,Low,Postgraduate,9.5,0,0,2.87,50.2,2,7,87.9,14.5,3.37,9.0,0,0,0
S103013,26,Male,Medium,Secondary,8.8,0,0,2.34,59.8,0,6,74.9,6.7,2.42,7.0,1,1,1
S103014,23,Male,High,Secondary,13.3,1,1,3.18,64.1,0,8,92.5,12.2,2.99,10.0,0,0,0
S103015,22,Female,Low,Secondary,3.3,0,0,2.59,57.3,1,3,78.3,18.4,2.3,10.0,0,0,0
S103016,23,Male,Low,Bachelor,6.1,0,1,2.9,74.2,1,3,78.7,11.1,2.7,4.0,0,0,1
S103017,19,Male,Medium,Bachelor,42.3,0,1,2.75,79.0,0,5,58.4,13.2,2.57,7.0,1,0,0
S103018,24,Male,Medium,Secondary,17.3,1,0,2.56,39.0,1,1,73.3,17.1,2.32,6.0,1,0,0
S103019,26,Female,High,Bachelor,6.7,1,0,2.41,62.8,1,7,93.8,0.0,3.67,12.0,1,0,0
S103020,21,Female,High,None,20.9,0,0,3.4,21.5,1,4,100.0,13.5,3.72,7.0,0,1,0
S103021,18,Male,Medium,Bachelor,1.6,0,1,3.16,63.6,0,6,77.1,16.7,3.25,13.0,1,1,0
S103022,22,Female,Low,Secondary,25.3,1,0,3.13,63.5,0,2,93.0,6.2,4.23,13.0,1,0,1
S103023,19,Female,Medium,None,14.2,0,0,2.82,91.6,0,4,100.0,15.2,1.88,7.0,0,1,0
S103024,21,Male,High,Bachelor,39.2,0,0,3.03,87.1,0,5,65.9,10.0,2.65,6.0,1,0,0
S103025,25,Female,Medium,Bachelor,0.6,0,1,2.63,79.0,0,5,84.8,1.5,2.56,4.0,1,0,1
S103026,18,Male,High,Secondary,9.1,0,1,2.62,50.6,0,6,82.9,14.0,3.3,11.0,1,0,0
S103027,26,Male,Medium,Bachelor,9.2,0,0,3.86,49.7,1,8,96.1,10.0,1.92,8.0,1,0,0
S103028,19,Female,Low,Secondary,63.3,1,1,3.44,48.6,0,7,67.5,9.6,3.27,5.0,0,0,1
S103029,28,Female,Medium,Secondary,38.1,0,0,2.72,87.9,1,6,84.7,13.2,1.79,12.0,0,1,1
S103030,26,Male,Medium,Postgraduate,18.3,1,0,2.25,51.3,0,1,76.1,5.3,3.32,12.0,0,1,0
S103031,20,Female,Low,Postgraduate,9.3,0,0,2.15,59.2,0,5,86.4,13.9,3.61,4.0,0,0,1
S103032,24,Female,Low,None,8.7,0,1,2.68,51.5,0,1,98.3,5.4,2.01,9.0,1,0,1
S103033,18,Male,Medium,Postgraduate,15.2,1,1,3.05,46.1,1,4,100.0,17.6,2.54,10.0,1,1,0
S103034,18,Female,Low,Bachelor,4.9,0,0,3.06,70.0,0,8,98.5,15.7,3.63,15.0,0,0,1
S103035,29,Female,Low,None,11.5,0,0,3.07,67.3,0,7,65.1,17.7,3.77,7.0,1,1,1
S103036,27,Male,Medium,Secondary,19.4,0,0,3.17,31.6,0,2,72.9,12.3,1.8,8.0,0,1,1
S103037,19,Female,Medium,None,12.4,1,0,2.48,45.5,0,2,95.1,7.9,3.06,11.0,0,0,1
S103038,20,Male,Medium,Bachelor,12.2,1,0,3.75,68.8,0,3,89.1,6.4,3.26,13.0,0,0,0
S103039,19,Male,High,Postgraduate,7.0,0,0,2.9,63.9,0,6,76.1,6.1,2.79,10.0,1,0,0
S103040,22,Female,High,Secondary,4.9,1,0,3.15,59.0,0,3,66.3,9.1,3.81,9.0,0,0,0
S103041,20,Female,Medium,Secondary,5.1,0,0,2.67,74.1,1,5,21.4,6.6,2.42,6.0,0,2,1
S103042,21,Female,Low,Secondary,18.9,0,0,3.16,43.4,1,5,56.1,11.6,2.51,7.0,0,1,1
S103043,23,Female,Medium,Secondary,15.1,0,0,4.0,56.1,1,1,75.4,6.0,2.34,7.0,0,0,1
S103044,19,Female,Low,Bachelor,4.1,1,1,2.51,72.8,1,6,75.6,6.9,2.97,11.0,1,1,0
S103045,28,Male,High,Secondary,16.4,0,0,2.44,55.3,0,7,86.2,8.1,2.61,10.0,0,1,0
S103046,26,Female,Medium,Bachelor,13.0,0,1,2.57,69.7,0,4,89.0,6.1,3.41,5.0,0,0,1
S103047,26,Female,Medium,Secondary,0.2,1,0,2.83,47.8,1,5,100.0,8.3,2.56,11.0,0,0,1
S103048,19,Female,Medium,Bachelor,5.8,0,0,2.74,52.6,2,6,68.5,12.9,2.68,7.0,1,0,1
S103049,26,Female,Medium,Bachelor,8.6,0,0,2.48,38.3,0,5,50.7,5.6,2.98,7.0,0,0,0
S103050,27,Male,High,Bachelor,6.7,0,0,2.98,34.1,0,3,66.1,4.0,2.26,11.0,0,0,0
S103051,19,Male,Low,Secondary,47.7,0,1,3.78,57.9,2,5,100.0,9.1,3.55,12.0,0,1,1
S103052,26,Male,High,Bachelor,6.2,0,0,2.93,71.8,0,5,80.2,4.3,3.32,9.0,1,1,0
S103053,21,Male,Low,Bachelor,13.3,0,0,2.95,63.3,0,8,95.2,16.7,3.29,15.0,1,0,0
S103054,27,Female,Medium,Bachelor,18.4,1,0,3.17,82.4,1,8,71.6,6.5,2.12,1.0,0,0,0
S103055,23,Female,High,Bachelor,31.6,1,0,3.32,59.1,0,5,72.5,10.2,3.92,12.0,1,0,0
S103056,27,Male,Medium,Bachelor,9.5,1,1,3.69,33.2,1,8,54.3,12.3,1.54,4.0,1,1,0
S103057,18,Male,Low,Secondary,0.8,0,1,3.12,70.2,0,7,75.0,3.7,3.36,8.0,1,1,0
S103058,22,Female,High,None,9.4,0,0,3.0,48.8,0,4,80.2,5.8,2.94,8.0,0,1,0
S103059,20,Male,High,Postgraduate,26.9,0,0,2.5,66.9,0,5,93.0,6.8,3.31,8.0,0,1,0
S103060,20,Female,Low,None,0.9,0,0,3.37,30.7,0,5,88.4,13.9,2.69,4.0,1,0,0
S103061,21,Male,Medium,Postgraduate,21.4,0,0,2.58,60.9,0,7,100.0,19.2,2.9,3.0,0,0,1
S103062,21,Male,High,Bachelor,10.2,0,0,2.56,75.5,0,2,77.7,19.3,3.33,0.0,0,0,0
S103063,18,Male,Low,Postgraduate,13.0,0,0,3.1,73.7,1,7,83.6,16.4,2.84,7.0,1,0,0
S103064,26,Female,Medium,Bachelor,1.5,1,0,3.77,61.2,0,8,79.8,3.8,2.99,9.0,1,0,0
S103065,24,Male,Medium,Bachelor,5.1,0,0,3.36,64.2,0,8,69.6,5.6,3.01,10.0,0,0,1
S103066,27,Female,Low,Bachelor,3.3,1,0,2.98,57.5,0,1,86.1,16.9,4.38,13.0,1,0,0
S103067,26,Male,High,Secondary,3.6,0,1,2.51,60.5,1,5,75.9,17.6,1.72,11.0,1,0,0
S103068,18,Male,Low,Secondary,29.1,1,1,3.76,74.4,0,4,100.0,14.0,3.75,12.0,1,1,0
S103069,17,Female,High,None,6.7,0,0,2.97,53.8,0,3,68.2,14.0,3.16,4.0,0,1,0
S103070,22,Male,Medium,Secondary,23.0,0,1,2.85,55.2,0,5,74.9,7.9,3.07,12.0,0,0,0
S103071,23,Male,Medium,Postgraduate,45.2,0,0,3.28,41.3,0,8,61.3,18.6,1.95,10.0,0,1,1
S103072,20,Female,Medium,Secondary,5.5,0,0,2.78,74.7,0,1,85.1,6.3,3.65,3.0,1,0,1
S103073,27,Female,Medium,Bachelor,9.9,1,1,2.62,60.2,0,6,60.1,1.9,2.05,12.0,0,1,0
S103074,24,Male,High,Secondary,39.5,0,0,2.67,46.1,1,2,79.9,14.0,3.87,5.0,1,0,0
S103075,26,Male,Medium,Secondary,30.6,1,1,2.67,77.3,0,5,62.5,7.1,2.46,4.0,1,0,0
S103076,18,Female,Medium,Postgraduate,8.2,0,1,2.44,63.5,0,7,65.2,3.5,3.87,14.0,0,0,0
S103077,27,Female,Medium,None,11.4,1,0,2.38,53.0,1,6,68.5,14.4,2.34,9.0,0,0,0
S103078,19,Female,Low,Bachelor,30.8,0,0,3.49,77.6,0,1,90.9,0.9,2.19,4.0,1,0,1
S103079,22,Female,Low,Secondary,17.7,0,0,3.33,59.1,0,5,78.6,12.3,2.77,6.0,0,0,1
S103080,22,Female,Medium,None,1.4,1,1,2.59,40.6,0,6,78.2,7.8,2.32,12.0,0,0,1
S103081,27,Male,Medium,Secondary,59.4,0,0,3.44,78.6,0,6,88.4,18.0,2.67,3.0,0,0,0
S103082,20,Male,Medium,Bachelor,7.6,0,1,3.15,51.6,1,4,70.1,12.3,4.02,7.0,0,0,0
S103083,20,Female,Medium,None,3.8,0,0,2.84,100.0,1,8,50.5,15.4,2.45,7.0,0,0,1
S103084,21,Female,Medium,Bachelor,26.8,0,1,2.39,57.5,0,2,63.5,4.6,2.96,19.0,0,0,0
S103085,21,Female,Medium,Bachelor,16.4,1,0,3.17,34.0,1,6,75.7,1.5,3.95,2.0,0,0,0
S103086,19,Female,Medium,None,17.5,0,1,3.93,90.5,0,2,79.3,8.2,3.0,2.0,1,1,0
S103087,19,Male,High,Secondary,15.9,1,1,3.01,63.3,1,7,88.4,13.1,3.63,6.0,0,0,0
S103088,20,Female,Low,None,2.1,1,0,3.5,68.0,0,3,77.8,10.4,3.23,5.0,0,0,1
S103089,23,Female,Medium,Bachelor,3.6,1,0,2.89,69.9,0,6,95.3,15.8,3.54,8.0,0,0,0
S103090,21,Female,Low,Secondary,34.3,0,0,3.46,43.8,3,1,85.4,12.7,2.79,6.0,1,0,1
S103091,22,Female,High,None,52.0,0,0,2.92,31.7,1,6,58.9,4.8,3.24,11.0,1,1,0
S103092,26,Female,Medium,Secondary,1.5,1,1,1.8,93.5,0,5,41.8,12.3,4.1,8.0,0,0,0
S103093,20,Male,Medium,Secondary,18.0,1,0,2.64,40.7,0,6,64.9,10.9,2.61,4.0,0,0,0
S103094,28,Female,High,Bachelor,13.1,0,1,3.07,88.8,0,8,82.1,16.4,3.13,7.0,0,1,0
S103095,26,Female,Medium,None,1.4,1,0,3.54,72.1,1,8,85.6,5.4,2.36,7.0,0,1,0
S103096,19,Female,Low,None,18.0,0,1,2.92,66.8,1,5,78.4,6.7,3.56,13.0,0,0,0
S103097,21,Female,Medium,Secondary,12.5,1,1,3.01,57.2,0,6,81.8,12.0,1.67,11.0,0,0,0
S103098,19,Female,Low,Bachelor,6.7,0,1,2.71,98.8,0,1,99.8,17.1,2.63,11.0,1,2,0
S103099,20,Female,High,Bachelor,23.7,1,1,3.78,53.8,1,1,80.2,9.0,3.54,5.0,1,0,0
S103100,21,Female,Medium,Secondary,42.5,1,0,3.75,54.2,1,4,85.2,13.0,2.73,9.0,0,0,0
S103101,18,Male,Medium,Secondary,31.6,0,1,2.66,74.3,0,2,100.0,10.2,1.58,3.0,0,0,0
S103102,17,Female,High,Bachelor,62.0,0,0,2.24,54.1,0,5,52.8,9.8,2.3,11.0,0,0,0
S103103,22,Female,Medium,None,4.2,1,0,2.1,49.0,0,3,100.0,15.8,2.36,13.0,1,1,0
S103104,26,Female,Medium,Bachelor,15.6,1,1,3.3,63.3,0,4,41.6,10.5,3.94,0.0,0,0,0
S103105,20,Female,Low,Secondary,10.0,0,1,3.07,74.5,0,6,67.6,7.8,3.39,8.0,1,1,1
S103106,28,Male,Medium,Secondary,11.4,1,1,2.61,92.4,0,4,71.6,7.5,3.46,8.0,0,0,0
S103107,21,Female,High,Secondary,1.0,0,1,3.14,95.5,0,2,55.5,8.5,1.97,12.0,0,0,0
S103108,28,Female,High,Secondary,8.2,0,1,2.38,37.3,0,4,77.5,6.5,2.84,6.0,0,0,1
S103109,20,Female,Medium,Bachelor,10.2,1,1,3.4,79.8,0,8,79.2,8.8,3.92,6.0,1,0,1
S103110,24,Male,Low,None,9.3,0,1,2.81,49.4,2,7,91.1,10.3,3.46,9.0,0,0,0
S103111,26,Female,Low,Secondary,8.1,1,0,2.46,50.2,0,2,90.6,11.4,2.48,11.0,0,0,0
S103112,17,Male,High,Secondary,7.0,1,0,2.82,56.1,0,7,82.6,5.1,3.38,9.0,1,1,0
S103113,29,Female,Low,None,6.2,0,0,2.8,55.2,0,7,96.8,7.9,1.94,12.0,1,0,0
S103114,21,Female,Medium,Bachelor,5.7,0,1,3.18,48.2,0,6,89.7,8.1,2.23,11.0,1,1,0
S103115,23,Male,Medium,Bachelor,35.3,1,1,3.58,29.3,1,8,75.1,6.2,1.52,6.0,0,0,1
S103116,25,Female,Low,Postgraduate,24.8,0,1,3.56,85.9,0,5,81.8,7.1,2.76,8.0,1,0,0
S103117,25,Female,Medium,Secondary,12.4,0,1,3.08,77.7,0,8,70.5,14.5,3.28,10.0,0,0,0
S103118,17,Female,High,Secondary,8.6,0,1,2.91,64.0,0,1,61.6,16.8,2.16,5.0,0,0,0
S103119,28,Male,Medium,Secondary,16.5,0,1,2.72,49.7,1,1,86.4,8.4,2.77,5.0,0,0,0
S103120,25,Female,Medium,Bachelor,22.1,0,1,2.12,82.8,0,4,57.5,6.4,2.25,2.0,0,1,0
S103121,29,Male,Medium,Secondary,1.2,0,1,2.99,63.3,0,4,77.2,9.6,2.42,13.0,0,0,0
S103122,23,Female,High,Secondary,4.6,1,0,2.57,55.6,0,5,45.5,10.4,2.1,17.0,0,0,1
S103123,24,Female,Medium,Bachelor,26.3,0,1,3.61,39.6,0,7,81.1,13.5,3.7,5.0,0,0,1
S103124,22,Male,Medium,None,13.7,0,1,2.9,72.3,0,7,69.1,8.0,2.35,10.0,0,0,1
S103125,28,Female,Medium,Secondary,6.5,0,1,3.37,59.2,1,8,88.5,7.3,2.66,13.0,0,0,1
S103126,27,Female,Low,Secondary,31.3,1,0,2.76,68.2,0,3,76.7,22.3,2.47,3.0,0,0,0
S103127,28,Female,Low,Bachelor,5.6,0,0,2.66,66.8,0,5,78.1,3.5,3.05,9.0,0,0,1
S103128,23,Male,High,Bachelor,0.1,0,1,3.3,73.8,0,6,80.8,14.5,4.58,13.0,1,0,0
S103129,27,Male,Medium,Secondary,4.3,1,1,3.14,67.5,0,2,70.8,17.4,4.78,7.0,0,2,0
S103130,21,Female,Low,Bachelor,33.2,0,1,3.16,59.7,0,5,71.5,8.7,2.68,8.0,0,0,1
S103131,22,Male,Low,Secondary,5.5,0,1,2.95,72.6,1,3,71.5,12.2,3.13,14.0,1,0,0
S103132,26,Female,High,None,11.0,1,1,3.39,78.5,0,3,78.1,1.6,3.51,6.0,1,0,0
S103133,18,Male,Medium,Bachelor,6.1,0,0,3.32,87.4,0,4,71.6,10.1,3.71,6.0,1,0,0
S103134,26,Male,Medium,Bachelor,17.8,0,1,1.91,47.4,1,4,86.8,15.8,3.28,7.0,0,0,0
S103135,17,Female,Low,Postgraduate,14.0,0,0,2.87,80.9,1,7,53.5,10.6,3.61,15.0,1,0,0
S103136,24,Male,High,Bachelor,2.4,1,1,3.51,40.4,1,1,57.5,10.2,3.12,11.0,0,1,0
S103137,23,Female,High,Secondary,1.6,1,0,2.49,79.5,1,8,100.0,18.7,2.4,10.0,1,0,0
S103138,23,Male,Medium,Secondary,13.3,0,1,2.15,55.4,2,2,73.5,14.1,3.61,10.0,0,0,1
S103139,23,Female,Low,Secondary,0.9,1,0,2.93,76.9,1,4,64.8,13.5,2.93,4.0,0,0,1
S103140,23,Male,Medium,None,34.2,1,0,3.26,86.6,1,6,79.6,5.9,3.07,10.0,0,0,0
S103141,22,Female,High,Secondary,14.9,0,1,2.77,67.7,0,8,91.5,0.0,1.89,6.0,0,1,1
S103142,22,Female,Medium,Secondary,80.1,0,1,3.65,64.3,0,1,89.6,11.9,2.3,7.0,1,0,0
S103143,24,Male,High,None,32.5,0,1,3.92,63.5,2,6,68.8,10.0,2.57,7.0,0,0,0
S103144,26,Female,Medium,Bachelor,16.9,0,1,2.04,57.9,0,5,72.3,13.8,3.21,12.0,1,0,0
S103145,24,Male,Low,None,13.5,0,1,2.81,81.9,1,4,75.0,10.6,4.09,16.0,0,1,1
S103146,25,Female,Medium,Secondary,46.5,0,0,1.86,63.4,1,4,84.7,10.2,3.38,5.0,0,0,1
S103147,27,Male,High,Bachelor,11.9,0,1,3.33,32.4,0,1,80.7,10.2,2.71,13.0,1,0,0
S103148,29,Female,Low,Bachelor,24.7,0,1,2.66,78.3,0,1,66.2,4.5,2.15,8.0,1,0,0
S103149,18,Male,Low,Secondary,8.8,0,1,2.76,77.5,1,5,72.4,0.8,3.71,11.0,0,0,1
S103150,26,Female,Medium,Bachelor,14.5,1,0,3.57,65.6,1,7,76.0,5.6,3.06,10.0,1,0,0
S103151,19,Female,Medium,Bachelor,21.8,1,1,2.34,53.2,0,4,100.0,4.5,0.6,6.0,1,0,0
S103152,19,Female,High,Bachelor,21.1,0,0,2.21,47.6,0,6,77.3,9.8,3.57,6.0,1,0,1
S103153,27,Male,Low,Secondary,20.4,1,1,1.86,53.2,1,2,100.0,1.8,3.1,8.0,0,0,1
S103154,17,Male,Low,None,7.8,0,0,3.64,68.0,0,5,76.0,7.6,1.33,10.0,1,0,1
S103155,28,Male,Low,Bachelor,13.4,0,0,3.52,37.3,0,8,54.8,19.6,3.27,10.0,0,0,1
S103156,27,Female,Medium,Secondary,12.8,1,0,2.85,71.4,0,1,85.3,9.6,2.9,20.0,0,1,0
S103157,29,Female,Medium,Bachelor,4.2,1,1,2.36,66.1,1,1,95.7,10.2,1.92,11.0,0,1,1
S103158,25,Male,Medium,Bachelor,48.3,1,1,3.42,84.3,0,6,87.1,10.1,4.26,3.0,0,2,0
S103159,28,Female,Medium,Bachelor,1.8,0,1,4.0,75.5,0,8,83.0,11.1,3.14,13.0,1,0,0
S103160,18,Female,Low,Postgraduate,11.8,0,0,2.88,54.2,0,6,74.3,7.4,2.5,11.0,0,1,0
S103161,28,Male,Medium,Bachelor,26.0,1,1,2.4,39.6,0,1,75.7,9.2,2.29,8.0,0,1,0
S103162,19,Female,High,Postgraduate,0.8,1,0,3.62,52.7,1,2,45.1,7.3,2.7,4.0,0,0,0
S103163,21,Male,Medium,Bachelor,2.6,0,0,2.43,85.7,1,2,92.9,2.5,2.72,7.0,0,1,0
S103164,18,Male,Low,Secondary,26.4,0,1,2.82,69.4,0,1,74.3,15.9,3.24,13.0,0,0,1
S103165,22,Female,Medium,Bachelor,10.3,0,0,1.68,74.0,0,6,97.2,5.6,2.67,10.0,1,2,0
S103166,26,Male,Low,Bachelor,12.6,0,1,2.85,55.6,0,3,72.0,18.0,2.55,14.0,0,0,1
S103167,20,Female,Low,Postgraduate,17.2,0,0,2.36,72.3,2,8,79.2,6.2,2.95,14.0,1,0,0
S103168,27,Female,Low,Secondary,1.4,0,1,3.63,42.2,1,2,98.7,3.2,2.53,9.0,1,0,0
S103169,24,Female,Low,Secondary,24.7,0,0,2.51,79.0,0,1,100.0,19.7,2.75,0.0,0,0,1
S103170,25,Female,Low,Bachelor,3.8,1,0,3.39,47.7,1,7,92.6,2.6,3.8,5.0,0,0,0
S103171,29,Female,Medium,None,18.6,0,0,2.95,35.4,0,3,51.9,0.0,2.5,2.0,0,0,0
S103172,22,Male,Low,Bachelor,21.2,0,1,3.06,98.9,1,7,60.8,2.8,2.71,14.0,0,1,1
S103173,21,Female,Medium,Secondary,36.0,0,0,3.26,67.0,0,5,90.5,9.3,2.27,11.0,0,0,0
S103174,29,Female,High,Secondary,2.1,1,0,2.97,66.6,1,6,69.5,3.3,3.57,8.0,0,0,0
S103175,24,Female,Medium,Secondary,2.4,0,0,2.68,37.0,1,8,81.1,7.2,1.62,6.0,0,1,0
S103176,24,Male,Medium,Bachelor,23.3,1,0,2.59,74.3,0,1,83.1,0.0,2.22,13.0,0,0,0
S103177,20,Female,Medium,None,12.3,0,0,3.25,78.3,0,4,83.8,15.4,3.3,5.0,1,0,0
S103178,19,Female,Low,Bachelor,1.9,0,1,2.05,62.0,1,1,64.2,12.1,2.69,3.0,0,1,1
S103179,19,Male,Medium,Bachelor,6.3,1,0,3.84,78.3,0,5,95.3,3.7,3.42,3.0,1,1,0
S103180,19,Female,Medium,Bachelor,43.6,0,0,3.07,82.6,0,8,72.1,0.0,2.66,9.0,0,0,0
S103181,19,Male,High,Secondary,11.4,0,1,2.83,72.9,0,3,88.8,5.5,2.33,5.0,0,0,1
S103182,26,Male,High,None,35.4,1,0,3.13,32.5,0,5,76.9,13.3,2.71,12.0,1,0,1
S103183,17,Female,High,Bachelor,20.1,0,1,2.7,47.7,1,2,100.0,15.4,1.9,8.0,1,0,0
S103184,25,Female,Medium,None,25.8,0,1,2.91,90.3,0,1,100.0,8.8,2.22,3.0,1,0,1
S103185,29,Male,Medium,Secondary,4.8,1,1,2.43,66.2,1,1,100.0,7.5,3.44,7.0,1,0,0
S103186,26,Male,High,Postgraduate,11.6,0,0,3.19,66.3,0,3,100.0,7.1,2.62,4.0,0,0,0
S103187,22,Male,High,Secondary,12.1,0,0,2.96,52.5,1,6,78.0,11.5,2.78,8.0,0,1,0
S103188,17,Female,Medium,Secondary,21.4,1,0,3.09,55.4,0,1,72.0,14.4,2.89,13.0,0,1,0
S103189,27,Female,High,Postgraduate,11.4,1,0,3.74,82.9,1,8,63.0,9.3,1.7,8.0,1,0,0
S103190,17,Female,High,None,18.5,0,1,2.6,87.5,0,5,84.0,8.1,1.71,6.0,1,0,0
S103191,25,Male,Medium,Secondary,32.8,0,0,2.94,77.0,1,2,80.4,13.9,3.07,10.0,0,1,1
S103192,25,Female,Low,Secondary,6.8,1,0,2.17,73.3,1,4,79.4,17.5,2.51,7.0,1,0,0
S103193,19,Female,Low,Bachelor,6.5,1,1,3.28,74.4,1,5,67.6,8.6,2.65,10.0,0,0,1
S103194,26,Female,Medium,Bachelor,5.6,0,1,2.99,63.9,0,8,85.4,10.4,3.23,10.0,1,0,0
S103195,19,Male,Low,Bachelor,5.4,0,1,3.01,46.9,0,6,74.3,6.2,2.15,4.0,0,0,1
S103196,19,Male,Medium,Postgraduate,6.8,0,0,2.92,43.7,0,7,72.8,10.4,2.4,3.0,1,0,0
S103197,27,Female,Medium,None,2.5,0,1,2.71,84.7,0,3,82.5,5.4,2.55,7.0,0,0,1
S103198,29,Female,High,Bachelor,4.5,1,1,4.0,64.5,1,1,78.8,17.1,3.04,10.0,1,3,0
S103199,20,Male,High,None,2.3,1,1,3.02,72.2,0,4,58.6,14.4,2.55,15.0,0,0,0
S103200,28,Female,Medium,Postgraduate,18.0,0,0,3.15,68.2,1,8,68.2,18.7,2.36,4.0,1,2,1
S103201,28,Male,Medium,Postgraduate,34.1,1,0,2.43,68.9,0,8,88.0,7.2,3.99,4.0,0,0,0
S103202,27,Male,Low,Secondary,13.0,1,0,3.44,70.2,0,4,79.3,20.4,2.83,12.0,1,0,1
S103203,18,Female,Medium,Bachelor,35.9,1,1,2.94,75.5,1,3,50.9,11.2,3.26,9.0,1,0,0
S103204,20,Female,Low,Bachelor,11.3,1,0,3.22,53.5,0,5,90.5,9.3,1.53,7.0,0,0,0
S103205,25,Female,Medium,None,0.8,0,0,3.45,82.7,0,3,79.3,16.3,1.9,11.0,0,1,0
S103206,29,Female,High,Bachelor,5.6,1,0,2.95,53.9,0,2,64.1,4.9,3.21,13.0,0,1,0
S103207,27,Female,Medium,Postgraduate,8.0,0,1,2.66,68.6,0,1,70.0,10.2,2.63,12.0,0,0,1
S103208,22,Male,Medium,Secondary,8.8,0,0,1.84,47.3,0,8,82.5,9.2,2.53,5.0,0,0,1
S103209,20,Female,Medium,None,19.9,0,0,2.81,62.5,0,5,46.9,12.1,2.13,10.0,1,0,1
S103210,29,Female,High,Postgraduate,9.9,0,1,2.66,55.1,0,7,86.3,7.8,3.48,13.0,1,0,0
S103211,20,Female,Medium,Secondary,17.4,1,1,2.43,65.4,0,4,94.8,7.3,3.26,7.0,0,0,0
S103212,21,Female,Medium,Secondary,7.8,0,1,3.73,76.0,0,3,93.4,8.1,2.75,10.0,0,1,0
S103213,29,Female,Low,Bachelor,6.6,0,0,3.49,66.1,1,8,97.3,8.5,2.97,6.0,1,0,0
S103214,24,Male,Medium,Bachelor,36.7,0,0,2.09,94.4,0,8,68.3,10.4,2.59,4.0,1,0,0
S103215,20,Male,Low,Secondary,45.1,0,0,3.08,76.9,0,5,95.5,16.4,2.32,10.0,1,0,0
S103216,17,Female,Medium,None,10.5,0,0,2.59,61.6,0,8,84.1,0.0,2.44,12.0,1,0,0
S103217,22,Female,Medium,Bachelor,26.0,0,0,3.18,63.7,0,2,67.5,13.8,3.34,11.0,0,0,0
S103218,29,Male,Low,Secondary,15.1,1,0,2.6,70.7,0,1,87.0,7.6,2.52,3.0,1,0,0
S103219,22,Male,Medium,Bachelor,20.3,1,0,2.73,75.6,0,1,86.5,9.1,2.84,13.0,0,1,0
S103220,26,Female,Low,Bachelor,0.2,0,0,3.48,46.5,1,3,100.0,4.6,2.5,11.0,0,1,1
S103221,20,Male,Low,None,2.4,0,1,3.41,74.5,1,8,98.0,10.2,3.46,13.0,0,0,0
S103222,27,Male,Low,Bachelor,1.2,0,0,3.75,46.9,1,1,69.6,8.0,2.34,5.0,1,0,0
S103223,27,Female,Low,Bachelor,2.6,0,1,2.89,73.1,0,6,85.1,8.9,3.87,12.0,1,0,0
S103224,24,Female,High,Postgraduate,9.5,0,1,2.27,81.5,0,2,84.9,12.9,2.4,11.0,1,1,0
S103225,27,Female,High,Secondary,22.7,0,0,3.46,69.5,0,5,83.8,13.2,2.4,3.0,0,0,0
S103226,24,Female,Medium,Secondary,0.8,0,0,3.46,30.1,1,7,75.4,17.1,4.2,10.0,0,0,0
S103227,21,Male,Medium,Bachelor,3.8,1,1,3.31,38.3,0,4,100.0,7.0,2.05,4.0,1,0,0
S103228,26,Female,Medium,Postgraduate,5.4,0,1,2.63,73.4,0,5,70.7,13.4,2.77,8.0,1,1,0
S103229,27,Male,High,Postgraduate,18.8,0,0,2.46,28.2,0,1,100.0,13.2,3.51,18.0,1,0,0
S103230,27,Male,Medium,Secondary,1.1,0,0,3.27,74.1,0,8,58.6,10.4,1.72,9.0,1,0,1
S103231,19,Female,Low,Secondary,0.3,1,1,2.56,79.8,0,5,74.3,18.4,2.98,8.0,0,0,1
S103232,25,Female,Medium,Secondary,10.2,1,1,2.85,82.0,0,5,91.5,6.8,1.72,2.0,0,0,0
S103233,17,Female,High,Bachelor,20.7,0,1,4.0,61.4,0,2,64.2,10.8,2.83,9.0,0,0,0
S103234,24,Male,Low,Bachelor,4.4,0,0,4.0,71.6,0,1,69.0,11.5,4.23,8.0,0,0,0
S103235,24,Female,Medium,Bachelor,10.6,0,1,3.4,68.1,3,7,88.0,4.0,1.15,0.0,0,0,0
S103236,21,Female,Medium,Secondary,6.8,0,1,2.67,42.9,0,8,54.1,16.3,2.75,4.0,1,1,0
S103237,29,Female,Medium,Postgraduate,22.4,0,0,2.64,76.2,0,8,96.6,9.5,2.48,12.0,1,0,0
S103238,28,Female,Medium,None,10.2,0,1,3.36,85.9,0,4,100.0,12.2,2.09,13.0,0,1,0
S103239,17,Male,Medium,Secondary,46.5,0,0,3.75,75.3,3,8,100.0,17.9,1.73,9.0,0,0,1
S103240,19,Female,High,Bachelor,24.0,0,0,2.74,57.5,0,6,84.9,11.1,3.57,12.0,1,0,0
S103241,19,Female,Medium,Secondary,29.2,0,1,2.77,76.1,0,1,73.6,10.2,2.94,8.0,1,0,1
S103242,28,Female,Low,Bachelor,1.9,0,1,3.04,84.5,1,5,74.6,10.3,1.5,5.0,0,0,0
S103243,23,Female,High,Bachelor,8.0,1,1,2.31,82.5,1,4,84.3,5.0,2.14,17.0,0,0,0
S103244,26,Female,Medium,None,15.4,0,1,2.32,80.4,0,6,81.9,8.1,2.42,3.0,0,0,1
S103245,27,Male,Medium,Secondary,48.2,0,0,2.41,41.1,0,5,74.3,9.2,1.7,10.0,0,0,0
S103246,26,Male,Medium,Secondary,0.7,1,0,3.27,71.0,0,4,100.0,10.5,2.86,6.0,0,0,0
S103247,18,Female,High,Bachelor,6.6,1,0,3.14,74.7,0,4,76.3,16.9,2.98,7.0,0,0,0
S103248,18,Female,Medium,Secondary,9.8,0,0,3.57,80.6,0,1,100.0,14.6,2.97,15.0,0,1,0
S103249,22,Female,Low,Secondary,3.9,0,1,2.13,72.7,0,6,81.5,7.1,4.21,8.0,0,0,1
S103250,21,Male,Low,None,4.2,0,0,2.24,88.3,0,5,80.6,9.9,2.14,7.0,0,0,1
S103251,26,Male,Low,Bachelor,4.8,0,0,3.23,37.6,0,5,87.8,17.0,2.47,6.0,1,1,0
S103252,19,Female,Medium,Secondary,30.6,0,0,2.56,73.4,1,8,87.6,1.4,2.43,11.0,0,1,0
S103253,21,Female,Low,Secondary,3.0,0,0,2.6,72.2,1,1,77.8,8.9,3.4,4.0,0,0,0
S103254,20,Male,Medium,Secondary,1.8,0,0,3.51,78.5,1,3,88.5,3.5,3.32,9.0,0,0,0
S103255,19,Female,Medium,Secondary,0.3,0,1,2.72,88.1,1,2,90.3,22.2,2.01,8.0,0,0,1
S103256,19,Male,High,Secondary,40.3,0,0,2.78,51.7,0,4,100.0,13.9,3.81,5.0,0,0,0
S103257,19,Female,Medium,None,3.3,0,1,2.87,87.6,0,6,81.1,7.5,2.16,3.0,0,0,0
S103258,24,Male,High,Bachelor,10.4,0,0,2.91,77.2,0,4,68.3,9.8,3.4,8.0,1,0,0
S103259,22,Male,High,Secondary,20.7,0,1,3.34,62.2,0,7,69.8,5.9,3.36,7.0,0,0,1
S103260,22,Male,Low,Secondary,13.3,1,1,2.39,51.4,0,1,100.0,20.0,3.08,9.0,0,1,0
S103261,23,Female,Medium,Postgraduate,5.7,1,1,2.91,67.9,1,1,51.8,0.0,2.57,0.0,1,0,0
S103262,26,Female,Low,Secondary,0.3,0,1,3.58,69.3,1,8,62.2,11.6,2.58,6.0,1,0,0
S103263,28,Female,High,Secondary,4.8,0,0,4.0,70.1,0,3,80.4,9.6,3.14,12.0,1,0,0
S103264,23,Female,Medium,Secondary,42.7,1,0,2.32,55.6,0,8,70.8,4.9,3.17,2.0,1,0,0
S103265,25,Female,Low,Secondary,0.7,0,1,3.17,74.1,0,2,92.3,8.7,3.3,16.0,1,0,1
S103266,26,Male,Low,None,14.9,0,0,2.9,58.9,0,5,91.0,1.9,3.3,10.0,0,0,0
S103267,25,Female,Medium,Bachelor,9.9,0,1,2.95,83.2,0,8,72.0,17.8,3.04,8.0,1,1,1
S103268,18,Male,High,Secondary,0.8,0,1,2.61,90.7,1,1,100.0,10.1,3.79,9.0,1,0,0
S103269,29,Female,Medium,Bachelor,10.3,0,0,3.38,52.8,0,3,63.5,14.6,2.38,5.0,0,1,0
S103270,19,Female,Low,Postgraduate,9.1,1,0,3.35,65.9,0,5,68.9,7.6,2.83,14.0,0,1,1
S103271,22,Female,Low,None,3.0,1,1,4.0,79.6,0,4,100.0,16.7,2.41,9.0,0,1,0
S103272,25,Male,Medium,Bachelor,2.2,0,1,2.34,69.1,0,4,60.4,10.2,4.51,9.0,0,1,0
S103273,22,Female,Medium,None,0.1,1,1,2.13,44.7,0,6,85.2,15.4,3.34,12.0,0,0,0
S103274,20,Male,Low,Secondary,42.4,1,1,4.0,78.0,0,3,100.0,12.8,3.51,10.0,0,0,0
S103275,29,Male,Low,Bachelor,6.4,1,0,2.97,55.9,0,1,41.0,9.8,3.11,6.0,0,0,0
S103276,17,Female,High,None,35.0,0,0,2.77,68.0,0,5,74.9,15.0,2.76,8.0,0,0,0
S103277,20,Female,Medium,Postgraduate,13.3,0,0,3.09,50.1,0,3,94.2,30.9,4.67,11.0,0,0,0
S103278,29,Female,Medium,Bachelor,19.9,1,0,2.3,76.9,1,1,75.9,4.3,3.65,8.0,0,0,1
S103279,26,Male,Medium,Secondary,29.1,0,1,3.19,58.7,0,8,80.9,9.4,2.58,3.0,1,0,1
S103280,18,Female,Medium,None,2.2,0,1,2.96,78.5,1,1,82.8,3.5,2.61,14.0,0,0,0
S103281,26,Female,Medium,Bachelor,7.9,0,1,3.54,61.8,0,6,84.7,12.1,2.96,9.0,1,0,0
S103282,29,Female,Low,Secondary,4.3,0,0,3.43,57.8,0,4,67.9,11.1,2.42,7.0,1,0,1
S103283,18,Female,Low,Secondary,13.2,0,0,3.47,71.2,1,4,91.5,19.7,2.56,11.0,0,0,1
S103284,22,Male,High,Secondary,0.3,0,0,3.1,48.9,0,6,83.8,8.7,1.74,6.0,0,0,0
S103285,23,Female,High,None,10.0,1,0,3.8,92.0,0,6,62.8,14.8,1.12,2.0,1,0,1
S103286,18,Female,Medium,Postgraduate,6.2,0,0,3.29,67.8,0,2,73.0,0.0,4.18,8.0,0,0,0
S103287,19,Female,Low,Secondary,4.1,1,0,2.73,56.5,0,6,58.8,10.8,2.45,11.0,0,0,0
S103288,19,Female,Low,Secondary,9.8,1,0,2.6,59.0,0,2,83.2,5.7,2.59,7.0,1,0,0
S103289,19,Female,Low,Bachelor,9.9,1,0,2.65,65.3,0,2,87.4,13.0,2.85,7.0,1,0,1
S103290,22,Female,High,Bachelor,7.3,0,1,3.29,79.9,2,8,83.2,15.8,3.29,7.0,0,0,0
S103291,23,Female,High,Bachelor,11.2,1,1,2.33,51.6,0,8,88.2,7.0,3.34,8.0,0,0,0
S103292,20,Male,Medium,Postgraduate,1.9,0,0,3.08,59.5,0,3,82.0,12.7,3.52,9.0,1,0,0
S103293,20,Male,High,Secondary,21.7,0,1,2.58,64.3,0,3,91.4,8.2,3.2,11.0,0,1,1
S103294,19,Female,Low,Secondary,23.2,1,0,2.37,88.1,2,4,78.1,10.2,2.61,11.0,1,0,1
S103295,27,Female,Medium,Bachelor,33.0,0,0,2.45,80.0,0,4,90.5,12.1,3.69,16.0,0,0,1
S103296,19,Female,Low,None,13.7,1,1,2.99,88.9,1,3,60.7,5.0,2.68,15.0,1,0,1
S103297,28,Female,Low,Bachelor,4.7,0,0,3.38,65.5,0,1,59.0,5.0,3.52,5.0,1,0,0
S103298,24,Female,High,None,43.1,0,1,2.66,86.5,1,7,81.3,14.3,1.72,7.0,1,0,0
S103299,27,Male,High,Postgraduate,10.6,1,0,1.96,84.0,0,5,90.3,6.6,3.71,11.0,1,0,0
S103300,25,Female,Low,Bachelor,8.5,0,0,4.0,75.5,1,3,75.8,16.4,2.18,1.0,0,0,0
S103301,20,Female,Low,Bachelor,3.4,0,0,3.56,76.7,0,5,89.6,1.1,1.78,9.0,0,0,1
S103302,24,Female,Medium,Secondary,12.5,1,0,3.47,56.1,0,1,84.6,14.7,1.89,5.0,1,0,0
S103303,20,Female,Low,Postgraduate,43.1,0,0,3.81,92.4,0,5,49.3,10.0,2.94,8.0,0,0,1
S103304,18,Female,Medium,Bachelor,10.2,0,0,3.05,61.3,3,6,100.0,9.5,4.4,8.0,0,0,0
S103305,20,Female,Medium,Bachelor,36.8,0,0,2.93,73.4,1,7,61.1,10.7,2.66,1.0,0,0,0
S103306,20,Female,Low,Bachelor,26.8,0,0,3.68,75.2,0,6,65.8,2.8,2.72,18.0,0,0,1
S103307,18,Female,Low,None,50.3,0,1,3.67,44.4,0,3,97.2,15.6,3.34,6.0,0,1,1
S103308,17,Male,Low,None,25.5,0,1,3.31,64.2,1,8,80.3,7.8,2.4,14.0,0,0,1
S103309,29,Female,High,Secondary,6.1,0,1,3.44,68.1,0,5,68.5,5.8,2.7,2.0,0,2,0
S103310,23,Female,Medium,Bachelor,27.4,1,1,2.38,63.3,1,6,73.0,20.8,2.56,6.0,1,0,0
S103311,22,Male,Medium,Bachelor,3.4,0,1,2.87,64.4,1,2,66.8,8.3,4.18,11.0,0,1,0
S103312,29,Female,Low,Secondary,1.0,1,1,3.85,87.4,0,2,68.0,5.7,2.85,7.0,0,0,1
S103313,19,Female,Medium,Postgraduate,11.8,0,1,3.4,52.6,0,8,91.8,14.1,3.32,11.0,0,3,0
S103314,22,Female,Low,None,19.5,0,1,2.27,46.0,1,7,72.5,11.3,2.3,11.0,1,0,0
S103315,28,Female,Low,Bachelor,37.9,1,1,2.73,56.2,1,6,64.0,15.0,2.0,5.0,0,0,1
S103316,25,Male,Medium,Secondary,0.8,0,1,3.77,76.2,1,2,68.6,10.4,3.26,13.0,0,1,1
S103317,22,Male,Medium,Secondary,8.0,0,1,3.23,77.6,0,2,77.7,14.8,2.98,10.0,0,0,0
S103318,20,Male,Low,None,15.2,1,0,3.09,74.1,0,4,68.8,20.3,3.52,2.0,1,1,1
S103319,17,Female,Medium,Bachelor,4.8,1,1,3.11,78.7,0,1,75.4,6.2,2.18,9.0,1,1,0
S103320,18,Female,High,Bachelor,21.8,0,0,2.96,68.8,0,4,85.2,7.7,2.74,11.0,0,0,1
S103321,19,Female,Low,Secondary,2.3,1,0,2.74,57.2,0,2,72.8,2.0,1.9,8.0,0,0,0
S103322,27,Female,Low,Secondary,32.3,1,0,2.58,50.8,0,6,67.1,11.9,2.45,8.0,0,0,1
S103323,25,Male,Medium,Bachelor,24.6,0,1,3.51,46.1,0,2,69.5,10.6,1.79,10.0,0,0,1
S103324,22,Male,Low,Secondary,6.3,0,0,3.12,61.6,0,1,100.0,16.3,2.6,2.0,0,0,1
S103325,27,Male,Medium,Bachelor,10.1,0,0,3.35,76.8,1,6,100.0,9.9,3.72,7.0,1,0,0
S103326,19,Female,Medium,Secondary,2.4,0,0,3.27,68.6,0,5,80.7,9.6,2.2,7.0,1,0,0
S103327,19,Male,Medium,Bachelor,36.8,0,1,3.7,65.3,0,1,90.9,11.0,2.19,11.0,0,1,0
S103328,22,Female,Medium,Bachelor,9.7,0,0,3.23,49.2,0,6,65.9,8.8,2.68,6.0,0,0,0
S103329,28,Female,Medium,None,6.9,0,1,3.41,100.0,0,3,71.1,11.8,2.67,16.0,0,0,1
S103330,24,Female,Medium,Bachelor,29.4,0,1,3.08,52.6,0,8,86.7,11.1,3.34,6.0,0,0,1
S103331,28,Male,Low,Secondary,7.9,0,1,2.53,66.8,2,4,44.5,12.7,1.89,4.0,0,1,1
S103332,20,Male,Low,Postgraduate,1.3,0,1,2.89,80.0,1,2,91.6,8.9,1.05,13.0,0,0,1
S103333,28,Female,Medium,Bachelor,14.3,0,0,3.29,65.6,1,1,71.5,12.8,2.84,11.0,0,3,1
S103334,17,Female,Low,None,4.2,0,1,3.34,52.9,1,1,63.8,13.1,3.98,10.0,1,0,0
S103335,19,Male,Low,Bachelor,14.0,0,1,3.73,77.1,0,3,85.8,8.4,2.66,7.0,0,1,0
S103336,23,Female,Low,None,10.3,0,0,2.77,44.9,0,4,100.0,9.6,3.08,7.0,1,2,0
S103337,17,Female,Medium,Bachelor,1.2,0,0,3.11,91.1,1,7,75.3,9.1,2.74,10.0,0,0,0
S103338,28,Female,Low,Postgraduate,31.5,0,0,2.94,69.2,0,4,84.4,3.9,3.32,6.0,0,1,1
S103339,28,Male,Medium,Bachelor,13.1,0,1,3.81,61.2,0,7,86.8,7.6,2.59,15.0,0,1,1
S103340,24,Male,Medium,Secondary,21.1,0,1,3.19,43.8,0,3,83.6,13.8,2.75,9.0,0,0,0
S103341,20,Male,Medium,Bachelor,67.2,1,1,3.2,47.7,0,4,65.0,14.2,3.95,7.0,1,1,0
S103342,18,Male,Low,Secondary,11.8,0,1,2.98,64.2,0,8,83.4,11.7,3.6,6.0,0,0,0
S103343,25,Female,High,None,1.9,0,1,2.89,93.4,1,6,82.8,4.9,2.32,3.0,1,1,1
S103344,23,Female,Low,Postgraduate,34.1,0,0,2.28,68.5,1,8,39.1,14.9,2.33,11.0,0,0,1
S103345,26,Female,High,Secondary,35.6,0,0,2.37,70.2,0,7,92.9,19.3,2.38,5.0,0,0,0
S103346,24,Female,Medium,Secondary,3.9,0,0,3.09,70.8,1,1,57.4,13.0,2.01,7.0,0,0,0
S103347,18,Male,Low,Secondary,7.4,0,0,3.03,100.0,0,1,81.9,10.0,2.41,18.0,0,0,1
S103348,18,Male,Medium,Postgraduate,5.0,1,0,3.09,58.4,0,1,100.0,5.7,2.71,1.0,0,1,0
S103349,27,Female,Medium,Postgraduate,3.9,0,0,3.47,88.5,1,7,76.3,9.9,2.26,8.0,1,2,0
S103350,19,Female,Medium,Secondary,31.0,0,1,3.05,59.0,1,6,64.3,7.5,3.16,3.0,1,1,0
S103351,29,Female,Medium,Secondary,3.1,1,0,2.83,54.4,0,7,88.4,9.0,1.63,6.0,1,1,0
S103352,18,Male,Medium,Bachelor,11.6,1,1,2.9,63.8,0,7,100.0,16.4,1.97,7.0,0,0,0
S103353,26,Male,Medium,Secondary,5.1,0,1,3.12,63.7,0,6,63.4,14.4,3.26,3.0,1,0,0
S103354,29,Male,High,Postgraduate,10.0,0,0,2.81,73.4,1,1,44.6,8.3,4.13,10.0,0,2,0
S103355,22,Female,Low,Postgraduate,47.7,0,0,3.53,30.1,0,4,97.7,10.4,2.98,14.0,1,1,1
S103356,17,Female,Medium,Bachelor,14.3,1,0,2.99,67.2,0,8,92.8,10.0,2.22,9.0,1,0,0
S103357,28,Female,Medium,None,8.7,0,1,3.13,56.0,0,5,85.8,7.8,2.02,11.0,0,0,0
S103358,19,Female,Medium,Bachelor,5.2,0,1,2.59,54.1,0,1,53.0,3.3,2.54,14.0,1,1,1
S103359,23,Male,Medium,Postgraduate,17.5,0,0,3.53,45.6,0,2,89.0,14.1,3.69,10.0,0,0,0
S103360,29,Female,Medium,Secondary,18.3,0,1,3.72,59.5,1,4,95.5,15.9,3.16,0.0,1,1,0
S103361,26,Male,Medium,Bachelor,20.6,1,1,2.32,57.3,3,7,100.0,7.0,1.93,9.0,1,0,1
S103362,17,Female,Low,Secondary,6.2,0,0,3.2,58.6,1,7,75.8,6.7,3.05,0.0,0,1,0
S103363,27,Female,Low,Postgraduate,4.3,0,1,2.95,40.4,0,6,82.4,14.5,3.8,5.0,0,0,0
S103364,19,Female,Medium,Bachelor,5.0,0,0,3.14,66.5,0,6,47.7,6.7,3.63,2.0,1,1,0
S103365,26,Male,Low,None,13.6,1,0,3.23,53.1,0,5,94.5,3.1,3.73,9.0,0,0,0
S103366,25,Female,Low,Secondary,18.1,0,1,1.88,40.5,0,5,94.2,7.8,3.36,4.0,1,0,0
S103367,20,Female,Low,None,17.0,1,0,3.38,56.8,0,7,86.1,16.8,1.9,9.0,0,0,1
S103368,22,Male,Medium,Secondary,11.2,0,1,3.56,53.4,0,6,97.8,7.4,2.23,11.0,0,0,1
S103369,18,Male,High,Postgraduate,51.1,0,1,3.61,65.6,0,1,68.3,6.8,4.02,4.0,1,0,0
S103370,29,Female,Medium,Secondary,6.7,0,0,2.53,56.6,1,8,76.7,7.6,2.56,9.0,0,0,0
S103371,20,Male,Low,Postgraduate,39.1,0,1,2.98,43.3,0,5,77.3,4.2,1.47,0.0,1,0,1
S103372,21,Male,High,None,8.5,0,0,2.73,51.7,0,2,96.5,3.4,3.22,2.0,0,0,0
S103373,23,Male,Low,Bachelor,10.8,0,0,2.04,39.1,0,3,96.8,8.7,3.54,13.0,1,0,0
S103374,25,Male,High,Postgraduate,98.3,0,0,2.69,82.1,0,7,84.8,3.0,2.74,4.0,0,0,0
S103375,23,Female,Medium,Bachelor,15.0,0,1,2.46,84.5,0,5,84.0,8.0,3.18,6.0,1,0,0
S103376,23,Female,Low,Bachelor,33.6,1,1,3.17,86.3,2,7,88.3,11.3,2.22,5.0,0,1,1
S103377,24,Male,Medium,Postgraduate,24.4,0,0,2.18,56.2,0,1,75.0,11.9,2.47,1.0,1,0,0
S103378,28,Female,Low,Bachelor,12.0,1,0,2.51,84.5,1,5,100.0,9.3,1.53,4.0,1,0,0
S103379,22,Male,Medium,Bachelor,8.9,1,1,2.74,71.1,0,3,73.2,4.0,2.05,8.0,0,1,0
S103380,27,Male,Low,None,17.5,0,1,3.39,52.7,0,6,86.4,7.9,3.81,6.0,1,0,0
S103381,27,Male,High,Secondary,17.1,0,0,4.0,55.6,0,1,71.1,11.7,0.48,12.0,0,0,1
S103382,29,Female,Medium,Secondary,29.4,0,0,3.15,62.4,3,1,94.2,13.1,2.53,6.0,0,1,1
S103383,28,Female,High,Bachelor,20.4,1,0,2.48,66.5,1,4,78.5,8.6,2.43,8.0,0,0,0
S103384,27,Female,High,Bachelor,9.8,0,0,2.66,70.4,0,8,100.0,6.5,3.22,6.0,0,0,0
S103385,20,Male,Low,Bachelor,20.5,0,0,3.33,65.0,0,8,78.1,10.4,1.31,12.0,1,1,1
S103386,27,Male,Medium,Postgraduate,8.0,0,1,2.33,59.8,1,3,94.1,8.2,2.27,2.0,0,0,1
S103387,26,Male,High,None,2.3,0,1,3.55,85.3,0,1,70.5,4.9,2.39,10.0,0,0,1
S103388,20,Female,Medium,Postgraduate,16.2,0,0,3.14,63.3,0,2,75.4,11.5,3.08,10.0,1,0,0
S103389,25,Male,Low,None,2.8,0,1,2.94,62.4,0,8,79.4,10.1,2.79,5.0,0,0,0
S103390,20,Female,Low,Secondary,1.5,0,0,2.16,61.7,0,5,85.3,4.5,1.64,8.0,1,3,1
S103391,23,Female,Low,Bachelor,13.7,0,1,3.46,63.3,0,6,68.8,6.8,2.56,10.0,0,0,0
S103392,27,Female,High,Secondary,16.2,0,0,2.62,44.6,1,2,71.4,9.1,2.26,5.0,0,0,1
S103393,19,Female,Medium,Bachelor,3.1,1,0,3.08,50.0,0,8,81.3,2.4,3.12,5.0,1,1,0
S103394,21,Male,Medium,Bachelor,16.2,0,0,2.92,100.0,0,6,86.0,6.4,2.63,3.0,1,0,0
S103395,27,Female,High,Bachelor,17.3,0,0,2.21,40.2,0,7,79.5,13.2,4.02,16.0,0,0,0
S103396,22,Male,Low,Secondary,6.9,0,1,2.88,69.1,2,3,77.3,7.6,2.34,6.0,0,0,0
S103397,29,Female,Medium,Secondary,24.2,0,1,2.39,70.1,0,4,60.1,6.0,2.4,3.0,0,0,1
S103398,17,Female,Low,None,1.2,0,0,2.67,80.2,0,1,87.5,15.4,2.43,1.0,1,0,1
S103399,26,Male,Low,Secondary,16.8,0,0,3.22,70.5,1,4,92.6,11.7,2.66,5.0,0,1,0
S103400,27,Female,Low,None,1.1,1,1,3.35,93.4,0,7,94.4,13.5,3.39,9.0,0,0,0
S103401,28,Male,Low,Secondary,2.2,1,1,2.99,68.6,0,1,82.3,6.1,2.49,7.0,1,1,1
S103402,19,Male,Medium,Bachelor,4.5,0,1,2.56,85.2,1,8,70.9,8.6,2.52,9.0,0,1,0
S103403,29,Female,Medium,Postgraduate,27.3,1,1,2.68,80.6,0,5,75.2,9.9,3.05,11.0,1,0,0
S103404,22,Female,Low,Bachelor,1.4,0,1,2.67,88.1,0,7,82.3,11.1,2.14,7.0,0,0,1
S103405,21,Female,Low,None,17.6,1,0,1.93,65.4,1,5,79.7,21.4,3.24,7.0,0,0,0
S103406,21,Female,Medium,Bachelor,12.3,0,1,3.04,71.0,0,6,67.3,10.4,2.54,14.0,0,0,0
S103407,25,Female,Low,Secondary,0.7,0,0,2.17,59.5,0,7,54.8,15.4,2.17,11.0,0,0,0
S103408,25,Male,High,Secondary,4.5,0,1,3.04,67.4,0,5,71.7,21.4,1.51,10.0,0,0,1
S103409,23,Male,High,Secondary,26.2,0,1,2.27,68.2,0,5,75.8,18.6,2.03,7.0,0,0,0
S103410,17,Female,Medium,Postgraduate,6.5,1,0,2.4,33.8,0,3,84.6,10.8,2.66,11.0,0,0,0
S103411,29,Male,Medium,Bachelor,24.2,0,0,3.33,62.9,1,3,73.9,15.7,2.74,9.0,0,0,1
S103412,19,Female,Medium,Secondary,3.3,0,0,3.01,78.3,0,7,76.2,10.6,2.6,9.0,1,0,0
S103413,18,Male,Medium,Bachelor,18.7,0,1,2.06,44.7,0,2,81.7,9.8,1.76,11.0,0,0,1
S103414,24,Male,High,Postgraduate,4.7,1,0,2.72,50.2,1,5,100.0,14.2,2.65,9.0,0,0,0
S103415,22,Female,High,None,2.9,0,1,3.13,82.3,0,7,77.5,14.4,1.71,2.0,1,0,0
S103416,25,Female,Medium,Bachelor,7.6,0,0,2.69,85.1,0,5,56.8,12.5,1.91,8.0,0,0,0
S103417,28,Female,Medium,Secondary,13.2,0,0,2.83,55.7,0,5,69.7,9.2,3.56,4.0,0,0,0
S103418,18,Female,High,Secondary,1.1,0,0,3.12,67.6,0,3,100.0,7.6,2.71,11.0,0,0,1
S103419,20,Male,Low,Bachelor,5.3,0,1,3.02,63.8,0,1,100.0,4.0,3.1,2.0,0,0,0
S103420,23,Female,Medium,None,5.0,0,0,2.5,82.7,0,2,94.1,10.8,3.78,8.0,0,0,0
S103421,27,Male,Medium,Bachelor,4.0,1,1,3.01,57.0,1,7,90.5,11.2,2.74,8.0,0,0,0
S103422,24,Female,Medium,None,8.0,1,1,2.86,59.3,0,2,90.7,14.2,3.45,3.0,1,0,0
S103423,21,Male,Medium,Bachelor,0.9,0,1,3.86,85.1,0,4,76.4,2.7,3.05,8.0,1,0,0
S103424,24,Female,Low,Bachelor,32.3,0,0,2.95,50.0,1,8,93.0,10.5,2.27,11.0,0,0,0
S103425,29,Male,Low,Bachelor,17.3,1,0,3.07,57.5,1,3,93.6,9.0,2.68,6.0,0,2,0
S103426,23,Female,Medium,Bachelor,0.9,0,0,3.13,67.0,0,3,92.7,9.7,2.25,9.0,0,1,1
S103427,28,Female,High,Bachelor,2.5,1,0,2.84,87.9,1,1,71.0,16.2,3.21,10.0,0,0,0
S103428,27,Female,High,Secondary,4.7,0,1,2.64,47.1,0,4,75.1,16.4,3.48,4.0,0,1,0
S103429,20,Male,Medium,Secondary,6.3,1,0,3.23,54.3,0,2,70.4,15.1,1.82,8.0,1,0,0
S103430,20,Female,Low,Bachelor,73.7,0,1,3.23,73.9,0,6,95.0,10.5,2.16,7.0,0,1,1
S103431,27,Male,Medium,Secondary,17.2,1,0,4.0,76.2,0,1,84.5,9.1,2.53,8.0,0,0,0
S103432,19,Male,Medium,None,2.1,0,0,3.37,68.2,0,4,85.9,16.0,2.21,2.0,1,0,0
S103433,21,Male,Medium,Postgraduate,6.5,1,1,3.38,63.2,1,6,88.6,18.6,2.61,2.0,0,0,0
S103434,20,Male,Medium,Secondary,6.8,0,0,3.36,66.9,1,4,58.8,18.0,3.03,13.0,1,1,0
S103435,24,Female,Low,None,23.7,0,0,2.65,42.4,2,5,93.2,12.4,3.68,11.0,0,0,1
S103436,20,Male,Medium,Postgraduate,7.3,0,1,2.37,66.5,0,3,71.9,10.2,2.42,9.0,1,0,0
S103437,25,Male,Medium,Bachelor,10.1,0,0,2.5,87.2,0,8,73.3,13.5,2.39,12.0,0,0,1
S103438,29,Female,Medium,Bachelor,31.4,0,1,3.34,45.2,0,7,67.5,13.8,3.04,3.0,0,0,0
S103439,27,Female,High,Secondary,5.0,0,0,3.71,53.2,0,2,81.2,8.0,2.74,7.0,0,0,1
S103440,29,Female,Medium,Secondary,27.2,1,0,3.37,59.0,1,7,79.0,9.0,1.69,7.0,0,0,0
S103441,17,Female,High,Bachelor,8.5,1,0,2.92,60.0,0,3,59.1,25.2,2.17,5.0,0,0,0
S103442,22,Male,Medium,Secondary,4.4,1,1,3.84,92.6,0,3,53.2,8.0,2.53,3.0,1,1,1
S103443,19,Female,Medium,Bachelor,8.9,0,0,2.78,51.0,1,6,77.0,14.3,3.32,13.0,1,0,0
S103444,28,Male,High,Secondary,13.4,0,0,2.43,48.0,2,4,92.2,7.4,3.55,5.0,0,0,0
S103445,26,Male,High,Secondary,12.9,0,0,3.13,76.6,1,5,90.8,9.4,2.03,10.0,0,0,0
S103446,21,Male,High,None,10.0,0,1,3.65,55.3,0,6,95.0,5.4,2.23,9.0,0,0,0
S103447,24,Female,High,Secondary,2.5,0,0,2.58,76.8,0,5,77.0,5.4,3.38,12.0,0,0,0
S103448,24,Male,Medium,Secondary,36.4,1,1,2.15,62.0,1,2,74.7,13.1,2.45,11.0,1,0,0
S103449,23,Female,Low,Bachelor,5.6,0,0,3.02,71.9,0,1,78.3,12.5,3.02,7.0,0,1,1
S103450,23,Male,Medium,Bachelor,14.7,0,0,3.39,41.5,0,5,92.1,19.2,2.64,3.0,1,0,0
S103451,17,Female,High,Secondary,12.6,0,0,1.52,71.8,0,1,100.0,10.1,2.79,12.0,0,0,0
S103452,22,Female,Medium,Bachelor,5.8,0,0,3.49,68.3,0,7,73.1,10.8,2.48,13.0,1,0,0
S103453,21,Male,Medium,Secondary,33.3,0,0,2.32,61.2,0,6,76.0,9.8,3.55,18.0,1,0,0
S103454,27,Female,High,Secondary,1.6,0,0,3.36,46.5,0,5,80.5,5.1,1.69,12.0,1,0,0
S103455,28,Female,High,Bachelor,8.3,0,1,2.0,68.3,0,6,76.0,12.9,2.49,5.0,1,1,0
S103456,26,Female,High,Bachelor,32.4,0,0,2.26,75.9,0,4,71.3,9.2,3.49,6.0,0,0,0
S103457,17,Male,Medium,Bachelor,0.7,1,0,3.31,57.0,1,1,78.1,2.8,2.62,0.0,0,0,1
S103458,27,Female,Medium,Secondary,31.1,1,0,3.61,57.3,1,7,68.1,15.5,2.69,5.0,0,0,0
S103459,22,Male,High,None,7.6,0,0,3.0,76.9,0,7,90.9,7.1,3.44,3.0,0,0,0
S103460,22,Male,Low,Bachelor,9.5,0,0,4.0,90.7,1,5,100.0,11.7,3.09,10.0,1,0,1
S103461,29,Male,Low,Bachelor,11.2,0,0,2.49,79.1,0,7,75.7,11.8,3.36,12.0,1,0,0
S103462,28,Female,High,Bachelor,0.8,1,0,2.48,68.4,0,1,100.0,11.1,3.6,17.0,1,0,0
S103463,17,Male,Medium,Postgraduate,6.4,0,0,2.85,61.4,0,2,78.4,5.0,1.75,20.0,1,1,0
S103464,21,Female,Medium,Secondary,3.2,0,0,2.83,64.6,0,2,69.5,17.0,2.44,9.0,0,0,0
S103465,26,Male,Low,Bachelor,33.8,0,0,3.14,45.1,1,5,90.3,6.4,2.19,6.0,1,2,1
S103466,24,Female,Medium,Bachelor,16.3,1,0,2.63,62.7,0,6,66.1,0.0,2.99,6.0,0,0,0
S103467,20,Male,High,Secondary,5.8,0,0,3.28,81.8,0,3,89.4,14.2,3.49,5.0,0,0,0
S103468,23,Female,Medium,None,6.1,0,0,3.27,65.6,0,4,83.8,14.1,1.01,17.0,0,0,0
S103469,28,Female,Medium,Bachelor,1.5,0,0,3.81,55.6,0,7,73.9,4.0,1.65,0.0,1,0,0
S103470,19,Male,Medium,Secondary,2.3,0,0,2.75,54.2,1,3,72.4,10.0,1.31,14.0,1,1,1
S103471,26,Male,High,Bachelor,26.6,0,1,3.17,64.5,1,2,66.9,15.4,2.15,4.0,0,0,0
S103472,26,Female,High,Bachelor,0.4,1,0,3.3,46.5,0,8,95.5,17.1,2.78,6.0,1,0,0
S103473,28,Female,Medium,Secondary,5.9,0,0,3.0,51.4,0,7,76.7,13.1,3.88,0.0,0,2,0
S103474,20,Female,Medium,Secondary,32.1,1,1,2.89,88.0,0,8,84.7,14.1,1.83,12.0,0,0,0
S103475,19,Male,Low,Bachelor,26.1,1,0,1.97,49.5,0,6,79.8,13.6,4.42,11.0,0,0,0
S103476,24,Female,Medium,Secondary,9.7,0,0,3.04,53.0,1,6,76.8,9.3,3.11,4.0,0,0,0
S103477,23,Male,Low,Bachelor,40.4,1,1,3.3,69.4,1,2,84.9,4.6,3.13,12.0,0,1,1
S103478,22,Male,Medium,None,37.1,1,0,2.97,58.4,0,6,87.7,8.7,3.24,12.0,1,0,0
S103479,27,Female,Medium,Postgraduate,30.6,0,1,2.61,66.3,0,7,82.1,15.6,1.75,6.0,0,0,0
S103480,27,Female,Low,None,9.4,0,0,2.16,77.9,0,6,77.2,15.6,2.32,0.0,0,0,0
S103481,20,Female,Low,Secondary,0.4,1,0,3.23,41.8,0,7,63.7,11.0,2.02,7.0,0,0,1
S103482,27,Female,Low,Bachelor,27.6,1,0,3.02,76.3,1,1,70.9,8.3,3.19,12.0,1,0,0
S103483,19,Male,Low,None,2.8,1,1,3.69,56.3,2,6,75.4,18.7,2.1,4.0,1,0,1
S103484,22,Female,Medium,Secondary,3.5,0,0,2.28,60.7,0,1,80.2,10.6,2.58,12.0,1,2,0
S103485,17,Male,Low,Secondary,14.9,1,1,2.76,93.8,0,4,53.9,13.2,2.26,5.0,1,1,1
S103486,21,Male,Low,Bachelor,13.2,0,1,2.34,44.0,0,1,89.3,4.0,3.73,8.0,0,0,1
S103487,29,Male,High,Bachelor,34.6,0,1,3.51,73.9,1,6,84.8,9.7,2.3,5.0,0,0,0
S103488,22,Female,Low,None,6.0,0,0,3.62,81.9,0,5,71.3,15.4,1.96,9.0,1,1,0
S103489,26,Female,High,Secondary,47.8,0,1,3.96,54.7,0,6,66.3,3.2,3.07,11.0,1,0,1
S103490,18,Male,Medium,Secondary,2.8,0,1,3.26,55.0,0,6,69.7,9.8,2.69,15.0,1,0,0
S103491,25,Female,Medium,Postgraduate,7.2,0,1,3.39,59.5,0,1,60.1,12.0,3.71,9.0,0,1,1
S103492,21,Female,Medium,None,3.2,0,1,3.22,54.7,1,8,74.9,17.1,2.94,2.0,0,0,1
S103493,26,Female,Low,Bachelor,31.8,0,1,3.29,66.0,0,4,77.3,14.9,2.92,11.0,0,0,0
S103494,29,Female,High,Secondary,10.2,0,1,3.02,78.4,0,1,93.8,18.5,3.34,7.0,0,0,0
S103495,23,Male,High,Bachelor,7.3,0,0,3.31,59.6,0,8,87.1,14.2,3.05,7.0,0,0,0
S103496,18,Female,Low,Postgraduate,35.7,0,0,4.0,78.9,0,7,98.7,14.4,3.28,8.0,1,0,1
S103497,23,Female,Medium,Secondary,2.9,0,1,3.11,86.0,0,7,81.7,5.2,3.23,10.0,1,0,0
S103498,18,Female,Medium,Bachelor,3.2,1,1,3.01,71.5,0,6,66.3,5.1,2.5,6.0,0,0,1
S103499,22,Female,High,Secondary,6.7,0,1,3.1,72.9,0,1,100.0,18.4,1.89,10.0,1,1,1
S103500,17,Female,High,Bachelor,16.1,1,0,2.93,56.1,0,3,75.2,7.7,2.61,10.0,1,1,0
S103501,25,Male,Low,Secondary,0.3,0,0,3.12,25.7,0,7,56.8,7.3,1.33,10.0,0,0,1
S103502,21,Female,High,Secondary,2.8,0,1,2.91,73.8,0,1,83.3,0.0,2.21,12.0,1,0,0
S103503,19,Male,High,None,25.0,1,0,3.57,76.9,0,1,56.2,15.3,2.45,0.0,0,1,0
S103504,17,Male,Medium,None,12.8,0,1,3.52,68.6,0,1,78.7,4.4,3.64,6.0,0,0,0
S103505,28,Female,Low,Postgraduate,3.2,1,1,4.0,78.6,1,6,72.9,5.9,2.62,7.0,0,1,0
S103506,27,Female,High,Bachelor,18.8,0,0,2.99,56.8,0,7,87.9,15.5,3.96,7.0,1,0,0
S103507,27,Female,Medium,Secondary,1.8,1,0,3.14,72.8,3,3,94.3,0.0,3.06,5.0,0,0,1
S103508,17,Female,Low,Secondary,17.4,0,0,3.12,87.1,0,8,75.1,16.8,1.59,5.0,1,2,0
S103509,21,Female,High,Bachelor,6.7,1,1,3.1,75.0,1,3,74.1,5.9,3.53,10.0,0,0,0
S103510,29,Female,Medium,Secondary,36.9,0,0,3.56,85.1,1,3,91.4,9.3,3.46,10.0,0,1,0
S103511,24,Female,High,Secondary,4.3,0,1,2.19,85.2,0,4,68.5,6.1,1.56,8.0,1,0,0
S103512,18,Male,Medium,Bachelor,7.0,0,1,3.23,46.7,0,4,81.0,3.4,3.24,4.0,0,1,0
S103513,18,Female,Low,Secondary,7.4,1,0,4.0,75.8,0,1,88.1,6.2,3.74,11.0,1,0,0
S103514,20,Male,High,Secondary,1.7,0,0,3.68,55.5,0,5,68.1,5.9,1.23,11.0,1,0,0
S103515,29,Male,Medium,Secondary,3.3,0,0,3.62,48.4,1,8,75.5,3.8,1.98,12.0,0,0,1
S103516,19,Male,Medium,None,7.7,0,0,3.42,60.7,0,3,81.5,17.7,3.4,5.0,0,0,0
S103517,28,Female,Medium,Bachelor,3.5,0,0,2.7,91.3,0,8,100.0,5.2,2.61,23.0,1,1,0
S103518,25,Female,Low,Bachelor,6.0,1,0,2.63,56.8,0,7,61.9,0.6,3.77,9.0,0,1,0
S103519,28,Female,Medium,Postgraduate,38.2,0,1,2.63,38.6,1,2,77.8,0.0,3.4,5.0,0,0,1
S103520,27,Female,Medium,Secondary,10.1,0,1,2.43,43.3,0,8,100.0,12.2,3.32,18.0,1,0,0
S103521,21,Female,High,Bachelor,7.1,1,1,3.47,72.2,0,8,94.6,1.3,3.56,11.0,1,0,0
S103522,27,Male,High,Postgraduate,8.1,0,1,3.73,53.6,0,6,75.9,9.1,2.17,9.0,0,0,1
S103523,19,Female,Medium,Bachelor,0.5,0,1,3.22,34.4,1,8,78.9,19.8,2.52,9.0,0,3,1
S103524,20,Female,Low,Postgraduate,16.0,0,1,3.4,43.9,1,3,86.9,10.9,4.1,13.0,1,0,1
S103525,19,Female,Medium,Postgraduate,3.2,0,0,3.15,67.5,0,1,87.2,11.6,2.5,9.0,0,1,0
S103526,18,Male,Low,Bachelor,60.2,1,1,3.28,76.7,0,2,100.0,7.4,3.51,1.0,1,0,1
S103527,18,Male,High,Postgraduate,0.4,1,1,1.94,58.3,0,1,97.0,9.9,2.6,8.0,1,0,0
S103528,19,Female,Medium,Bachelor,23.0,1,1,3.16,74.7,0,7,59.3,8.9,2.21,12.0,0,1,1
S103529,18,Male,High,Secondary,38.6,1,0,2.79,78.7,0,4,56.1,11.5,2.05,8.0,1,1,0
S103530,21,Male,Medium,Postgraduate,0.9,0,1,2.98,53.2,0,4,71.8,18.3,3.13,4.0,0,1,0
S103531,17,Female,Low,Bachelor,41.9,0,0,3.11,63.2,0,3,52.2,7.9,3.66,8.0,0,0,0
S103532,17,Male,High,None,3.3,0,0,2.64,56.0,0,5,99.7,6.1,3.08,11.0,1,1,0
S103533,29,Male,Medium,Secondary,5.3,0,0,2.46,73.1,1,4,57.6,9.6,2.92,13.0,0,0,0
S103534,18,Female,High,Secondary,30.6,0,0,2.63,55.8,0,4,75.5,14.8,1.94,4.0,0,0,0
S103535,17,Female,High,Bachelor,4.2,1,0,2.28,46.8,0,5,66.9,8.3,2.74,3.0,0,1,0
S103536,17,Female,Medium,Secondary,30.9,0,0,2.42,65.8,1,3,56.2,11.3,2.87,8.0,0,0,0
S103537,18,Male,Medium,Secondary,2.6,0,0,2.49,81.7,0,7,97.7,12.6,2.13,5.0,0,1,0
S103538,23,Male,Medium,Secondary,16.5,1,1,2.28,72.7,0,1,71.3,20.8,3.05,6.0,0,1,1
S103539,27,Female,High,None,11.1,0,1,3.26,80.1,0,6,100.0,14.6,2.26,7.0,0,0,1
S103540,26,Female,High,Postgraduate,35.0,0,1,2.55,78.8,0,2,100.0,5.6,2.47,11.0,0,0,0
S103541,24,Male,Low,Secondary,11.8,0,1,2.07,65.6,2,5,80.0,0.0,3.28,5.0,0,0,1
S103542,18,Female,Medium,Secondary,27.3,1,1,2.8,56.0,1,6,48.6,10.8,3.86,3.0,0,0,0
S103543,27,Female,Low,Secondary,3.0,0,0,2.44,52.0,2,5,74.9,6.5,3.8,5.0,1,1,1
S103544,17,Female,Medium,Bachelor,3.3,0,0,3.73,41.2,2,8,100.0,7.6,2.64,2.0,1,1,0
S103545,25,Male,High,Bachelor,12.0,0,0,3.07,82.8,0,8,86.4,5.0,3.13,8.0,1,1,0
S103546,22,Male,High,Secondary,93.2,0,0,2.26,60.0,1,8,77.5,7.5,3.19,8.0,0,1,1
S103547,28,Male,Medium,Secondary,6.0,0,1,3.28,39.4,0,3,70.8,7.4,3.18,12.0,0,1,0
S103548,20,Male,Medium,Postgraduate,16.7,0,0,3.04,83.5,0,8,93.3,9.4,2.83,4.0,0,1,1
S103549,25,Female,Low,Bachelor,1.0,0,1,2.88,66.4,0,2,85.5,6.6,3.65,8.0,0,0,1
S103550,22,Female,Low,Bachelor,0.1,1,0,3.79,79.5,0,3,84.3,6.4,2.32,9.0,1,0,0
S103551,23,Female,Medium,Secondary,42.7,0,0,2.51,61.1,0,3,97.0,12.7,1.95,2.0,0,0,0
S103552,29,Female,High,Postgraduate,2.2,0,0,3.52,53.1,0,2,96.2,10.0,2.99,9.0,1,0,0
S103553,26,Male,Medium,Bachelor,35.6,0,0,2.8,71.7,0,7,86.6,10.0,2.53,9.0,0,0,1
S103554,22,Male,Low,Secondary,22.0,0,1,2.99,72.9,1,6,56.2,9.8,4.09,7.0,1,0,1
S103555,22,Male,Medium,Postgraduate,7.7,0,1,2.63,60.8,1,3,65.3,5.5,2.42,3.0,0,0,1
S103556,26,Male,Low,Bachelor,38.7,0,0,2.66,84.7,0,6,70.8,17.2,3.47,8.0,0,1,1
S103557,21,Female,Low,Bachelor,27.8,0,1,2.78,79.2,1,6,79.4,20.2,3.08,0.0,1,0,1
S103558,19,Female,High,Bachelor,0.6,0,0,2.05,73.5,1,8,100.0,16.2,1.77,9.0,0,0,0
S103559,23,Female,Low,Secondary,7.0,0,0,3.17,48.4,0,4,100.0,1.2,3.16,11.0,0,0,0
S103560,17,Female,Medium,Secondary,5.8,0,0,3.06,46.2,0,2,85.9,6.7,2.29,7.0,1,1,1
S103561,19,Female,Medium,Secondary,3.0,0,0,2.25,83.0,1,4,88.3,13.5,4.43,13.0,1,1,0
S103562,22,Male,Low,Bachelor,0.8,0,1,3.33,32.2,0,1,57.3,6.2,2.2,5.0,0,0,1
S103563,27,Female,Low,Secondary,21.2,1,1,3.73,63.6,0,6,73.7,6.5,2.1,5.0,1,1,1
S103564,27,Male,Low,Secondary,28.6,0,0,2.67,67.2,1,8,71.7,3.1,1.22,7.0,0,0,1
S103565,20,Female,Low,Postgraduate,3.1,1,1,2.61,57.7,0,2,70.5,8.2,2.21,17.0,1,0,0
S103566,22,Female,High,Secondary,7.8,0,1,3.56,64.5,0,7,88.7,5.9,3.26,7.0,0,0,0
S103567,18,Male,Medium,Bachelor,40.4,1,0,3.2,71.3,0,5,73.2,0.0,2.03,17.0,1,0,1
S103568,26,Male,Medium,Secondary,13.4,0,0,2.93,56.2,0,6,51.6,15.8,3.11,8.0,0,0,0
S103569,20,Male,Medium,None,2.4,0,0,3.41,78.2,0,5,92.6,12.1,2.93,5.0,1,3,0
S103570,27,Female,High,None,16.3,0,0,3.14,73.7,0,2,98.1,3.3,2.07,16.0,1,0,0
S103571,27,Male,Low,Secondary,1.7,0,0,3.71,62.3,0,7,84.3,14.3,2.66,9.0,1,0,0
S103572,25,Male,High,Secondary,15.0,0,0,2.99,52.6,1,2,77.5,10.6,2.09,7.0,0,0,1
S103573,21,Male,Low,Secondary,4.0,0,0,3.21,63.6,0,8,66.5,15.8,3.35,11.0,1,0,1
S103574,29,Female,High,Bachelor,1.6,1,1,3.55,96.7,0,7,67.4,13.7,1.47,13.0,0,1,1
S103575,25,Female,Low,Secondary,10.0,1,0,1.78,53.6,0,2,96.1,6.1,3.26,6.0,0,0,1
S103576,25,Female,Low,None,13.3,0,1,3.57,88.0,0,4,68.8,13.3,2.24,12.0,1,0,1
S103577,28,Male,Medium,Secondary,1.5,1,0,2.75,38.7,0,3,100.0,13.6,2.83,7.0,0,0,0
S103578,28,Male,Low,None,10.1,0,0,3.25,52.1,0,7,94.2,15.3,3.07,4.0,0,2,0
S103579,18,Female,Medium,None,8.0,0,1,3.83,56.9,0,2,85.1,15.0,2.85,5.0,1,0,0
S103580,28,Male,Medium,Secondary,6.2,0,0,2.85,79.2,1,2,100.0,20.4,4.19,3.0,1,0,0
S103581,26,Male,Medium,Bachelor,24.8,0,1,2.77,65.8,0,8,99.1,14.8,2.46,8.0,0,0,1
S103582,19,Female,Low,Bachelor,9.9,1,0,2.97,84.7,0,6,73.5,6.1,1.79,8.0,0,0,1
S103583,20,Male,Medium,Bachelor,6.5,1,0,2.27,60.0,0,5,64.6,10.9,4.27,13.0,0,1,0
S103584,26,Male,Low,Bachelor,1.5,1,1,4.0,64.2,0,1,73.6,4.8,3.01,11.0,1,1,0
S103585,19,Female,High,Secondary,0.6,0,1,2.98,60.1,0,8,78.5,16.0,2.86,6.0,1,0,0
S103586,22,Female,Medium,Secondary,19.6,0,1,3.82,95.4,0,2,68.6,5.7,4.32,7.0,0,0,0
S103587,25,Male,Medium,None,6.0,1,1,2.83,48.2,0,8,63.1,21.2,1.84,5.0,0,0,0
S103588,25,Male,High,Bachelor,24.9,0,0,3.02,57.4,0,5,83.5,8.5,2.69,8.0,1,0,0
S103589,28,Female,Medium,Secondary,0.2,1,1,3.47,50.3,1,8,93.3,9.8,1.99,7.0,0,0,0
S103590,18,Male,Medium,Secondary,41.6,0,1,2.45,73.6,1,4,100.0,7.7,2.68,8.0,0,1,0
S103591,20,Male,Low,Postgraduate,8.7,1,1,2.95,47.9,0,3,81.2,6.4,1.75,14.0,0,0,0
S103592,29,Female,Medium,Secondary,7.1,1,0,3.45,92.3,0,1,89.0,7.3,2.82,14.0,1,0,0
S103593,24,Female,Medium,None,15.5,0,1,2.89,66.2,0,5,52.2,11.2,2.77,6.0,0,0,0
S103594,20,Female,Low,Postgraduate,9.0,0,1,2.76,71.2,0,5,92.9,10.1,2.73,11.0,1,0,1
S103595,20,Male,High,Secondary,125.7,0,0,3.56,71.9,1,2,64.9,7.9,1.17,11.0,1,0,1
S103596,21,Male,Low,Secondary,10.3,0,0,3.7,64.7,0,3,84.6,11.5,3.29,6.0,0,1,1
S103597,24,Female,Medium,None,20.4,1,1,3.78,66.8,1,4,79.4,7.3,2.6,14.0,0,0,0
S103598,20,Female,Low,Secondary,6.3,0,1,2.66,66.3,1,2,76.4,10.0,4.6,2.0,0,0,0
S103599,25,Male,Medium,Postgraduate,19.4,0,0,2.71,72.8,1,4,57.7,18.8,2.43,12.0,1,0,0
S103600,22,Female,High,Bachelor,18.5,0,1,2.76,52.7,0,3,68.6,7.1,2.31,8.0,1,1,1
S103601,24,Male,Low,Secondary,21.4,0,0,3.36,50.1,0,8,65.7,8.5,2.87,4.0,1,0,1
S103602,19,Female,Medium,Secondary,10.7,0,0,2.4,77.3,0,3,71.1,4.2,1.9,7.0,0,0,0
S103603,25,Female,Medium,Secondary,5.3,1,1,2.43,65.0,1,6,97.7,8.3,3.62,16.0,1,0,0
S103604,29,Female,High,Bachelor,1.6,1,0,2.64,34.9,0,7,74.7,11.9,2.11,18.0,0,0,0
S103605,18,Female,Low,Secondary,38.8,1,0,2.53,57.9,0,6,69.9,7.4,2.18,5.0,0,0,0
S103606,21,Female,Medium,Secondary,6.3,0,1,3.44,87.9,0,4,89.7,4.3,3.35,8.0,1,1,0
S103607,26,Male,Medium,Bachelor,3.2,0,0,3.41,62.6,0,6,84.9,11.8,2.95,7.0,1,1,0
S103608,25,Male,Medium,Bachelor,2.1,0,0,2.76,57.0,0,4,100.0,12.3,2.93,8.0,0,0,0
S103609,25,Female,Medium,Postgraduate,6.4,0,0,2.9,42.6,0,5,95.2,13.1,1.85,14.0,0,1,0
S103610,24,Male,Medium,Bachelor,1.7,0,0,1.73,56.5,0,5,50.2,3.8,3.48,6.0,1,0,0
S103611,25,Male,Medium,Secondary,2.5,0,0,2.77,47.5,1,3,92.1,16.9,2.08,5.0,0,1,0
S103612,24,Male,Low,Bachelor,15.1,0,0,3.62,71.4,0,3,90.3,7.6,1.59,6.0,0,0,0
S103613,17,Female,Medium,Postgraduate,4.2,0,1,2.74,65.7,1,7,100.0,5.0,3.06,7.0,0,0,0
S103614,26,Female,Medium,None,62.0,0,1,2.45,59.5,0,1,77.0,15.1,2.65,11.0,1,0,1
S103615,22,Female,Medium,Secondary,14.8,0,1,3.69,53.6,0,3,96.4,16.7,2.63,9.0,1,0,0
S103616,17,Male,Low,Secondary,16.4,1,0,2.44,87.9,1,4,74.7,8.4,3.27,11.0,0,0,0
S103617,22,Male,Medium,Postgraduate,5.3,0,0,3.77,54.4,0,5,84.4,5.8,2.58,12.0,1,0,0
S103618,22,Female,Medium,Postgraduate,3.5,1,1,4.0,54.5,0,2,64.2,12.2,1.58,7.0,0,2,0
S103619,18,Male,Medium,Bachelor,14.1,0,1,2.95,61.4,0,2,59.4,3.3,2.56,8.0,1,1,0
S103620,29,Male,High,Secondary,29.5,0,1,3.62,63.5,0,6,93.0,22.8,3.0,10.0,1,0,1
S103621,19,Male,Medium,Postgraduate,20.9,0,0,2.17,72.2,0,5,80.1,4.8,2.92,6.0,1,0,0
S103622,21,Female,Medium,None,7.7,0,1,2.14,79.0,1,2,60.8,11.8,2.67,8.0,1,0,0
S103623,22,Male,Low,Secondary,8.7,0,0,2.6,77.8,0,4,92.2,9.2,4.49,12.0,0,0,0
S103624,27,Male,High,Bachelor,1.4,1,0,3.41,100.0,0,6,39.0,5.4,3.96,8.0,0,1,0
S103625,26,Male,Low,Bachelor,20.2,1,1,3.0,39.6,1,8,67.9,5.3,1.96,13.0,1,0,0
S103626,27,Male,Medium,Bachelor,10.7,0,0,2.91,68.5,2,1,55.1,15.6,1.84,4.0,0,0,0
S103627,20,Male,Low,Secondary,28.9,0,0,2.35,57.2,1,3,98.0,11.8,3.73,9.0,1,0,0
S103628,27,Female,Low,Secondary,4.1,0,0,2.94,95.1,1,7,73.5,6.5,3.55,10.0,0,0,0
S103629,27,Male,Medium,Secondary,15.7,1,1,2.68,67.6,0,3,81.2,7.2,3.84,9.0,0,0,1
S103630,23,Male,Low,None,44.8,0,1,2.54,34.6,0,2,84.6,5.9,2.49,7.0,0,0,1
S103631,24,Female,Low,Bachelor,0.4,0,0,2.5,71.5,0,1,92.1,14.4,2.69,2.0,0,1,0
S103632,17,Female,Low,Secondary,9.7,0,1,3.1,69.0,0,5,90.4,14.6,1.56,12.0,1,0,0
S103633,26,Male,High,Secondary,2.2,1,0,2.64,76.4,0,4,92.0,12.6,2.9,2.0,1,1,0
S103634,29,Male,Medium,Secondary,23.4,0,1,3.0,54.1,0,3,76.0,11.3,2.35,3.0,0,0,1
S103635,23,Male,High,Bachelor,3.1,0,1,2.12,69.9,2,7,92.8,13.1,2.25,10.0,1,0,1
S103636,24,Female,High,Bachelor,18.4,0,1,3.25,60.9,1,2,70.2,1.8,3.45,7.0,1,0,0
S103637,23,Male,High,Secondary,18.4,1,1,3.12,54.9,0,6,74.0,11.4,2.69,9.0,0,0,0
S103638,18,Male,Medium,Secondary,23.9,0,0,2.88,70.1,1,8,56.9,15.3,3.38,3.0,0,0,0
S103639,25,Female,Low,Postgraduate,11.1,1,0,3.08,67.3,1,1,100.0,11.2,2.72,9.0,1,1,1
S103640,26,Male,Low,Bachelor,0.4,1,1,3.47,80.8,1,4,65.1,10.3,3.18,11.0,0,0,0
S103641,29,Male,Low,Secondary,0.3,0,1,2.28,65.4,0,3,100.0,6.8,1.88,2.0,1,0,1
S103642,29,Male,Medium,Secondary,32.1,1,1,3.03,74.1,0,7,88.1,7.2,2.11,9.0,0,0,0
S103643,23,Female,Low,Postgraduate,34.4,1,1,2.35,46.9,0,3,83.0,7.4,3.12,12.0,1,0,1
S103644,29,Female,Low,Bachelor,29.1,0,0,3.04,85.9,0,7,85.5,11.1,3.98,3.0,1,0,0
S103645,23,Female,Medium,Secondary,13.3,1,0,2.87,53.3,1,5,64.0,7.6,3.13,9.0,0,1,1
S103646,25,Female,Low,None,25.5,0,0,2.99,78.5,0,7,100.0,0.9,2.81,8.0,0,0,0
S103647,24,Male,Low,Secondary,3.0,0,1,3.42,68.9,0,7,74.6,14.0,3.85,9.0,1,0,0
S103648,29,Female,Low,Secondary,4.0,0,1,3.41,67.0,0,6,95.2,12.6,2.65,7.0,0,0,0
S103649,26,Female,Medium,None,6.2,1,1,3.54,76.4,0,8,71.9,11.8,2.24,2.0,0,0,0
S103650,18,Female,Low,Secondary,20.0,1,1,2.8,32.9,0,7,58.5,5.3,2.8,6.0,0,0,0
S103651,17,Female,Low,None,10.8,0,0,3.35,56.4,1,3,100.0,7.5,3.06,6.0,1,0,1
S103652,22,Male,Low,Secondary,22.6,0,0,3.25,76.2,0,1,70.9,12.6,1.91,8.0,0,0,1
S103653,23,Male,Medium,Secondary,7.1,0,0,2.81,93.8,0,2,86.9,10.1,2.89,13.0,0,1,0
S103654,25,Female,Low,Secondary,22.3,1,0,3.06,64.6,0,4,34.6,6.5,1.59,2.0,0,0,0
S103655,23,Male,Low,Bachelor,18.1,0,1,2.93,28.4,1,4,78.9,16.5,2.59,12.0,0,0,0
S103656,23,Female,High,Secondary,33.4,0,1,3.7,60.2,0,6,89.1,5.8,2.69,15.0,1,0,0
S103657,28,Male,High,Bachelor,7.0,0,1,3.41,64.1,0,6,82.1,0.0,2.78,15.0,0,1,1
S103658,21,Male,Low,Postgraduate,16.9,0,0,2.83,81.6,0,2,78.5,10.4,1.43,15.0,1,0,0
S103659,23,Female,Low,Postgraduate,34.6,0,1,2.8,65.7,0,6,76.8,10.6,2.87,9.0,0,1,1
S103660,24,Female,Low,Secondary,27.8,0,1,3.48,45.8,0,5,93.1,10.3,3.41,8.0,1,0,1
S103661,23,Female,Medium,Secondary,1.3,0,0,3.67,79.5,0,7,60.6,12.0,3.79,1.0,1,0,0
S103662,29,Male,Low,Bachelor,26.5,1,1,3.16,73.5,0,4,76.4,7.2,3.82,7.0,1,0,0
S103663,29,Female,High,None,33.3,0,1,3.33,54.5,2,3,100.0,15.1,2.82,13.0,0,0,1
S103664,23,Female,High,None,6.1,0,0,3.65,75.8,0,3,57.8,3.2,4.53,2.0,0,1,1
S103665,22,Female,Medium,None,11.4,1,1,2.91,56.8,0,7,78.4,9.9,2.27,5.0,0,0,0
S103666,24,Female,Low,Bachelor,6.9,0,0,3.04,60.5,0,3,63.5,6.9,2.29,8.0,1,0,0
S103667,19,Female,High,Bachelor,19.8,1,0,3.24,57.1,0,6,84.5,15.0,2.81,1.0,1,1,0
S103668,22,Male,Medium,Secondary,39.6,1,0,2.79,60.4,0,4,80.5,6.0,3.38,15.0,0,0,1
S103669,19,Female,Medium,Postgraduate,8.0,0,0,3.85,78.6,0,1,65.8,10.4,3.25,10.0,0,0,1
S103670,18,Female,Low,Bachelor,11.6,0,1,2.78,38.2,0,5,80.4,10.4,1.14,9.0,0,0,1
S103671,18,Female,Medium,None,2.3,0,0,3.03,81.6,0,8,81.0,11.0,2.13,11.0,0,0,0
S103672,24,Male,High,Secondary,9.5,0,1,3.96,67.6,1,3,70.9,6.4,3.34,7.0,0,1,1
S103673,17,Female,High,None,5.4,0,1,2.07,59.1,1,3,73.8,11.8,2.18,9.0,1,0,0
S103674,25,Female,Medium,Postgraduate,9.0,0,1,3.11,65.3,0,5,70.3,10.1,2.71,4.0,1,0,0
S103675,22,Female,Medium,Bachelor,19.8,0,0,2.67,51.4,0,1,45.8,11.7,3.05,0.0,0,0,0
S103676,21,Female,Medium,Bachelor,24.0,0,0,3.0,40.5,1,4,93.9,17.9,3.14,8.0,0,0,0
S103677,27,Male,Medium,Bachelor,1.7,0,0,2.4,51.8,0,4,97.9,10.6,3.4,14.0,0,2,0
S103678,24,Male,High,Secondary,29.9,0,0,2.81,36.6,0,4,53.7,5.0,3.69,15.0,0,0,0
S103679,26,Female,Medium,Postgraduate,1.7,0,0,3.01,44.7,0,5,98.1,19.8,3.24,7.0,1,0,0
S103680,26,Male,Low,Postgraduate,14.6,0,1,3.12,40.7,0,4,86.0,14.9,1.94,7.0,0,2,1
S103681,17,Female,Low,Bachelor,25.0,1,1,3.45,83.4,2,4,63.5,13.3,3.21,2.0,0,0,1
S103682,19,Female,Medium,Secondary,12.7,1,0,1.84,45.7,1,3,76.9,9.1,3.56,12.0,0,0,0
S103683,24,Female,High,None,28.4,1,0,2.94,64.4,0,7,69.4,13.7,3.12,10.0,1,0,0
S103684,29,Male,Low,None,5.1,0,1,2.91,81.8,2,3,93.8,0.0,3.7,7.0,1,0,1
S103685,19,Female,Medium,None,27.9,0,1,2.97,77.8,1,1,66.2,17.7,2.97,0.0,0,0,1
S103686,18,Female,High,Bachelor,9.2,0,1,3.02,60.6,0,6,100.0,14.5,2.71,1.0,0,0,1
S103687,29,Male,Medium,Bachelor,14.1,0,1,2.58,60.6,2,7,97.4,9.1,2.21,9.0,1,0,0
S103688,29,Female,Low,Postgraduate,27.7,1,1,2.23,67.7,0,1,61.6,14.4,4.22,2.0,0,0,0
S103689,19,Female,Medium,Secondary,5.5,0,0,3.11,96.7,2,4,100.0,13.1,2.07,10.0,1,0,0
S103690,22,Female,Medium,Secondary,19.5,0,1,2.5,71.2,0,1,90.9,5.0,2.8,10.0,0,1,1
S103691,25,Male,Low,None,4.4,0,0,3.2,75.0,0,1,77.7,10.9,2.55,3.0,0,1,0
S103692,19,Male,Medium,Postgraduate,12.6,1,1,2.53,99.0,0,7,90.1,11.9,1.87,8.0,0,0,0
S103693,21,Female,Medium,Bachelor,7.3,0,0,3.35,69.2,0,8,93.9,9.3,3.42,4.0,1,1,0
S103694,22,Male,Medium,Secondary,5.5,1,1,2.97,82.2,0,1,68.6,8.9,3.15,12.0,0,0,0
S103695,25,Female,Medium,Bachelor,39.3,1,1,3.01,72.2,0,8,92.5,14.5,2.97,21.0,0,0,0
S103696,21,Female,Low,Bachelor,7.6,1,1,2.88,71.9,1,3,73.5,10.9,2.36,8.0,0,0,0
S103697,22,Male,Low,Secondary,5.2,0,0,2.8,50.5,2,3,92.2,19.4,3.19,14.0,1,0,1
S103698,20,Female,Low,Secondary,1.7,1,1,2.88,48.1,0,4,78.0,6.7,2.62,12.0,1,2,0
S103699,26,Female,Low,Secondary,31.6,1,1,3.59,57.3,1,5,64.9,12.0,3.14,8.0,0,0,1
S103700,18,Female,Medium,Secondary,16.1,1,1,2.23,78.2,0,2,89.5,5.4,3.81,10.0,1,0,0
S103701,19,Female,Low,Bachelor,16.0,1,0,2.68,77.5,0,2,74.3,13.4,1.09,3.0,0,0,0
S103702,20,Female,Medium,Secondary,0.7,0,0,3.53,85.0,0,4,82.3,4.4,3.5,9.0,0,0,0
S103703,28,Male,Low,Bachelor,1.8,1,1,3.41,64.8,0,5,86.1,11.4,4.46,7.0,0,0,0
S103704,29,Male,Low,Bachelor,28.8,0,0,3.67,73.1,1,4,100.0,15.9,4.0,13.0,0,0,0
S103705,23,Female,Low,Secondary,4.5,1,1,2.97,73.1,0,2,73.5,10.3,3.34,5.0,0,1,1
S103706,19,Male,Medium,Postgraduate,2.3,1,0,2.34,63.4,0,2,67.3,5.0,3.66,4.0,1,0,0
S103707,26,Male,Medium,Secondary,1.7,1,1,2.45,60.2,0,3,100.0,14.7,2.21,4.0,0,0,0
S103708,23,Male,High,Bachelor,10.2,0,0,2.85,42.7,0,3,80.0,11.8,2.97,11.0,1,0,0
S103709,28,Female,Low,None,4.3,1,1,3.38,62.7,0,3,71.8,9.6,2.7,7.0,1,0,0
S103710,21,Male,Medium,Bachelor,15.0,1,0,2.87,63.4,0,2,85.4,5.2,2.47,1.0,0,0,0
S103711,29,Female,Medium,Secondary,24.2,0,0,2.83,82.0,0,4,74.8,1.9,3.49,12.0,0,1,1
S103712,27,Male,Low,Secondary,36.3,0,0,3.2,83.5,0,7,76.0,21.3,2.66,2.0,1,0,1
S103713,19,Female,Low,None,9.0,1,1,3.01,67.2,0,1,100.0,7.1,1.5,6.0,0,1,1
S103714,26,Male,Low,Bachelor,4.7,1,0,2.78,96.0,0,1,65.2,5.0,3.11,7.0,1,1,0
S103715,20,Male,Low,Bachelor,11.8,0,0,2.5,67.8,1,5,58.4,11.6,2.78,4.0,0,0,0
S103716,21,Female,High,Bachelor,10.8,0,0,3.47,80.5,3,7,98.4,4.9,3.29,1.0,1,1,0
S103717,20,Female,Medium,Secondary,40.2,0,1,3.52,63.5,0,2,74.3,12.5,2.51,11.0,0,0,0
S103718,25,Male,Medium,Bachelor,23.9,0,0,2.47,47.9,0,3,84.8,16.8,1.59,11.0,0,0,0
S103719,20,Female,Medium,Bachelor,3.3,0,1,2.8,58.6,0,2,89.6,4.7,2.12,8.0,1,2,1
S103720,25,Female,Medium,Secondary,27.8,0,0,3.33,87.1,0,7,53.8,8.5,2.16,9.0,0,0,1
S103721,24,Male,Medium,Secondary,4.2,1,0,2.43,61.0,0,3,97.1,12.2,2.08,1.0,0,0,0
S103722,26,Female,Low,Secondary,18.7,1,0,3.18,58.0,0,3,71.6,3.9,2.41,10.0,0,0,1
S103723,29,Male,Medium,Bachelor,14.3,0,1,2.84,64.9,1,6,100.0,5.4,3.31,10.0,0,0,0
S103724,17,Female,Low,Secondary,15.0,1,0,2.39,59.2,0,2,68.1,9.4,1.83,10.0,0,0,1
S103725,29,Male,Low,Secondary,2.6,0,1,3.89,82.9,0,3,100.0,19.8,3.42,10.0,0,0,1
S103726,18,Female,Low,Postgraduate,8.2,0,0,2.83,93.3,0,3,100.0,5.7,1.91,12.0,0,0,0
S103727,23,Male,Medium,Bachelor,11.4,1,1,3.26,65.1,1,7,72.7,8.6,2.53,8.0,0,0,0
S103728,21,Female,Medium,Secondary,19.9,0,0,2.44,73.1,0,2,77.1,22.4,2.78,8.0,0,0,1
S103729,25,Female,Medium,Postgraduate,31.2,0,0,3.78,79.6,0,8,75.3,14.0,2.59,3.0,0,0,1
S103730,26,Female,Low,None,0.7,1,1,3.97,66.6,0,4,100.0,1.5,3.24,11.0,0,0,0
S103731,28,Female,High,Bachelor,2.8,0,1,2.25,51.8,0,8,82.7,8.8,2.72,5.0,1,0,0
S103732,22,Female,Low,Secondary,7.6,0,1,2.92,58.9,0,2,88.0,12.9,2.69,6.0,1,0,1
S103733,29,Male,High,Secondary,2.6,0,1,3.66,71.2,1,2,77.8,17.2,1.14,6.0,0,0,0
S103734,21,Male,Medium,Postgraduate,23.8,0,0,2.77,70.9,0,1,87.1,17.0,3.08,4.0,1,0,0
S103735,19,Male,Medium,None,32.7,0,1,3.2,38.1,0,8,88.1,12.8,4.12,8.0,1,1,0
S103736,21,Female,Medium,Bachelor,26.8,0,0,2.16,58.5,0,6,71.0,13.6,2.46,11.0,0,0,0
S103737,23,Female,Medium,Secondary,2.9,0,1,2.61,53.9,0,7,100.0,3.5,3.26,4.0,0,0,0
S103738,25,Female,Medium,None,12.6,0,1,3.15,78.2,0,1,76.9,6.5,2.22,8.0,0,0,1
S103739,27,Female,Low,Postgraduate,14.6,0,0,2.71,54.5,0,1,95.4,3.5,3.49,11.0,0,0,0
S103740,19,Female,Medium,Secondary,8.6,1,1,2.82,58.1,0,5,61.1,15.2,3.16,0.0,1,0,1
S103741,20,Male,Low,Bachelor,4.6,0,1,2.24,57.6,0,8,90.3,11.9,2.54,15.0,0,0,1
S103742,29,Male,Medium,Bachelor,14.6,1,0,3.33,76.9,0,3,96.0,10.5,2.5,6.0,1,1,0
S103743,22,Female,Medium,None,5.3,1,0,2.33,79.5,0,8,84.0,17.7,3.25,4.0,0,0,0
S103744,20,Male,High,Secondary,1.4,0,1,3.77,72.4,0,7,96.1,12.7,2.83,8.0,1,0,0
S103745,29,Male,Medium,Secondary,10.5,0,0,2.66,81.6,1,6,69.4,15.7,1.94,5.0,0,0,1
S103746,22,Female,Low,Secondary,27.7,0,0,3.4,83.5,0,8,87.1,13.8,1.73,8.0,0,1,1
S103747,29,Female,Medium,None,0.5,1,1,3.35,37.8,0,5,57.2,14.3,3.21,5.0,0,2,0
S103748,28,Female,Low,Secondary,24.4,0,1,2.51,73.9,0,5,82.2,4.8,2.27,13.0,0,0,0
S103749,28,Male,Medium,Bachelor,10.6,0,0,2.71,59.5,1,8,68.1,14.9,2.82,19.0,0,0,0
S103750,24,Female,Medium,Secondary,10.9,0,1,2.77,46.1,1,3,79.0,12.4,3.21,11.0,0,0,1
S103751,27,Male,Medium,Bachelor,27.1,1,0,2.81,60.2,1,2,100.0,8.0,1.96,9.0,0,0,0
S103752,29,Female,Low,Secondary,0.2,0,0,2.35,76.0,0,5,100.0,13.4,2.09,6.0,1,0,0
S103753,20,Male,Low,None,1.0,0,0,3.27,86.8,0,7,60.8,16.4,3.94,12.0,0,0,0
S103754,17,Female,Medium,Secondary,4.3,0,0,2.66,44.8,0,2,98.7,9.5,2.51,5.0,1,0,1
S103755,21,Female,Low,None,20.0,1,1,2.94,74.3,1,8,100.0,6.3,3.51,9.0,0,0,0
S103756,25,Female,Low,Bachelor,8.2,0,0,3.5,94.5,0,8,84.9,6.5,4.56,6.0,0,0,0
S103757,24,Male,Medium,None,28.5,0,0,3.29,92.5,1,4,100.0,3.0,2.97,3.0,1,0,0
S103758,18,Female,Medium,Bachelor,14.3,1,1,2.69,20.0,0,8,73.8,9.2,2.2,7.0,1,1,0
S103759,24,Male,Low,Bachelor,20.4,0,1,3.52,97.7,0,3,72.3,13.0,2.89,4.0,1,0,1
S103760,19,Female,Medium,None,74.8,1,1,3.33,79.4,2,7,72.4,18.7,2.67,14.0,0,0,1
S103761,23,Male,High,Bachelor,7.7,0,1,2.65,30.4,0,4,90.7,6.0,2.85,5.0,0,0,0
S103762,24,Male,Medium,Postgraduate,18.8,0,1,2.74,53.5,0,7,78.5,11.8,3.3,7.0,1,0,0
S103763,25,Female,Low,None,16.9,0,1,3.5,83.9,0,8,69.3,10.1,3.38,5.0,0,0,1
S103764,22,Female,Low,Postgraduate,23.9,0,1,3.39,70.4,0,1,70.0,10.0,1.4,3.0,0,1,1
S103765,22,Female,Low,Secondary,39.6,1,1,2.25,56.4,2,6,80.0,2.4,3.63,11.0,1,0,0
S103766,25,Male,Medium,Bachelor,10.0,0,1,2.5,66.0,0,3,67.3,4.9,2.99,8.0,0,0,1
S103767,26,Female,Medium,Secondary,15.3,0,0,3.35,73.2,0,5,90.0,19.1,2.4,17.0,1,0,0
S103768,27,Male,Low,Bachelor,42.6,1,0,2.41,56.3,0,6,97.9,15.0,3.31,12.0,1,0,1
S103769,21,Male,Low,Bachelor,16.6,0,0,3.4,63.1,1,1,94.6,11.4,2.06,8.0,0,0,0
S103770,22,Female,Low,Postgraduate,4.0,0,0,3.97,78.5,1,6,100.0,12.3,2.1,9.0,1,0,0
S103771,21,Male,Low,Postgraduate,21.5,0,1,3.19,54.5,0,6,86.2,13.7,3.54,8.0,1,0,0
S103772,23,Female,High,None,5.9,1,0,2.54,44.6,1,5,100.0,7.8,2.85,4.0,1,0,0
S103773,18,Male,Low,Bachelor,10.9,0,1,3.09,55.4,0,3,82.8,8.0,3.9,2.0,0,0,0
S103774,22,Male,Low,Secondary,5.9,1,1,3.52,51.7,0,3,75.8,6.9,2.32,4.0,0,1,0
S103775,19,Female,Medium,None,50.2,1,0,3.05,55.9,0,8,81.8,10.8,3.0,13.0,0,0,0
S103776,23,Male,Low,None,36.9,0,1,3.24,39.1,0,8,82.5,4.2,3.07,9.0,0,0,0
S103777,28,Female,Low,Postgraduate,1.5,0,1,2.6,68.5,0,5,78.1,6.7,3.08,10.0,0,0,0
S103778,29,Female,Medium,Bachelor,26.9,0,1,2.64,78.0,0,7,63.8,12.5,3.23,11.0,1,0,0
S103779,22,Male,Low,None,20.1,0,0,3.45,52.8,0,5,65.3,8.2,3.12,7.0,1,0,1
S103780,17,Female,Low,Postgraduate,2.3,1,1,2.64,55.2,0,5,97.0,1.2,2.81,6.0,0,0,0
S103781,19,Male,Medium,Bachelor,3.0,0,0,1.71,62.2,2,8,92.5,8.1,1.44,16.0,0,1,1
S103782,18,Male,Medium,Secondary,7.0,0,1,2.85,51.3,0,1,100.0,12.7,3.4,10.0,0,0,0
S103783,26,Male,Low,Secondary,18.5,0,0,3.16,79.8,0,7,74.1,10.6,1.14,1.0,1,0,0
S103784,29,Female,High,Bachelor,18.1,0,0,3.53,51.7,0,2,72.7,1.6,1.94,1.0,0,1,0
S103785,24,Female,Low,Bachelor,1.2,0,0,3.82,57.1,1,4,62.8,15.2,2.31,11.0,0,1,0
S103786,19,Female,High,Secondary,10.3,1,1,3.04,53.6,2,5,95.8,8.8,3.43,4.0,1,0,0
S103787,17,Female,High,Secondary,6.4,1,1,3.33,80.1,0,5,66.6,11.7,2.64,7.0,0,0,1
S103788,29,Male,Medium,None,0.9,1,1,3.06,61.5,0,7,79.5,15.2,4.11,0.0,0,2,0
S103789,21,Female,Low,Secondary,22.5,0,1,3.18,94.9,0,8,84.7,9.4,1.83,6.0,1,1,1
S103790,18,Female,High,Secondary,0.9,0,0,2.91,70.3,1,2,56.5,0.5,2.03,12.0,1,0,1
S103791,19,Female,Medium,Secondary,27.0,1,1,3.19,82.4,1,8,91.7,18.8,1.22,6.0,0,1,1
S103792,20,Female,Low,Secondary,20.1,0,0,2.64,60.1,1,4,95.2,0.0,2.0,3.0,1,0,1
S103793,25,Female,Medium,Bachelor,16.1,0,1,3.99,50.9,0,4,84.2,8.3,2.36,7.0,0,0,0
S103794,28,Male,Medium,Secondary,9.5,0,1,1.8,64.5,0,4,78.7,16.5,3.83,8.0,0,1,0
S103795,20,Female,High,Secondary,41.2,1,0,3.29,54.8,0,3,79.5,6.5,3.53,7.0,0,0,0
S103796,25,Female,Medium,Secondary,7.7,0,0,3.16,35.0,2,4,100.0,6.8,2.97,2.0,0,0,0
S103797,17,Female,High,Postgraduate,3.0,0,1,3.19,80.2,0,7,80.8,8.9,2.58,10.0,1,0,0
S103798,17,Male,Medium,Secondary,4.4,0,1,2.41,65.5,0,1,79.7,9.1,3.34,6.0,1,1,1
S103799,17,Female,Medium,Secondary,0.2,0,1,2.16,54.5,0,2,69.7,5.7,3.69,9.0,0,1,1
S103800,29,Male,Medium,Secondary,31.7,0,1,3.3,70.6,0,5,38.0,6.8,2.35,4.0,0,0,1
S103801,24,Female,High,Bachelor,11.3,0,1,3.67,65.7,0,4,96.4,15.4,2.42,13.0,1,0,0
S103802,27,Female,High,Secondary,56.2,1,0,3.11,86.1,2,6,80.0,7.3,2.5,11.0,0,1,0
S103803,17,Male,High,Secondary,15.5,1,0,3.4,71.5,1,1,66.9,12.5,1.59,7.0,1,0,1
S103804,17,Female,Medium,Bachelor,23.3,1,1,2.77,62.6,0,3,100.0,5.4,3.65,9.0,1,1,0
S103805,28,Male,Medium,Bachelor,14.8,1,0,3.17,75.4,0,7,86.6,16.9,2.39,15.0,1,0,1
S103806,18,Female,Low,Secondary,29.9,1,1,3.61,64.5,0,3,76.9,14.7,2.6,13.0,0,0,1
S103807,19,Female,High,Secondary,4.3,1,0,2.84,67.8,0,1,95.3,9.6,3.82,14.0,1,0,0
S103808,23,Male,Low,Postgraduate,2.4,0,1,3.59,83.4,1,2,85.5,13.2,2.42,10.0,0,0,0
S103809,24,Female,Low,Postgraduate,1.3,1,0,2.18,47.5,1,5,85.2,17.6,3.69,6.0,1,0,0
S103810,19,Male,Medium,Bachelor,21.1,0,1,2.69,52.1,0,5,70.9,5.0,1.58,10.0,0,0,1
S103811,22,Female,Medium,Bachelor,0.9,0,0,3.27,58.7,0,8,90.4,4.7,3.19,15.0,1,0,0
S103812,25,Female,Medium,Bachelor,18.3,0,1,3.95,60.9,0,8,94.1,11.9,2.49,10.0,0,0,0
S103813,22,Male,Low,Postgraduate,40.5,0,0,3.01,82.3,0,3,71.0,3.5,1.69,5.0,0,0,1
S103814,21,Female,Low,None,97.8,1,1,2.48,43.8,0,2,51.6,2.2,2.01,8.0,1,1,1
S103815,17,Female,Low,Postgraduate,18.9,0,0,3.94,64.6,1,7,94.3,2.0,2.9,11.0,0,0,0
S103816,22,Female,Low,Bachelor,0.4,0,1,2.94,56.7,0,8,89.4,10.7,2.13,9.0,1,0,0
S103817,27,Female,Low,Bachelor,0.6,0,1,3.33,90.5,0,2,92.6,0.0,3.07,11.0,1,0,1
S103818,25,Female,Medium,Secondary,24.9,1,0,2.83,78.3,0,8,80.7,8.0,2.28,6.0,0,0,1
S103819,28,Female,Low,Secondary,81.1,1,0,3.07,68.6,0,2,94.4,0.0,1.67,7.0,0,0,0
S103820,18,Male,Medium,Bachelor,9.2,0,0,2.72,79.5,0,6,70.2,12.2,3.48,9.0,0,0,0
S103821,17,Male,Low,Bachelor,15.5,0,1,4.0,45.2,0,2,77.2,12.5,3.01,10.0,0,0,1
S103822,24,Female,Medium,Secondary,5.4,0,0,3.6,95.4,0,6,64.3,8.9,1.54,5.0,1,0,1
S103823,19,Male,High,Bachelor,16.6,1,0,3.88,52.4,1,7,97.4,15.9,3.26,0.0,0,1,1
S103824,24,Female,Low,None,0.7,0,0,2.61,83.9,0,7,79.3,14.0,2.89,0.0,0,0,0
S103825,28,Male,Low,Secondary,10.8,1,0,2.09,73.3,0,6,83.5,6.0,2.5,8.0,0,0,0
S103826,21,Female,Medium,Bachelor,44.6,0,0,2.85,69.0,1,5,86.5,5.6,2.53,9.0,0,0,1
S103827,24,Female,Low,Bachelor,7.5,1,0,4.0,83.2,0,7,76.4,14.4,3.74,7.0,0,0,0
S103828,25,Female,High,None,3.9,0,1,2.84,79.9,2,8,92.3,13.4,3.02,8.0,1,1,1
S103829,18,Male,High,None,34.2,1,1,3.53,66.6,0,3,100.0,8.7,3.77,14.0,1,1,0
S103830,28,Female,Medium,Secondary,10.0,1,0,2.49,58.7,0,2,94.7,1.2,3.13,6.0,0,0,1
S103831,19,Female,High,Bachelor,30.3,1,1,2.59,66.8,1,2,54.2,14.6,2.96,9.0,0,1,0
S103832,27,Female,Medium,Postgraduate,16.5,1,0,2.96,63.5,0,6,81.6,10.3,2.27,15.0,1,0,1
S103833,25,Female,Medium,Bachelor,5.2,0,1,4.0,70.3,0,5,82.3,9.7,2.91,4.0,0,0,0
S103834,18,Female,Low,Bachelor,65.6,0,1,3.55,80.3,0,4,98.6,0.0,3.51,15.0,0,0,0
S103835,26,Male,Low,Secondary,3.0,0,0,1.97,72.0,1,1,71.8,12.7,2.86,12.0,1,0,0
S103836,19,Female,Low,None,23.5,0,1,3.33,67.8,0,2,64.4,9.7,4.16,7.0,0,0,1
S103837,24,Male,Medium,Bachelor,21.5,0,0,2.43,55.2,0,4,92.5,7.3,3.51,0.0,1,0,0
S103838,29,Male,Medium,Secondary,32.3,0,1,2.66,69.9,1,3,79.7,5.8,1.96,14.0,1,2,0
S103839,29,Female,Low,None,5.0,1,1,3.26,39.6,0,8,70.6,10.6,2.46,15.0,0,0,0
S103840,28,Female,Medium,Secondary,4.0,0,0,3.7,53.0,1,4,76.1,12.3,3.27,5.0,0,1,1
S103841,23,Female,Low,Bachelor,23.2,0,0,3.67,74.1,0,6,58.8,8.1,1.73,15.0,0,0,1
S103842,24,Female,Low,Secondary,2.7,0,1,3.17,78.3,0,8,82.6,12.8,2.72,1.0,0,0,1
S103843,20,Female,Low,None,11.9,1,0,3.17,64.7,1,5,75.4,4.2,2.15,9.0,1,0,1
S103844,28,Male,Medium,Bachelor,2.0,0,0,3.67,68.0,0,1,88.0,6.7,2.83,7.0,1,0,0
S103845,23,Female,Medium,None,19.7,1,1,2.21,70.6,0,2,76.9,13.4,2.15,3.0,0,0,0
S103846,27,Female,Medium,Secondary,6.6,0,0,3.91,75.2,0,3,80.5,8.0,3.54,7.0,0,1,0
S103847,21,Female,Low,Bachelor,42.3,0,0,2.63,62.0,0,4,73.2,18.6,2.44,8.0,0,0,0
S103848,26,Female,Medium,Postgraduate,15.5,0,0,3.13,50.3,0,1,76.2,11.4,3.27,3.0,0,0,0
S103849,19,Female,High,Secondary,13.2,1,1,2.75,70.8,0,5,63.1,4.2,1.75,11.0,0,0,1
S103850,26,Female,Low,None,4.0,1,1,2.42,94.4,1,7,95.5,2.2,2.59,5.0,0,0,1
S103851,17,Female,Medium,Secondary,18.7,0,1,3.23,51.2,0,5,79.4,13.9,1.9,7.0,1,0,0
S103852,18,Female,Low,Secondary,10.4,0,1,3.12,63.1,0,7,50.2,7.0,3.64,14.0,0,0,0
S103853,21,Female,Low,Bachelor,6.4,0,0,2.95,59.2,1,5,56.2,14.6,2.26,5.0,0,0,1
S103854,23,Male,Medium,Bachelor,17.7,0,0,2.92,100.0,1,7,95.6,7.3,2.74,0.0,0,0,0
S103855,26,Female,Low,Secondary,58.1,0,0,3.76,50.6,0,8,79.4,11.2,3.05,7.0,0,0,1
S103856,21,Male,Medium,Bachelor,5.7,1,0,4.0,62.6,2,6,79.7,8.3,2.28,8.0,0,2,1
S103857,17,Female,High,Secondary,26.7,0,0,3.63,59.5,1,2,80.0,11.3,1.96,7.0,1,0,1
S103858,21,Female,Low,Secondary,6.2,1,0,3.14,46.2,0,7,87.3,13.6,2.93,11.0,1,0,0
S103859,22,Female,Low,Postgraduate,12.4,0,1,2.18,45.4,0,4,100.0,10.1,1.45,10.0,0,1,1
S103860,24,Male,High,Secondary,3.0,0,0,3.31,73.5,2,8,86.7,13.3,3.74,6.0,0,0,0
S103861,25,Female,Medium,Secondary,12.2,1,1,3.34,75.6,0,2,84.6,1.5,2.7,11.0,1,0,0
S103862,20,Female,High,Bachelor,14.1,0,1,3.39,56.6,0,5,71.4,12.1,1.77,10.0,0,0,0
S103863,24,Male,Low,Secondary,8.8,0,0,2.43,86.1,1,4,56.9,10.1,2.61,10.0,0,2,1
S103864,25,Female,Medium,Secondary,11.3,0,1,3.43,31.2,1,5,87.1,8.7,3.2,7.0,0,0,0
S103865,27,Male,High,None,19.0,0,1,3.78,46.1,1,1,88.3,0.0,2.23,9.0,0,0,1
S103866,23,Female,Low,Secondary,8.0,1,0,2.51,52.6,0,8,96.5,1.7,1.44,8.0,0,1,1
S103867,27,Male,High,Secondary,5.2,1,1,3.34,64.9,0,3,100.0,11.1,2.71,7.0,0,1,0
S103868,19,Female,Medium,Secondary,37.4,1,0,2.59,58.2,0,3,62.6,11.8,3.33,10.0,1,1,0
S103869,26,Female,High,Secondary,5.7,1,0,2.95,62.0,0,4,70.8,12.0,2.96,10.0,0,0,0
S103870,17,Female,Low,Secondary,9.1,0,1,2.53,72.3,0,3,90.0,10.0,3.08,10.0,1,0,0
S103871,18,Male,Medium,Bachelor,16.8,0,1,2.82,86.9,1,6,80.0,4.0,3.47,10.0,0,1,1
S103872,28,Female,Low,Bachelor,3.4,0,0,2.83,77.0,0,4,100.0,4.9,3.91,0.0,0,0,0
S103873,23,Female,High,Bachelor,47.5,0,1,3.21,65.8,1,8,77.1,0.0,0.91,12.0,1,2,1
S103874,25,Male,Low,Bachelor,43.4,0,1,3.45,63.8,0,3,100.0,10.6,1.87,4.0,1,0,0
S103875,24,Male,Low,Bachelor,49.2,0,0,3.61,81.5,0,5,80.8,19.5,2.92,12.0,0,0,1
S103876,26,Male,High,Secondary,12.7,1,0,2.67,93.3,0,7,100.0,9.5,2.99,3.0,1,1,0
S103877,20,Female,Low,Secondary,8.0,0,0,3.18,74.6,1,7,43.9,6.2,1.72,14.0,1,0,1
S103878,19,Male,Medium,None,59.7,0,1,2.45,57.6,0,7,87.3,10.1,2.25,0.0,0,0,1
S103879,17,Female,Low,Secondary,19.4,0,0,2.94,68.9,0,4,80.3,9.3,4.01,9.0,0,0,1
S103880,28,Female,Medium,Postgraduate,5.3,0,0,3.02,73.7,0,8,48.6,1.3,2.55,7.0,0,0,0
S103881,19,Female,Low,Secondary,22.8,0,1,2.54,56.7,0,3,79.8,11.3,2.95,10.0,0,0,1
S103882,24,Female,Medium,Bachelor,3.0,0,0,3.28,78.0,1,7,61.4,9.5,4.05,15.0,0,0,0
S103883,22,Female,Medium,None,1.4,0,0,2.92,69.0,0,2,72.2,9.1,2.87,9.0,0,1,0
S103884,19,Male,Low,Secondary,56.3,1,1,3.08,82.5,0,5,84.6,19.9,3.35,12.0,1,1,1
S103885,22,Female,Low,Secondary,0.3,0,1,3.61,50.3,0,4,78.2,9.5,3.2,14.0,0,1,0
S103886,18,Male,Low,Secondary,2.0,1,0,2.79,38.9,0,6,85.3,19.1,2.56,6.0,1,0,0
S103887,19,Male,Medium,Secondary,2.4,1,1,3.43,59.1,1,7,82.4,5.9,2.52,9.0,1,0,0
S103888,18,Female,Low,Bachelor,1.8,1,0,3.72,65.4,1,1,100.0,2.4,3.63,13.0,0,0,0
S103889,27,Male,Low,Secondary,50.1,1,0,3.69,38.0,0,5,83.9,6.0,2.79,9.0,1,0,1
S103890,24,Male,Low,Bachelor,15.4,0,0,2.91,55.9,0,8,81.7,15.9,2.09,6.0,0,1,0
S103891,29,Female,Medium,Postgraduate,34.8,0,0,2.51,84.3,0,2,86.3,6.2,3.56,10.0,0,1,0
S103892,22,Male,Medium,Secondary,25.5,0,1,2.65,73.0,1,7,79.6,2.9,0.8,8.0,1,0,1
S103893,19,Male,Medium,Postgraduate,9.6,0,0,2.21,67.1,1,6,56.2,11.7,3.9,10.0,1,0,0
S103894,24,Female,High,None,40.3,1,0,3.34,49.2,0,1,90.4,8.1,2.67,6.0,1,1,0
S103895,29,Female,Medium,Secondary,3.7,0,1,3.37,83.8,0,1,99.4,12.9,2.81,9.0,0,1,0
S103896,23,Female,High,Secondary,39.1,0,0,3.06,58.7,0,3,100.0,6.6,2.86,7.0,0,0,0
S103897,17,Male,Medium,Bachelor,7.0,0,0,2.31,66.4,0,2,90.3,5.4,3.73,6.0,0,0,0
S103898,20,Female,Low,Secondary,2.6,1,0,2.82,71.1,0,3,76.0,18.3,2.92,13.0,1,1,0
S103899,29,Female,High,Bachelor,20.5,0,1,3.69,67.6,1,2,83.9,5.8,2.78,6.0,1,1,0
S103900,23,Male,Medium,Bachelor,80.7,0,0,3.3,87.4,0,7,100.0,5.8,2.13,5.0,0,0,0
S103901,29,Male,Medium,Secondary,10.1,1,0,3.39,73.6,0,6,76.6,12.3,2.3,3.0,1,0,0
S103902,23,Male,Low,Bachelor,2.0,1,1,4.0,70.1,1,2,62.1,0.0,3.25,8.0,0,0,0
S103903,17,Female,Low,Bachelor,1.9,0,0,3.16,63.7,0,3,100.0,13.7,2.96,7.0,1,0,0
S103904,28,Male,Medium,Secondary,9.0,0,1,1.92,71.5,0,6,64.7,18.9,3.98,11.0,0,1,0
S103905,26,Female,Medium,Secondary,36.1,0,1,2.45,61.9,0,8,56.4,14.3,2.23,3.0,0,1,1
S103906,26,Female,Medium,Secondary,19.9,0,1,3.15,67.8,0,8,84.8,4.8,1.99,1.0,0,0,0
S103907,29,Male,Medium,Secondary,22.6,1,0,3.01,59.9,1,1,86.1,6.4,3.01,1.0,1,0,1
S103908,19,Female,Medium,Bachelor,37.1,1,1,2.91,57.5,0,5,86.9,10.3,2.74,10.0,0,0,0
S103909,28,Male,Low,Secondary,13.8,0,0,2.92,51.3,0,8,93.2,11.8,1.96,12.0,1,1,1
S103910,20,Male,Low,Secondary,24.3,0,0,2.61,60.9,0,8,77.6,18.1,2.44,12.0,0,1,1
S103911,29,Female,Low,Bachelor,7.4,1,1,3.19,59.9,1,1,77.8,17.8,3.29,6.0,0,0,1
S103912,19,Female,High,Bachelor,3.6,0,0,3.7,92.4,2,1,71.4,8.9,1.88,9.0,0,0,0
S103913,24,Female,Medium,Postgraduate,41.0,0,0,3.87,79.9,3,8,82.1,7.3,2.0,0.0,0,0,1
S103914,27,Female,High,Secondary,7.1,1,1,3.85,63.0,1,2,88.1,6.1,2.29,14.0,0,0,0
S103915,18,Male,Medium,Bachelor,64.6,0,0,2.52,58.7,1,2,93.6,13.2,2.3,13.0,0,0,1
S103916,17,Female,Medium,Secondary,7.8,0,0,2.99,74.2,1,2,66.5,15.4,3.36,12.0,0,0,1
S103917,28,Male,Medium,Bachelor,7.7,0,0,2.84,94.1,2,1,61.3,10.3,2.41,4.0,1,0,1
S103918,17,Female,High,Secondary,21.1,0,0,3.3,76.9,1,4,93.3,10.0,3.94,7.0,1,0,0
S103919,24,Female,High,None,17.7,0,1,2.96,39.2,0,3,72.1,20.6,2.07,7.0,0,0,1
S103920,29,Male,Medium,Postgraduate,0.9,1,1,2.89,77.9,1,1,65.2,13.4,3.06,15.0,1,0,0
S103921,24,Female,Low,Bachelor,8.5,0,0,3.73,80.6,1,3,52.2,0.0,2.77,12.0,0,0,0
S103922,23,Female,Medium,Bachelor,31.0,0,0,3.05,98.0,0,3,100.0,9.8,2.8,7.0,0,1,0
S103923,22,Female,Low,Secondary,2.6,0,0,3.06,61.3,0,6,84.1,11.0,1.08,10.0,1,1,1
S103924,25,Male,Low,Bachelor,15.1,0,0,3.21,67.1,1,2,88.2,8.7,2.03,4.0,1,1,1
S103925,24,Male,Medium,None,11.8,0,0,3.34,71.8,0,8,86.6,16.3,2.68,2.0,1,1,0
S103926,23,Male,High,Secondary,1.7,1,1,3.34,53.5,0,1,83.2,8.4,1.42,8.0,1,0,0
S103927,18,Male,Low,None,21.7,1,0,3.78,52.2,0,4,79.7,5.1,0.75,3.0,1,0,0
S103928,25,Female,Low,None,23.2,0,1,2.36,71.0,0,8,78.9,6.4,1.94,1.0,0,0,1
S103929,26,Male,High,None,5.4,0,0,3.16,41.9,0,3,65.3,13.4,3.04,8.0,0,1,0
S103930,26,Female,Low,Bachelor,14.6,1,0,2.95,45.2,1,7,53.5,3.2,3.13,7.0,0,0,0
S103931,17,Female,Low,Secondary,0.2,1,0,2.85,77.2,1,3,100.0,7.5,1.94,4.0,0,1,0
S103932,26,Male,Medium,Bachelor,17.4,1,0,3.38,72.5,0,1,80.6,14.2,2.66,6.0,0,0,0
S103933,26,Female,High,Postgraduate,16.8,0,1,3.65,83.7,0,8,73.4,3.2,3.1,10.0,1,0,0
S103934,19,Female,Medium,Secondary,1.4,0,1,2.7,71.9,1,7,68.0,4.8,3.73,7.0,0,0,0
S103935,28,Male,Medium,Bachelor,11.7,0,1,3.84,65.2,1,1,95.7,1.5,3.7,9.0,1,0,1
S103936,23,Female,Low,Secondary,4.0,0,0,2.28,84.3,1,5,82.2,5.5,3.44,7.0,0,0,0
S103937,23,Male,Low,Postgraduate,25.0,0,0,3.3,58.7,0,4,67.0,7.4,2.42,15.0,0,0,1
S103938,26,Female,Medium,Secondary,13.9,1,1,2.55,60.0,0,6,75.4,8.8,2.77,13.0,1,2,0
S103939,23,Female,High,Secondary,16.5,0,1,2.68,64.0,1,2,84.7,5.4,2.85,8.0,1,0,1
S103940,24,Female,Low,Secondary,1.0,0,0,3.03,71.8,1,3,74.2,8.1,2.65,5.0,1,0,0
S103941,21,Female,Low,Postgraduate,4.6,1,0,2.8,64.0,0,3,92.2,14.9,1.84,6.0,0,2,0
S103942,29,Female,Low,Secondary,29.5,1,0,1.57,42.7,1,7,100.0,11.7,3.81,3.0,0,0,0
S103943,29,Female,Low,Bachelor,6.5,0,0,3.31,61.0,0,3,73.7,20.7,3.1,5.0,0,0,1
S103944,18,Male,Low,Secondary,46.5,0,1,3.39,64.5,0,3,75.7,6.6,3.41,11.0,1,0,1
S103945,26,Male,Low,Bachelor,20.0,1,0,2.92,66.7,0,7,67.6,7.8,3.26,6.0,1,0,0
S103946,17,Female,Medium,Secondary,28.7,1,1,2.88,58.3,0,2,77.7,10.8,2.5,7.0,0,1,1
S103947,21,Female,Low,None,12.6,0,0,2.81,72.6,0,3,50.6,7.4,1.75,13.0,0,0,1
S103948,29,Female,Medium,None,11.6,0,1,2.14,40.8,0,4,96.5,9.9,3.33,10.0,1,0,1
S103949,19,Female,Medium,Secondary,0.3,0,0,2.09,71.2,1,8,60.0,0.4,3.28,8.0,0,0,0
S103950,21,Male,High,Bachelor,0.6,1,1,3.4,91.9,1,3,67.9,8.1,3.0,8.0,0,1,0
S103951,19,Male,High,Bachelor,45.9,0,1,3.53,55.9,1,6,81.3,14.4,4.31,7.0,1,0,0
S103952,26,Female,Medium,Secondary,6.8,0,0,3.3,65.9,0,3,100.0,19.5,2.4,12.0,1,1,0
S103953,23,Male,Low,Secondary,11.1,1,0,3.19,61.3,0,3,67.2,17.2,2.58,9.0,0,0,1
S103954,24,Female,Medium,None,17.6,1,0,3.39,61.5,0,8,77.2,10.6,2.94,7.0,1,1,0
S103955,29,Female,Low,Bachelor,0.7,0,0,3.36,49.6,1,1,84.4,12.4,2.45,3.0,1,0,1
S103956,23,Female,Low,Bachelor,20.1,1,1,2.61,94.9,0,2,69.9,11.7,2.64,10.0,0,1,1
S103957,26,Female,Low,Bachelor,3.7,0,1,3.11,70.8,0,2,78.2,7.2,3.52,9.0,0,2,0
S103958,18,Female,High,Bachelor,12.0,0,1,2.85,54.9,0,2,56.1,5.2,2.35,2.0,0,1,1
S103959,19,Female,Low,Secondary,12.1,0,0,2.86,53.2,1,5,72.1,11.2,2.39,7.0,1,0,1
S103960,29,Male,Medium,Secondary,1.7,0,1,3.57,65.9,0,2,98.5,9.4,3.2,9.0,0,0,0
S103961,28,Female,Medium,Bachelor,5.7,1,1,3.79,32.5,0,7,92.2,14.2,1.88,7.0,1,1,0
S103962,25,Female,Medium,None,13.2,0,0,1.83,80.8,0,6,73.3,0.0,2.74,15.0,0,0,0
S103963,21,Male,Low,None,15.8,1,1,2.87,57.3,1,4,64.8,9.1,2.71,14.0,0,0,1
S103964,19,Female,High,Secondary,11.8,0,0,2.85,70.8,2,4,76.8,16.0,3.24,3.0,1,0,0
S103965,28,Female,Medium,Bachelor,7.1,1,0,3.58,71.5,0,4,58.0,12.9,3.36,7.0,0,0,0
S103966,27,Male,Medium,Bachelor,48.8,1,1,2.27,79.5,1,4,77.0,5.1,2.69,12.0,0,0,0
S103967,20,Female,Medium,Postgraduate,0.8,1,0,1.51,72.4,0,8,73.8,3.5,2.74,8.0,1,1,0
S103968,24,Female,High,Secondary,7.6,1,0,3.41,76.1,0,3,73.3,9.8,2.78,11.0,0,0,0
S103969,25,Female,Medium,Secondary,6.8,0,0,3.48,80.3,0,4,77.9,13.9,2.58,5.0,0,1,0
S103970,23,Female,Medium,Secondary,3.3,0,1,2.11,60.0,0,3,88.1,12.6,3.7,2.0,1,1,0
S103971,29,Female,Low,Bachelor,20.6,0,0,2.94,97.3,1,2,64.4,10.6,3.15,11.0,1,0,1
S103972,18,Female,Low,Secondary,22.6,0,0,3.77,70.3,0,5,94.4,13.2,3.69,7.0,0,0,0
S103973,20,Female,Low,Postgraduate,29.1,0,0,2.46,64.6,0,2,96.9,11.3,2.19,18.0,0,0,0
S103974,18,Male,Low,Secondary,9.9,0,0,3.05,52.4,1,6,100.0,13.0,3.68,12.0,0,0,0
S103975,26,Male,Low,Bachelor,1.9,0,0,3.25,61.9,0,7,84.4,14.7,2.88,4.0,0,0,1
S103976,25,Female,Low,Bachelor,42.0,1,1,2.29,71.0,0,6,100.0,7.8,3.28,11.0,0,0,0
S103977,29,Female,High,Secondary,15.0,0,1,2.72,66.4,1,4,94.6,5.6,1.46,8.0,0,1,1
S103978,24,Male,Medium,Bachelor,8.1,0,1,2.15,92.4,1,6,82.9,13.6,3.94,10.0,1,0,1
S103979,18,Male,High,Secondary,26.9,0,1,2.92,59.2,0,7,61.7,7.4,3.11,5.0,0,0,0
S103980,22,Female,Medium,Bachelor,0.9,0,0,2.6,75.2,0,4,93.4,0.3,4.1,9.0,1,0,0
S103981,18,Female,Medium,Bachelor,45.5,1,0,3.1,48.1,0,5,83.6,17.1,3.58,12.0,0,0,0
S103982,25,Female,Low,Bachelor,9.3,0,0,3.32,97.7,1,3,100.0,11.3,1.37,11.0,0,0,0
S103983,25,Female,Medium,Secondary,2.6,1,0,3.69,47.1,1,2,91.1,11.0,3.87,12.0,0,0,0
S103984,28,Female,Low,Postgraduate,22.9,0,1,4.0,96.1,0,1,95.8,9.1,2.93,20.0,0,1,1
S103985,21,Female,Medium,Postgraduate,36.2,0,0,3.1,63.0,0,2,71.3,14.2,3.25,6.0,0,1,1
S103986,21,Male,High,Bachelor,2.7,1,1,2.84,31.5,1,3,83.7,3.6,3.18,15.0,1,0,0
S103987,17,Female,High,Postgraduate,18.4,0,0,2.81,85.3,0,2,51.1,10.0,2.73,9.0,0,0,0
S103988,22,Male,Low,Secondary,50.1,1,0,2.52,66.2,1,7,88.3,11.4,2.52,6.0,1,0,0
S103989,23,Female,Medium,Secondary,45.9,1,1,3.22,58.2,1,1,98.3,12.8,3.29,8.0,0,0,1
S103990,26,Male,Low,Secondary,4.1,0,0,2.75,74.6,0,3,100.0,1.5,2.22,12.0,0,3,1
S103991,26,Female,Low,None,5.6,1,0,3.26,75.0,0,5,74.7,13.0,2.82,7.0,0,0,0
S103992,18,Female,Low,Secondary,2.4,0,0,2.53,71.2,2,2,52.8,7.9,3.78,0.0,1,1,0
S103993,20,Male,Low,Bachelor,4.4,0,0,2.77,82.0,0,7,71.9,6.7,1.95,11.0,1,0,1
S103994,23,Female,Medium,None,7.9,0,0,3.22,68.8,0,6,78.8,2.2,2.66,9.0,0,0,0
S103995,21,Male,Medium,Secondary,2.5,0,1,2.94,74.7,0,6,86.1,21.2,3.62,6.0,1,0,1
S103996,17,Female,Low,Bachelor,0.7,1,1,2.04,57.2,0,7,49.6,9.4,2.23,3.0,1,0,0
S103997,27,Female,High,Bachelor,5.8,0,1,2.99,76.5,0,8,78.4,11.2,1.46,10.0,1,0,0
S103998,26,Male,Medium,Postgraduate,30.9,1,1,2.6,57.2,0,5,64.4,4.7,1.41,13.0,0,0,0
S103999,23,Female,Medium,Secondary,4.1,0,0,3.59,48.1,0,8,100.0,2.4,2.47,4.0,1,0,1
S104000,21,Female,Medium,Bachelor,16.6,0,1,3.49,61.9,1,8,45.0,14.1,3.98,9.0,1,0,0
S104001,27,Male,Medium,Secondary,11.9,0,0,1.86,60.9,1,8,95.2,3.3,2.27,17.0,1,0,0
S104002,17,Female,Medium,None,23.3,1,0,3.4,78.9,0,7,77.6,16.5,2.6,12.0,1,0,1
S104003,22,Female,Medium,Bachelor,2.7,1,1,3.19,43.2,1,7,49.3,19.0,2.84,8.0,0,0,1
S104004,27,Female,High,Secondary,0.4,1,0,2.26,81.4,1,8,100.0,6.1,3.57,8.0,0,0,1
S104005,29,Male,Low,Bachelor,25.3,0,0,3.44,55.7,0,4,100.0,7.7,3.4,6.0,0,0,0
S104006,20,Female,Medium,Secondary,20.0,0,1,2.36,28.0,0,2,98.7,0.0,2.69,8.0,0,0,1
S104007,25,Male,Low,Secondary,7.2,0,0,3.57,46.9,0,3,81.4,1.3,3.22,6.0,0,1,0
S104008,19,Female,High,Secondary,28.1,1,0,2.68,60.4,0,3,69.9,13.2,3.54,7.0,1,0,0
S104009,18,Female,Low,None,3.2,0,0,2.24,71.7,1,1,81.0,16.3,1.65,8.0,1,0,1
S104010,21,Female,Low,Secondary,2.6,0,1,4.0,63.0,1,5,88.2,6.1,2.54,2.0,1,0,0
S104011,28,Male,High,Secondary,5.5,1,0,2.23,46.9,0,8,71.9,6.8,1.96,7.0,0,0,1
S104012,25,Male,Medium,Secondary,6.0,0,0,2.6,53.3,0,8,67.1,2.1,2.29,19.0,1,1,0
S104013,23,Female,Low,Bachelor,5.5,0,0,2.7,47.1,0,3,87.4,4.3,3.26,3.0,1,0,0
S104014,20,Male,Low,None,13.1,1,0,2.77,68.9,2,4,82.9,16.6,1.96,14.0,1,1,1
S104015,18,Female,Medium,Bachelor,13.7,0,0,3.35,63.6,1,2,93.9,11.6,4.42,12.0,1,0,0
S104016,20,Female,High,Bachelor,1.6,0,0,3.03,74.2,1,4,100.0,1.0,3.26,11.0,0,0,0
S104017,18,Female,Medium,Secondary,4.8,1,0,3.5,38.4,0,1,92.8,12.8,2.39,6.0,0,0,0
S104018,19,Male,Low,Secondary,23.4,1,0,3.19,57.0,0,1,62.7,21.9,2.71,12.0,1,0,1
S104019,25,Male,Medium,Bachelor,4.6,0,0,2.16,95.4,0,2,79.8,8.0,1.9,16.0,1,0,0
S104020,18,Female,Medium,Bachelor,41.8,1,0,3.27,74.6,0,6,85.8,6.7,1.77,13.0,1,0,0
S104021,17,Female,Low,Secondary,5.3,0,1,3.12,60.6,0,7,92.1,12.9,2.53,9.0,0,0,1
S104022,24,Male,High,Bachelor,11.2,1,0,2.69,50.2,0,7,92.9,15.0,3.72,8.0,1,0,0
S104023,20,Male,Low,None,0.8,0,0,4.0,81.6,0,8,79.1,14.1,1.82,6.0,0,0,0
S104024,22,Male,High,Secondary,59.4,0,0,3.3,88.0,0,1,72.6,8.4,3.66,9.0,0,0,1
S104025,18,Female,Medium,Secondary,29.5,1,1,3.47,47.8,2,3,95.1,7.9,2.67,11.0,0,1,1
S104026,19,Male,Low,Secondary,2.4,0,0,3.49,49.2,0,5,85.7,1.4,2.97,9.0,1,1,0
S104027,22,Male,Medium,None,2.3,1,1,2.79,69.2,1,7,84.2,3.9,2.85,8.0,1,1,0
S104028,25,Female,Medium,None,29.2,1,1,3.32,70.6,1,1,69.4,11.8,3.34,8.0,0,0,0
S104029,22,Male,Medium,None,36.3,1,0,3.16,72.2,0,5,100.0,7.3,3.57,16.0,0,0,0
S104030,24,Male,Medium,Bachelor,12.8,0,0,2.72,92.7,1,2,83.7,11.2,2.65,9.0,0,1,0
S104031,23,Female,Low,Secondary,38.0,0,1,2.39,50.4,0,3,78.7,8.8,3.16,9.0,1,0,0
S104032,20,Female,Low,Bachelor,4.6,0,0,3.01,65.6,0,6,83.7,10.3,3.71,0.0,0,1,1
S104033,20,Male,Medium,Bachelor,6.0,0,0,3.29,75.8,0,3,78.0,10.1,3.37,12.0,0,0,0
S104034,22,Female,Low,Secondary,3.7,0,0,3.01,75.7,0,6,60.7,13.7,2.51,11.0,0,1,1
S104035,17,Male,Low,Secondary,11.9,0,0,2.91,55.3,0,4,84.5,14.2,2.66,11.0,0,0,0
S104036,25,Male,Medium,Secondary,7.5,0,1,3.01,55.9,0,8,58.2,9.9,2.11,11.0,0,0,0
S104037,24,Female,Low,Bachelor,7.7,1,0,2.86,58.1,2,2,81.5,9.0,4.07,5.0,0,0,0
S104038,20,Female,Medium,Secondary,41.2,0,0,3.77,90.6,0,2,56.1,9.8,3.01,7.0,0,1,1
S104039,21,Female,High,None,9.2,0,1,3.14,50.3,0,6,47.7,6.1,1.82,15.0,0,0,0
S104040,21,Female,High,Postgraduate,10.2,1,1,2.76,60.1,1,8,89.2,15.4,2.21,3.0,1,0,0
S104041,25,Male,Low,Secondary,8.5,0,0,2.1,76.6,0,1,63.4,7.2,2.69,3.0,0,0,0
S104042,26,Female,Medium,Secondary,4.5,1,1,2.9,48.7,0,5,86.5,9.2,3.74,3.0,1,0,0
S104043,18,Female,High,Bachelor,27.1,1,0,2.71,68.9,0,8,82.5,10.9,2.67,8.0,0,1,0
S104044,22,Male,Medium,Postgraduate,7.6,1,1,2.69,36.5,0,7,82.2,11.6,3.22,15.0,1,0,1
S104045,17,Female,Medium,Secondary,1.8,0,0,3.47,67.9,1,7,70.6,11.3,2.3,10.0,0,0,0
S104046,22,Male,Medium,Secondary,16.6,1,0,3.04,65.8,0,5,78.0,9.3,3.25,13.0,1,0,0
S104047,20,Female,Low,Secondary,48.3,1,1,2.16,67.5,0,3,70.2,18.2,3.71,0.0,1,0,1
S104048,21,Female,Low,Secondary,18.6,0,1,3.31,52.0,0,6,94.2,10.4,3.35,5.0,0,0,0
S104049,22,Male,Medium,Secondary,9.4,0,0,2.21,68.4,0,4,72.8,8.7,1.08,6.0,1,0,0
S104050,21,Female,Low,Secondary,7.9,1,1,3.35,64.4,0,3,76.3,19.0,2.69,15.0,0,0,1
S104051,22,Male,High,Bachelor,14.6,0,0,2.76,84.5,0,4,91.2,6.1,2.06,9.0,0,0,0
S104052,26,Female,Medium,Bachelor,19.8,0,1,3.04,74.6,0,2,70.7,19.0,3.27,8.0,0,0,0
S104053,27,Male,Low,Postgraduate,28.9,0,1,2.99,43.3,0,8,53.1,0.0,2.85,9.0,0,0,0
S104054,17,Male,Medium,Bachelor,7.4,0,1,2.93,52.5,0,2,64.1,8.0,4.0,7.0,1,0,0
S104055,21,Male,Medium,None,2.4,0,0,3.1,55.8,0,4,95.8,1.7,2.57,16.0,0,1,0
S104056,28,Female,Low,Secondary,13.6,1,1,3.04,67.7,0,4,81.2,3.2,2.85,16.0,0,0,0
S104057,23,Male,High,Secondary,11.3,0,1,3.93,62.5,1,8,84.4,12.3,2.71,13.0,0,0,1
S104058,19,Female,Medium,Secondary,7.0,0,0,3.11,62.4,0,4,84.4,11.4,3.3,12.0,1,0,0
S104059,24,Male,Medium,None,2.2,1,1,3.12,100.0,0,7,100.0,7.0,2.12,6.0,1,1,0
S104060,18,Female,High,Bachelor,15.4,1,0,2.65,57.3,0,5,48.9,18.2,2.1,10.0,0,0,0
S104061,17,Male,Medium,Secondary,3.0,0,0,3.19,85.9,2,7,78.1,15.7,2.41,0.0,0,0,1
S104062,25,Male,Medium,None,0.3,0,1,2.49,62.8,2,4,80.5,9.7,3.21,7.0,0,0,0
S104063,23,Female,Low,Secondary,9.3,0,0,3.58,32.3,0,6,79.7,1.0,3.53,2.0,1,0,1
S104064,26,Female,Low,Postgraduate,13.6,1,1,2.26,67.9,1,8,92.0,14.8,2.73,10.0,1,0,1
S104065,21,Female,Medium,Bachelor,43.4,0,0,2.58,81.8,1,6,92.4,7.6,3.21,8.0,0,0,0
S104066,28,Female,Medium,Secondary,2.4,1,0,2.19,74.5,0,4,76.8,11.5,3.16,11.0,1,0,0
S104067,22,Female,Medium,Secondary,19.8,1,1,3.21,68.8,0,4,54.7,14.0,2.76,11.0,0,0,0
S104068,26,Female,Medium,Postgraduate,4.9,0,1,2.79,65.4,1,5,100.0,8.0,2.74,13.0,0,0,0
S104069,18,Female,Medium,None,42.0,0,1,3.34,57.6,1,1,79.9,16.4,3.33,5.0,0,0,0
S104070,18,Female,High,Bachelor,26.4,1,0,2.51,78.4,0,2,81.3,8.1,4.14,1.0,1,0,1
S104071,27,Female,High,Bachelor,0.8,1,0,3.27,58.5,1,5,98.9,12.7,3.49,16.0,0,0,0
S104072,27,Female,Low,Bachelor,3.3,0,1,3.29,55.4,0,3,74.1,13.8,3.64,6.0,0,1,0
S104073,29,Female,High,Secondary,0.7,0,1,3.11,71.2,1,7,99.4,14.6,4.23,8.0,1,1,0
S104074,21,Female,High,Postgraduate,9.0,0,1,3.02,60.5,0,3,75.4,18.7,2.31,13.0,0,0,0
S104075,17,Female,Low,Secondary,9.5,0,1,3.07,84.2,0,1,100.0,5.9,3.29,7.0,1,0,1
S104076,29,Female,Low,None,14.6,0,0,2.54,72.0,0,4,86.8,4.3,3.82,4.0,1,1,1
S104077,24,Female,Low,None,0.0,0,0,2.46,53.3,1,4,69.9,8.4,3.46,17.0,0,0,1
S104078,20,Female,Medium,Secondary,35.4,1,0,3.27,47.8,0,3,100.0,25.2,2.38,6.0,0,1,1
S104079,26,Female,Medium,None,17.4,0,0,2.82,56.4,1,3,89.0,16.8,2.24,16.0,0,0,1
S104080,28,Female,Medium,Bachelor,19.3,0,0,3.23,100.0,0,5,70.9,7.2,3.94,10.0,1,2,0
S104081,20,Female,Medium,Bachelor,8.3,0,1,3.78,61.4,0,4,58.9,8.3,3.09,12.0,0,0,0
S104082,27,Female,Low,None,23.6,0,0,2.77,76.4,0,6,90.5,9.9,3.01,12.0,0,0,1
S104083,27,Male,Medium,Bachelor,12.4,0,0,2.7,45.4,0,2,100.0,11.4,2.81,7.0,1,0,0
S104084,23,Female,High,Postgraduate,23.8,0,1,2.84,48.8,0,7,85.8,13.2,3.86,11.0,1,0,0
S104085,25,Male,High,None,36.2,0,0,3.02,62.2,0,6,85.0,13.4,3.48,16.0,0,0,0
S104086,20,Male,Medium,Bachelor,28.4,0,1,3.31,90.5,1,2,100.0,16.0,2.67,14.0,0,0,0
S104087,29,Female,Low,Postgraduate,8.0,0,1,2.99,45.6,0,6,89.0,20.0,3.44,13.0,0,0,0
S104088,29,Female,Low,Bachelor,0.2,0,1,4.0,55.6,0,4,70.1,9.3,2.92,11.0,0,1,0
S104089,29,Female,Low,Secondary,1.6,0,1,3.21,78.5,1,4,70.8,8.9,3.41,8.0,0,0,1
S104090,26,Male,Medium,Bachelor,12.7,0,1,3.39,88.9,1,5,88.3,8.2,3.75,5.0,0,0,0
S104091,17,Female,Low,Bachelor,55.1,0,0,2.98,71.6,0,3,87.5,8.6,3.67,15.0,0,1,0
S104092,21,Female,High,Secondary,8.4,1,1,3.51,75.1,1,8,96.3,11.8,1.59,6.0,0,0,0
S104093,22,Female,Medium,Secondary,0.7,0,1,2.9,51.5,0,3,85.5,13.2,3.16,7.0,1,0,0
S104094,29,Female,Medium,Secondary,15.8,0,0,2.68,45.2,0,8,90.2,18.6,3.83,9.0,0,0,0
S104095,24,Male,Low,Secondary,7.4,0,1,3.45,47.8,1,2,85.2,6.5,2.3,3.0,0,1,0
S104096,23,Male,Medium,Secondary,20.4,0,0,2.97,51.9,0,2,94.5,11.8,4.19,7.0,0,0,0
S104097,18,Male,Medium,Secondary,1.0,0,1,3.12,68.4,0,8,91.2,5.8,3.23,5.0,1,1,1
S104098,27,Male,Medium,Bachelor,1.9,0,0,3.49,46.7,1,5,76.1,12.0,3.47,3.0,0,0,0
S104099,21,Male,Low,Bachelor,41.3,0,1,3.07,68.8,1,2,77.2,23.4,3.47,3.0,0,2,1
S104100,18,Male,High,Secondary,2.4,1,0,2.93,60.3,0,4,84.9,9.3,1.86,8.0,0,0,1
S104101,29,Male,Low,Secondary,3.2,0,0,2.73,56.6,1,4,81.7,22.3,3.5,13.0,0,0,0
S104102,19,Male,Low,None,6.5,0,0,3.53,78.3,0,7,99.7,5.8,3.15,8.0,0,0,0
S104103,17,Male,High,None,18.4,0,1,2.83,50.6,3,5,83.2,7.7,2.49,4.0,0,0,1
S104104,18,Female,Low,Bachelor,5.7,1,1,2.97,86.5,0,1,58.6,8.3,3.94,6.0,1,0,0
S104105,22,Male,Low,None,21.5,0,0,3.14,77.5,0,6,62.3,10.9,1.47,10.0,1,0,1
S104106,18,Female,Medium,Postgraduate,13.2,0,0,3.14,50.1,1,7,76.4,9.2,2.37,13.0,1,1,0
S104107,27,Male,Medium,Secondary,13.9,0,1,3.51,83.0,0,7,90.8,13.8,3.82,12.0,0,0,0
S104108,23,Male,Low,None,3.4,1,1,2.97,48.4,0,2,69.1,0.0,3.51,9.0,0,0,0
S104109,21,Male,Low,Bachelor,26.7,1,0,3.69,84.4,1,4,89.8,5.1,2.42,14.0,0,0,0
S104110,17,Female,Low,Secondary,1.9,0,1,2.88,70.0,0,1,68.5,19.5,2.3,6.0,0,0,1
S104111,23,Male,Medium,Secondary,0.0,0,1,3.19,41.3,1,5,82.4,3.0,2.69,4.0,0,0,1
S104112,18,Female,Low,None,7.9,1,0,2.91,45.6,2,3,86.2,8.2,3.07,7.0,0,1,1
S104113,29,Male,Medium,Bachelor,7.1,0,0,4.0,58.9,0,8,62.9,13.1,2.56,13.0,0,0,1
S104114,20,Female,High,Secondary,15.5,0,0,2.82,78.0,0,2,85.9,9.8,2.81,11.0,1,0,0
S104115,23,Male,Low,Bachelor,0.8,0,1,2.87,62.4,0,1,100.0,5.8,2.93,13.0,0,0,0
S104116,17,Female,Low,Bachelor,1.1,0,1,3.06,62.1,1,6,77.0,12.2,2.64,8.0,0,0,0
S104117,18,Female,Low,Bachelor,17.2,0,0,2.87,65.6,1,4,81.1,14.2,2.57,9.0,0,1,1
S104118,19,Male,Low,Bachelor,4.1,0,1,3.16,35.1,0,6,83.8,7.0,2.07,8.0,0,0,0
S104119,17,Male,Low,Bachelor,35.8,1,0,3.61,77.4,1,2,81.4,12.0,2.87,5.0,1,0,0
S104120,26,Female,Medium,Bachelor,10.7,0,1,3.07,85.1,0,7,80.4,14.3,2.86,9.0,0,0,1
S104121,29,Male,Low,Secondary,1.9,0,1,3.09,76.8,0,1,79.2,15.4,2.23,8.0,1,1,0
S104122,29,Male,Medium,Bachelor,14.8,0,1,2.89,58.6,0,4,56.5,11.9,3.09,7.0,1,0,0
S104123,20,Female,Medium,Bachelor,7.7,1,1,2.75,51.7,0,2,86.8,18.5,3.71,11.0,1,1,1
S104124,27,Male,High,None,38.9,0,0,3.05,48.8,0,6,63.9,10.2,2.93,9.0,1,1,0
S104125,23,Female,Low,Bachelor,6.2,0,0,3.0,48.0,0,2,85.6,5.1,3.19,14.0,0,0,1
S104126,17,Female,Low,Secondary,6.5,0,0,3.59,99.0,0,4,90.5,8.9,3.58,5.0,1,0,0
S104127,18,Female,High,Secondary,9.9,0,1,2.52,63.8,0,5,86.1,16.1,2.86,7.0,0,0,1
S104128,24,Male,Low,None,10.2,0,0,3.73,78.6,1,3,66.7,5.5,3.51,1.0,1,1,1
S104129,22,Female,Medium,None,1.4,0,0,2.93,77.7,1,7,84.7,0.0,1.28,5.0,1,0,1
S104130,17,Female,Medium,None,20.7,0,0,3.07,67.1,1,3,76.8,12.3,2.39,11.0,0,0,1
S104131,29,Male,Medium,Secondary,23.9,0,0,2.47,51.0,1,8,71.2,7.8,2.12,12.0,0,0,0
S104132,26,Female,Low,None,2.7,1,0,3.28,72.8,0,6,100.0,21.2,3.88,11.0,1,1,0
S104133,23,Female,Low,None,29.8,0,0,2.52,48.8,0,8,66.5,11.3,3.33,14.0,0,1,1
S104134,29,Female,Medium,Bachelor,3.8,0,0,3.19,74.0,2,1,87.4,16.2,2.04,11.0,1,1,1
S104135,29,Male,Medium,Secondary,32.0,1,0,3.14,49.4,0,8,100.0,7.5,2.2,9.0,1,0,0
S104136,29,Male,Medium,Postgraduate,7.2,1,0,2.84,58.5,0,8,85.7,13.0,1.93,11.0,0,0,0
S104137,20,Female,Medium,Bachelor,18.0,0,1,1.97,58.4,0,5,70.8,11.9,3.12,5.0,0,0,1
S104138,28,Female,High,None,25.0,0,1,4.0,86.0,0,8,71.7,16.9,3.02,2.0,1,0,0
S104139,23,Male,High,Secondary,1.8,0,1,2.47,28.5,0,4,59.0,11.0,2.59,7.0,1,0,1
S104140,26,Male,Medium,Secondary,0.9,0,1,3.14,100.0,1,4,81.4,7.4,2.27,7.0,1,1,0
S104141,28,Female,Low,Secondary,3.4,0,1,2.64,52.9,0,4,82.0,15.2,2.87,9.0,0,0,1
S104142,19,Male,Medium,Secondary,17.4,0,1,3.52,63.1,0,6,76.2,6.4,4.69,5.0,0,1,1
S104143,22,Male,Medium,Bachelor,12.0,0,0,2.81,71.2,2,8,100.0,5.9,2.62,6.0,0,0,0
S104144,18,Female,Medium,Bachelor,6.2,0,0,2.62,69.9,0,2,79.4,9.8,3.69,12.0,0,0,0
S104145,20,Male,Low,Secondary,1.8,0,0,3.3,77.7,0,5,56.7,8.4,2.68,4.0,0,0,1
S104146,22,Male,Medium,Bachelor,39.1,1,1,2.36,74.2,0,4,100.0,10.1,3.57,8.0,1,2,0
S104147,28,Male,Low,Secondary,30.9,0,0,2.79,95.6,0,6,62.8,6.7,3.31,6.0,1,0,1
S104148,28,Female,Low,Bachelor,3.1,0,0,3.35,76.0,0,4,88.2,15.6,2.86,2.0,1,0,0
S104149,22,Male,High,Postgraduate,23.0,0,1,3.75,63.2,0,1,90.2,15.5,3.33,7.0,0,1,0
S104150,21,Female,Medium,Secondary,1.3,0,0,2.52,56.7,1,7,79.4,14.2,3.72,5.0,0,0,0
S104151,23,Female,Medium,Bachelor,17.1,1,1,2.69,56.3,0,8,94.6,13.7,2.93,7.0,0,0,0
S104152,28,Female,Medium,Bachelor,13.9,1,1,3.18,84.4,0,8,81.8,0.8,2.76,9.0,0,1,1
S104153,29,Female,Medium,Secondary,103.1,0,0,2.0,91.3,0,5,75.2,10.6,3.35,0.0,0,0,0
S104154,19,Female,Low,None,13.6,0,0,3.68,80.1,0,3,49.4,14.3,4.03,13.0,1,0,0
S104155,19,Male,Medium,Bachelor,0.7,0,0,2.5,20.0,1,5,54.7,16.7,1.91,21.0,0,0,1
S104156,26,Female,Low,Secondary,25.3,1,1,2.78,31.3,0,7,100.0,9.0,2.0,5.0,0,1,1
S104157,20,Female,Medium,Secondary,9.1,0,1,3.13,64.9,0,7,91.7,16.5,3.88,6.0,1,0,0
S104158,19,Female,Low,Bachelor,8.8,0,1,3.03,62.5,1,5,99.5,11.5,2.51,5.0,0,0,1
S104159,17,Female,High,Secondary,2.5,0,0,2.52,65.3,0,1,100.0,0.0,3.76,4.0,0,0,0
S104160,22,Male,Medium,None,0.2,0,0,3.86,83.8,1,2,75.3,9.5,2.41,17.0,1,0,0
S104161,22,Female,Medium,Postgraduate,36.5,0,1,1.71,83.0,2,1,78.6,5.8,2.56,7.0,1,0,1
S104162,24,Male,Low,Secondary,1.9,1,1,2.44,67.6,1,5,56.0,6.9,3.61,11.0,0,0,1
S104163,19,Female,Medium,Secondary,2.7,0,0,2.68,42.1,1,8,76.4,15.3,3.4,13.0,1,0,1
S104164,26,Male,Medium,Bachelor,52.0,0,0,2.53,46.6,0,5,76.0,11.5,2.09,13.0,0,0,1
S104165,25,Female,Medium,None,34.5,0,0,3.61,66.0,0,2,74.9,7.4,3.3,13.0,1,0,1
S104166,23,Female,Medium,Bachelor,1.8,0,0,2.17,71.3,0,1,96.5,6.6,2.42,3.0,1,0,0
S104167,19,Female,High,Bachelor,37.3,1,1,3.78,46.7,1,1,91.5,12.2,3.19,12.0,0,1,0
S104168,23,Male,Medium,Secondary,20.7,1,1,2.86,74.9,0,3,94.5,9.1,2.93,7.0,1,0,0
S104169,25,Female,Medium,Secondary,4.5,1,0,2.32,38.7,3,8,62.4,13.5,2.77,15.0,0,1,0
S104170,21,Male,Medium,Postgraduate,4.4,1,0,1.95,25.1,1,1,81.2,5.9,2.45,5.0,1,0,0
S104171,20,Male,Medium,Postgraduate,29.7,0,0,2.89,51.9,0,4,85.9,8.1,1.72,4.0,0,3,0
S104172,23,Female,Medium,None,8.0,0,0,2.65,85.6,1,4,100.0,4.4,2.44,8.0,0,0,1
S104173,21,Female,Medium,Secondary,24.8,0,0,3.12,87.8,0,7,82.5,7.2,3.37,11.0,0,0,0
S104174,22,Female,Low,Secondary,27.4,0,0,2.77,41.1,1,5,78.3,20.9,3.21,1.0,1,0,1
S104175,21,Male,Low,Postgraduate,6.2,1,0,3.48,42.2,0,8,97.0,6.3,2.3,7.0,0,0,0
S104176,20,Female,Low,Bachelor,28.0,0,1,2.93,76.4,0,7,76.9,7.6,3.66,4.0,0,0,0
S104177,26,Female,High,Secondary,98.5,0,1,2.79,58.4,1,2,87.8,5.9,3.14,12.0,1,0,0
S104178,22,Male,Medium,Bachelor,1.3,0,1,3.49,85.5,0,5,87.3,9.1,3.32,6.0,1,0,1
S104179,23,Female,Medium,Secondary,2.4,0,0,3.11,76.2,2,1,72.9,9.6,2.17,13.0,1,0,0
S104180,25,Female,Medium,Secondary,20.1,0,0,3.39,78.7,0,6,70.4,16.1,4.16,5.0,1,0,0
S104181,21,Female,Medium,Bachelor,6.1,0,0,3.57,52.7,1,1,79.5,8.0,3.23,10.0,0,0,0
S104182,18,Female,High,Secondary,47.4,0,0,2.85,71.7,1,6,73.5,10.6,3.97,3.0,0,0,0
S104183,28,Female,High,Bachelor,24.8,0,0,3.02,95.2,2,3,57.5,0.6,2.46,8.0,0,0,0
S104184,17,Male,High,Secondary,6.2,1,0,3.42,67.1,0,6,90.8,5.7,1.62,4.0,0,1,1
S104185,24,Male,High,Bachelor,11.3,1,1,1.77,64.3,0,2,88.6,15.4,2.24,14.0,0,0,0
S104186,20,Female,Low,Postgraduate,10.6,0,1,2.95,58.5,0,3,68.9,5.7,3.63,13.0,0,0,1
S104187,19,Female,Low,Secondary,43.5,0,1,2.89,41.0,0,8,67.4,13.8,2.11,9.0,1,1,1
S104188,17,Female,Medium,Secondary,54.7,0,1,3.19,48.5,0,5,87.3,5.4,3.95,12.0,1,0,0
S104189,28,Female,Medium,Bachelor,2.4,0,1,2.6,51.6,0,8,100.0,9.1,2.4,6.0,0,0,1
S104190,22,Female,Low,Secondary,17.1,0,1,3.55,40.3,0,7,95.3,18.6,3.17,11.0,1,0,0
S104191,21,Male,Medium,Bachelor,4.8,1,1,2.63,41.8,0,4,98.0,13.7,3.07,8.0,1,0,0
S104192,26,Female,Low,Bachelor,8.8,1,0,2.77,28.3,1,3,75.4,0.2,2.69,10.0,1,0,0
S104193,17,Female,Low,None,5.3,0,1,2.67,53.3,0,3,86.2,26.1,2.69,9.0,0,0,0
S104194,24,Female,Low,Bachelor,18.0,1,1,3.61,75.1,0,4,78.0,4.8,2.21,8.0,1,0,0
S104195,23,Male,High,Secondary,1.8,0,0,1.96,60.3,0,4,69.1,19.3,4.27,1.0,0,0,1
S104196,24,Male,Medium,Secondary,11.8,1,0,3.89,60.3,0,2,82.9,7.8,3.26,6.0,1,0,0
S104197,18,Male,Medium,Secondary,26.9,0,1,3.74,76.5,0,7,67.0,3.9,1.76,16.0,0,0,1
S104198,29,Female,High,Bachelor,6.8,1,1,2.72,90.3,0,2,68.8,7.7,1.95,8.0,1,0,0
S104199,20,Female,High,Postgraduate,23.5,0,0,3.51,99.1,0,2,73.3,6.7,3.27,5.0,0,0,1
S104200,25,Male,Medium,Secondary,12.0,0,0,3.07,67.2,0,2,74.9,7.3,2.89,9.0,0,0,0
S104201,26,Female,Medium,None,33.8,0,0,3.83,60.8,0,2,79.6,10.3,1.63,2.0,1,0,0
S104202,21,Female,Low,None,4.8,0,0,3.48,58.8,1,6,49.0,12.4,4.68,6.0,1,0,0
S104203,18,Male,Medium,Bachelor,13.9,1,0,4.0,73.9,0,3,66.0,17.1,0.95,9.0,0,0,0
S104204,20,Female,Low,Secondary,3.1,0,0,2.22,62.7,0,1,100.0,11.1,2.58,10.0,0,0,0
S104205,27,Female,Medium,Secondary,51.8,1,0,3.1,62.7,1,5,79.9,10.4,2.91,10.0,1,0,0
S104206,28,Male,Medium,Secondary,3.0,0,0,2.14,63.7,0,4,88.4,6.4,2.42,14.0,1,0,0
S104207,29,Female,Low,Secondary,1.8,1,1,2.74,50.9,1,6,86.2,8.6,3.5,6.0,0,0,0
S104208,19,Female,Medium,Bachelor,3.0,1,0,4.0,30.0,0,2,78.4,7.5,3.26,2.0,0,0,1
S104209,24,Male,Medium,Secondary,11.5,0,0,3.23,55.0,2,8,66.8,3.1,3.0,7.0,0,0,1
S104210,18,Male,Medium,Secondary,27.1,0,0,3.49,86.9,1,2,71.8,22.8,2.85,6.0,0,0,0
S104211,26,Female,Low,Secondary,25.5,0,1,3.26,86.2,0,1,100.0,11.2,3.28,9.0,0,0,0
S104212,22,Male,Low,Secondary,22.4,0,0,3.23,79.1,0,3,72.0,11.3,2.75,7.0,0,0,1
S104213,26,Female,Medium,Secondary,23.1,0,1,2.74,57.6,0,3,100.0,16.1,1.84,9.0,0,0,0
S104214,25,Female,High,None,12.5,1,0,2.65,53.1,1,8,73.8,0.0,3.58,9.0,1,0,0
S104215,29,Female,High,Secondary,2.8,1,0,2.73,89.4,0,3,75.2,21.2,4.13,12.0,1,0,0
S104216,23,Female,Low,Secondary,43.8,0,1,1.63,48.8,1,5,81.1,5.7,2.96,8.0,1,1,1
S104217,21,Female,Medium,Secondary,37.5,1,0,2.96,65.6,0,1,77.4,5.6,2.97,9.0,1,1,0
S104218,23,Female,Medium,Bachelor,4.1,1,0,3.12,90.3,1,5,65.9,7.3,2.88,15.0,0,0,0
S104219,19,Female,High,Secondary,18.6,0,0,2.69,66.9,1,7,79.8,14.9,1.98,2.0,0,0,0
S104220,18,Male,Low,Secondary,7.9,1,0,2.93,60.6,0,6,57.9,20.7,2.52,9.0,0,0,1
S104221,23,Male,Medium,Bachelor,15.1,1,1,3.26,82.4,0,4,85.5,18.2,3.46,8.0,1,2,0
S104222,27,Female,Medium,Secondary,24.2,0,1,3.44,66.1,0,5,83.4,7.6,3.08,8.0,0,0,0
S104223,23,Male,Low,Secondary,1.5,1,1,2.4,67.9,0,5,90.9,1.0,4.1,11.0,1,0,0
S104224,27,Female,Low,Bachelor,63.2,0,0,2.6,87.7,1,4,72.5,7.9,3.43,5.0,1,0,1
S104225,19,Male,Low,Secondary,13.5,0,0,3.38,26.8,0,4,91.1,6.8,2.62,6.0,1,0,0
S104226,22,Male,Medium,Postgraduate,1.7,0,1,3.29,70.4,0,8,86.5,1.8,3.38,11.0,1,0,1
S104227,24,Male,Medium,Secondary,19.0,0,0,3.67,53.5,1,3,81.9,12.9,2.77,8.0,1,0,1
S104228,21,Female,Medium,Bachelor,27.2,1,1,3.65,61.9,0,8,100.0,10.0,1.75,4.0,1,1,1
S104229,17,Female,Low,Bachelor,63.9,0,1,4.0,66.7,2,2,87.1,12.5,3.64,11.0,0,0,0
S104230,17,Female,High,None,3.4,0,0,2.85,54.9,0,4,73.0,13.7,3.26,11.0,1,0,0
S104231,29,Female,Medium,Secondary,2.5,0,1,3.79,68.4,0,8,100.0,13.4,4.96,9.0,1,0,0
S104232,24,Female,High,Bachelor,18.9,1,0,2.54,70.8,0,2,87.7,9.7,2.53,10.0,1,0,1
S104233,20,Female,Low,Secondary,8.2,0,1,4.0,68.1,1,1,100.0,18.2,3.42,11.0,1,2,0
S104234,20,Male,High,Secondary,5.6,0,0,3.23,66.7,0,6,52.2,7.5,2.39,8.0,1,0,0
S104235,17,Female,High,Postgraduate,14.3,0,1,3.27,63.2,0,5,75.5,6.8,2.3,10.0,1,2,0
S104236,29,Male,High,Bachelor,5.6,0,0,3.49,63.5,0,4,75.5,8.8,4.54,4.0,0,0,1
S104237,18,Female,High,Postgraduate,11.6,1,0,2.32,66.2,0,8,51.7,12.7,1.46,7.0,0,0,1
S104238,26,Female,Medium,Bachelor,7.3,1,1,2.46,50.9,0,4,82.5,13.4,2.88,12.0,0,0,0
S104239,20,Male,Medium,Bachelor,0.9,0,0,3.06,84.1,1,3,74.4,8.3,4.12,17.0,0,0,1
S104240,21,Female,Medium,Bachelor,10.5,1,0,3.17,63.6,0,4,50.0,8.4,1.82,9.0,0,0,0
S104241,20,Male,Medium,Bachelor,40.3,1,0,4.0,58.9,0,4,68.5,16.5,2.54,5.0,0,0,0
S104242,27,Male,High,Bachelor,3.6,0,1,2.53,70.9,1,6,100.0,3.5,3.54,7.0,0,1,0
S104243,17,Male,Low,Bachelor,13.3,0,0,3.77,63.3,0,6,93.6,23.7,2.06,2.0,0,0,0
S104244,21,Male,Medium,None,4.7,0,1,2.87,83.6,0,4,69.3,8.5,3.13,11.0,1,0,0
S104245,20,Male,High,Bachelor,3.9,0,1,2.86,78.4,1,3,68.9,9.0,2.35,8.0,1,0,0
S104246,20,Female,Low,None,11.3,0,1,2.92,66.4,0,5,92.9,11.8,3.84,4.0,1,0,0
S104247,19,Female,Low,Postgraduate,2.3,0,1,2.85,79.1,0,2,50.5,12.7,3.81,8.0,0,0,0
S104248,28,Female,Low,Bachelor,4.7,1,1,3.24,68.5,2,2,88.9,6.7,2.56,11.0,1,0,0
S104249,21,Female,Medium,Bachelor,34.0,0,0,2.8,47.7,0,1,52.5,11.7,0.89,8.0,0,1,1
S104250,22,Male,High,Secondary,2.9,0,1,2.29,78.3,0,3,100.0,5.3,3.26,6.0,1,0,0
S104251,22,Male,Low,Secondary,2.6,0,0,2.87,36.5,0,1,89.9,7.0,3.62,12.0,1,0,0
S104252,29,Female,Medium,Secondary,50.4,0,0,3.23,20.0,0,6,52.3,2.0,3.27,10.0,1,0,0
S104253,21,Female,Medium,Bachelor,73.7,1,0,2.3,75.5,0,3,74.3,10.7,3.18,5.0,1,0,0
S104254,21,Female,Medium,Bachelor,14.8,1,0,3.29,71.7,1,1,84.8,9.1,3.08,8.0,0,0,0
S104255,21,Male,Medium,Secondary,1.3,0,0,3.59,70.7,0,6,50.2,0.0,2.66,0.0,1,0,0
S104256,21,Female,High,Secondary,7.0,0,0,3.74,85.8,0,8,79.3,6.6,2.36,9.0,0,0,0
S104257,18,Female,Low,Secondary,13.2,0,1,3.17,64.6,0,1,87.2,9.9,2.92,19.0,0,0,0
S104258,24,Female,Low,Secondary,17.9,0,1,2.1,59.3,2,2,49.0,14.3,2.73,13.0,0,0,0
S104259,17,Male,Medium,Bachelor,12.3,1,0,3.32,76.9,1,7,91.2,3.6,3.37,8.0,0,1,0
S104260,19,Male,Medium,Bachelor,6.5,0,0,3.48,54.3,0,7,78.1,8.5,2.29,9.0,0,0,1
S104261,19,Female,Medium,Bachelor,10.7,1,0,2.65,61.4,0,4,93.8,4.5,2.58,10.0,1,0,0
S104262,20,Female,Low,Secondary,19.0,0,0,2.96,68.8,1,4,76.5,13.6,2.94,11.0,0,0,0
S104263,26,Female,Low,None,1.3,0,1,3.24,70.0,0,5,64.1,6.7,2.35,8.0,1,1,1
S104264,24,Male,High,Postgraduate,8.2,0,0,3.89,60.0,1,5,62.7,12.6,1.9,0.0,0,1,0
S104265,29,Female,Low,Postgraduate,11.6,1,0,2.87,57.6,2,3,75.3,8.2,3.32,7.0,0,0,0
S104266,21,Female,Medium,None,0.3,0,0,3.45,48.2,1,7,77.2,1.5,1.96,6.0,0,0,0
S104267,29,Female,Medium,Bachelor,1.4,1,0,3.16,53.2,1,6,96.0,9.7,3.0,8.0,1,0,0
S104268,17,Female,Low,Secondary,0.4,1,0,3.1,92.3,0,4,75.8,4.1,3.25,5.0,1,0,0
S104269,23,Male,Low,None,33.1,0,1,3.67,61.0,0,7,56.6,15.6,3.87,11.0,1,2,1
S104270,27,Male,Medium,Postgraduate,7.6,0,1,2.58,67.8,1,2,73.1,19.1,4.49,16.0,1,0,0
S104271,23,Female,Medium,Postgraduate,2.7,0,0,3.12,42.6,0,1,57.1,13.2,3.79,12.0,1,0,0
S104272,29,Female,Low,Postgraduate,11.0,0,1,3.01,100.0,1,3,85.2,6.8,2.38,8.0,1,0,0
S104273,21,Female,Medium,None,11.2,0,1,2.25,52.1,1,8,88.7,10.1,2.66,14.0,1,0,1
S104274,17,Female,Low,Secondary,3.4,0,0,3.62,47.4,3,6,91.3,11.5,3.08,12.0,0,1,1
S104275,27,Male,Low,Bachelor,8.7,0,1,3.41,64.1,1,5,75.5,15.4,2.83,11.0,1,1,0
S104276,17,Male,Low,Bachelor,23.1,0,1,3.02,51.6,0,5,69.5,9.1,2.98,6.0,1,0,0
S104277,26,Female,Low,Secondary,12.8,0,1,2.87,70.5,0,6,72.3,12.0,3.74,8.0,0,1,0
S104278,26,Male,Medium,Secondary,25.2,0,0,3.0,42.3,2,8,78.6,1.6,2.96,11.0,0,1,0
S104279,27,Female,High,None,12.0,1,1,3.35,82.1,1,5,72.4,11.2,3.51,17.0,0,0,0
S104280,23,Male,Low,Bachelor,4.2,1,1,3.03,79.1,0,3,100.0,5.7,2.08,14.0,1,1,1
S104281,28,Male,Medium,Bachelor,15.2,1,1,2.67,63.2,0,1,74.5,10.2,3.2,11.0,0,0,0
S104282,19,Female,Medium,None,27.5,0,0,2.74,40.2,0,1,78.5,4.8,1.7,9.0,0,0,0
S104283,22,Male,Medium,Secondary,2.4,0,0,2.99,52.8,0,4,68.7,12.1,3.65,11.0,1,0,0
S104284,18,Female,Medium,Secondary,6.4,0,1,2.53,65.9,0,6,69.1,13.2,2.73,10.0,0,0,1
S104285,26,Female,Low,Bachelor,15.2,1,1,3.17,46.8,0,2,60.9,8.8,1.9,14.0,1,1,0
S104286,26,Female,Medium,Secondary,16.2,0,1,2.6,49.3,1,2,64.6,5.7,2.67,4.0,1,0,1
S104287,27,Female,Low,None,14.6,0,0,2.52,80.7,1,5,100.0,12.9,3.2,8.0,0,0,0
S104288,26,Female,Medium,Bachelor,4.2,0,0,4.0,67.3,0,2,88.2,17.8,2.0,11.0,0,0,0
S104289,21,Female,Low,Secondary,75.1,0,1,3.97,66.8,1,8,74.9,19.6,2.25,14.0,1,0,1
S104290,17,Male,Medium,Bachelor,13.3,0,1,3.07,72.9,1,7,70.2,12.0,2.59,16.0,0,0,0
S104291,29,Male,Medium,Bachelor,45.9,0,0,3.43,62.5,0,4,98.5,11.4,3.45,2.0,1,1,1
S104292,23,Female,Medium,Secondary,12.2,0,1,3.51,64.1,0,7,67.5,3.4,1.45,5.0,0,2,1
S104293,18,Female,Low,Bachelor,0.6,1,0,2.96,71.8,1,2,54.5,16.6,3.18,8.0,1,0,1
S104294,29,Female,Medium,Bachelor,22.0,0,0,3.14,77.1,1,2,87.1,0.0,2.68,3.0,1,0,1
S104295,29,Female,Medium,Bachelor,6.6,0,0,2.87,72.5,0,5,66.1,16.0,3.61,15.0,0,0,0
S104296,22,Female,Medium,Bachelor,32.3,1,0,3.63,86.9,1,7,60.7,10.1,3.14,9.0,1,0,1
S104297,27,Male,Low,Secondary,7.4,1,1,3.63,65.4,0,3,63.6,0.0,3.81,13.0,0,1,1
S104298,17,Female,Low,Secondary,5.6,0,0,3.78,44.8,0,2,86.2,11.7,3.15,8.0,0,0,1
S104299,18,Male,Low,Secondary,1.8,0,1,3.13,81.3,1,8,78.4,9.2,2.01,10.0,0,0,1
S104300,20,Female,Medium,Secondary,6.5,0,0,4.0,61.3,1,4,65.2,7.8,3.16,3.0,1,0,0
S104301,25,Female,Medium,Secondary,10.1,0,1,2.96,53.5,0,4,87.0,8.7,3.21,4.0,0,0,0
S104302,18,Female,Medium,Secondary,3.6,1,0,4.0,75.7,0,3,67.6,9.9,2.37,4.0,1,0,0
S104303,17,Male,Medium,Bachelor,4.1,0,0,2.77,70.6,0,7,55.5,9.9,2.48,1.0,0,0,0
S104304,25,Female,Medium,None,26.4,1,1,2.35,45.8,0,2,60.4,2.6,1.17,12.0,0,0,1
S104305,27,Female,Medium,Postgraduate,24.7,0,1,4.0,75.1,0,4,80.3,12.0,3.37,8.0,0,0,0
S104306,26,Female,Medium,Bachelor,2.2,1,1,3.33,93.1,0,1,68.2,8.1,2.75,12.0,0,0,0
S104307,27,Female,Medium,None,1.3,0,0,3.26,69.9,1,2,81.6,17.9,2.45,8.0,0,0,1
S104308,27,Female,Low,Bachelor,0.3,1,0,2.82,61.2,1,8,96.7,14.3,2.14,13.0,0,0,0
S104309,24,Female,High,Secondary,18.6,0,0,2.58,40.0,1,6,70.5,14.9,2.5,12.0,0,0,1
S104310,23,Male,High,Postgraduate,7.6,0,0,2.62,95.8,0,2,100.0,19.3,3.15,8.0,1,0,0
S104311,28,Male,Medium,Postgraduate,7.2,0,0,3.07,57.2,0,1,84.1,13.7,2.97,9.0,1,1,0
S104312,21,Male,High,Bachelor,12.0,0,1,2.92,43.9,0,3,77.4,9.3,2.61,10.0,0,0,1
S104313,18,Male,High,Bachelor,26.4,0,1,2.03,66.7,0,7,60.0,0.0,1.99,13.0,1,0,0
S104314,26,Female,Medium,Postgraduate,2.7,0,0,3.85,80.1,1,6,74.8,11.2,2.6,8.0,0,0,0
S104315,20,Male,Medium,Bachelor,8.2,0,1,2.79,83.5,1,8,76.3,18.7,2.26,10.0,1,2,0
S104316,29,Female,Medium,Bachelor,1.0,0,1,3.62,54.9,0,6,91.4,14.5,2.69,2.0,0,0,0
S104317,22,Male,Low,Secondary,4.4,0,0,2.65,63.5,0,5,71.1,7.5,3.27,5.0,1,0,0
S104318,28,Male,Low,Postgraduate,10.6,1,1,3.08,65.0,0,8,86.5,10.3,2.46,5.0,0,0,1
S104319,17,Female,Medium,Bachelor,7.1,0,1,3.49,79.6,1,2,80.6,7.2,4.01,10.0,0,0,1
S104320,25,Female,Medium,Secondary,3.2,0,0,3.42,73.9,0,2,94.6,11.5,2.43,5.0,0,0,0
S104321,22,Female,Low,Postgraduate,3.0,0,0,2.87,69.1,0,2,95.8,7.4,1.63,9.0,0,1,0
S104322,23,Female,Medium,Bachelor,55.1,0,0,3.25,78.7,0,5,85.0,17.2,2.68,8.0,0,0,1
S104323,20,Male,Medium,Postgraduate,0.5,1,0,3.34,44.6,1,6,91.5,10.6,2.41,8.0,1,0,0
S104324,29,Female,Medium,None,15.5,0,1,2.93,71.3,0,6,96.9,11.3,5.0,12.0,1,0,0
S104325,22,Female,Low,Bachelor,16.5,1,0,2.44,68.3,0,2,88.1,5.9,2.51,9.0,0,1,0
S104326,28,Male,Medium,Bachelor,6.2,1,0,2.69,64.2,0,6,84.2,7.9,1.76,7.0,0,0,0
S104327,22,Female,Low,None,14.9,1,1,2.81,61.3,0,5,86.1,4.2,2.83,10.0,0,0,1
S104328,17,Female,Low,Bachelor,29.4,0,1,3.01,67.0,1,8,100.0,17.1,2.69,15.0,0,0,1
S104329,28,Female,Low,Bachelor,9.4,0,1,3.8,56.4,1,7,81.7,7.4,1.98,8.0,0,0,1
S104330,19,Female,Low,Secondary,16.3,1,1,3.45,100.0,0,2,90.9,10.8,3.05,3.0,0,0,0
S104331,20,Female,Low,Bachelor,13.6,1,1,2.59,85.4,0,7,69.9,2.3,3.2,3.0,1,0,0
S104332,28,Male,Medium,None,2.5,1,1,3.92,81.4,0,1,100.0,3.8,2.86,7.0,0,0,1
S104333,28,Female,Medium,Bachelor,0.6,1,0,2.96,57.1,0,1,86.7,8.7,2.61,3.0,1,1,0
S104334,28,Female,Low,Bachelor,34.5,1,0,3.34,50.6,0,2,74.8,8.4,2.54,0.0,1,0,0
S104335,22,Male,High,Secondary,2.3,1,0,2.53,61.8,0,6,78.9,11.2,2.36,7.0,1,1,0
S104336,26,Male,Medium,Secondary,16.6,0,0,2.77,66.7,1,8,76.7,20.1,1.9,10.0,1,0,1
S104337,21,Female,High,Secondary,34.6,0,0,3.52,43.3,0,1,80.1,0.0,3.84,14.0,1,0,0
S104338,26,Female,Medium,Secondary,8.7,0,0,2.56,72.2,0,8,83.1,14.9,4.51,8.0,0,0,0
S104339,23,Female,Low,Bachelor,18.8,1,0,3.03,81.2,0,3,77.0,12.5,2.08,9.0,1,0,0
S104340,17,Female,High,Secondary,9.3,0,1,3.24,31.5,1,3,56.2,6.9,2.38,10.0,1,1,1
S104341,22,Female,High,Secondary,16.4,0,0,2.49,51.5,2,3,100.0,7.8,2.04,8.0,1,1,1
S104342,23,Female,Medium,Secondary,15.2,1,0,2.11,83.4,1,1,84.0,15.6,3.42,5.0,0,0,0
S104343,20,Male,Medium,Bachelor,10.7,0,1,3.45,70.6,1,4,84.1,9.7,2.09,17.0,0,0,1
S104344,21,Female,Medium,Bachelor,0.6,0,0,4.0,52.0,0,6,79.3,8.4,3.29,4.0,1,1,0
S104345,23,Male,Medium,Secondary,26.2,1,0,3.23,76.0,0,6,93.6,4.8,3.1,10.0,0,2,0
S104346,17,Male,Medium,Secondary,1.3,0,0,3.33,56.1,2,6,80.7,5.8,2.69,5.0,1,0,0
S104347,18,Female,Medium,None,1.4,0,1,2.56,61.5,0,8,75.3,3.9,3.75,8.0,1,0,0
S104348,26,Male,Low,Secondary,2.3,0,1,3.73,47.9,1,5,76.3,14.4,2.56,10.0,0,0,1
S104349,21,Female,Low,Secondary,6.6,1,0,2.81,65.3,0,2,98.8,6.1,2.8,7.0,1,0,1
S104350,24,Female,Low,Bachelor,0.3,0,1,3.58,80.3,1,3,83.0,4.0,1.95,3.0,1,0,0
S104351,24,Male,Low,Secondary,0.5,0,1,3.3,57.8,0,6,79.5,10.9,1.09,7.0,0,1,1
S104352,24,Female,Medium,None,9.5,0,1,3.32,74.7,0,6,73.5,5.9,3.54,12.0,1,0,0
S104353,22,Female,High,Bachelor,43.0,0,1,3.3,64.3,0,2,75.2,17.7,2.37,2.0,1,0,0
S104354,23,Male,Low,Bachelor,48.6,0,1,3.28,81.2,0,6,96.2,10.2,3.61,15.0,0,0,1
S104355,27,Male,Low,Secondary,7.8,0,0,3.14,58.1,2,3,66.3,11.0,2.55,8.0,0,1,0
S104356,29,Male,Low,Secondary,19.3,1,0,3.48,88.3,1,1,90.0,11.0,2.72,11.0,1,0,1
S104357,20,Male,Medium,Bachelor,15.4,1,0,2.64,75.2,0,7,90.6,12.9,2.94,4.0,1,0,0
S104358,25,Male,Medium,None,13.5,0,0,2.88,68.7,0,3,83.2,13.6,2.42,7.0,1,0,1
S104359,29,Male,Medium,Bachelor,52.2,0,1,3.73,69.2,0,1,77.2,10.1,1.67,5.0,1,1,0
S104360,17,Male,High,Bachelor,11.5,1,0,3.09,58.0,0,8,57.8,4.9,2.19,9.0,1,0,0
S104361,27,Female,High,Bachelor,21.5,0,0,2.84,57.1,0,1,90.0,9.2,2.13,4.0,0,0,0
S104362,23,Male,High,None,13.1,1,1,3.52,68.9,1,2,56.1,10.3,2.78,6.0,1,0,0
S104363,29,Male,High,None,12.7,0,0,3.42,47.0,0,3,82.5,1.8,3.58,16.0,0,0,0
S104364,24,Female,Medium,Bachelor,22.8,0,0,2.35,56.0,1,5,80.8,0.0,2.29,11.0,1,0,0
S104365,27,Male,Medium,Secondary,14.3,0,0,3.36,50.9,0,4,91.5,3.9,2.73,10.0,0,0,0
S104366,19,Female,Medium,Secondary,4.4,0,0,3.07,73.6,0,3,66.6,0.2,2.97,9.0,0,0,0
S104367,18,Male,Medium,Bachelor,13.6,1,0,3.36,73.8,0,4,65.8,7.6,2.24,14.0,0,0,0
S104368,29,Female,Low,None,19.1,0,0,3.01,84.0,0,7,88.0,6.1,3.07,7.0,1,0,1
S104369,23,Female,Low,Bachelor,58.6,1,1,3.23,60.0,0,5,77.4,10.4,3.57,12.0,0,0,1
S104370,24,Female,Low,Postgraduate,29.2,1,0,2.08,52.9,0,4,49.7,13.5,3.08,0.0,1,0,0
S104371,19,Female,Medium,Bachelor,11.9,0,1,2.55,43.0,0,6,79.9,11.4,2.76,8.0,1,0,0
S104372,19,Female,Medium,Secondary,6.3,1,0,3.37,69.1,0,4,100.0,12.2,2.21,7.0,0,0,0
S104373,27,Male,Low,Postgraduate,0.7,1,0,4.0,86.0,0,6,88.2,14.7,2.72,6.0,1,0,0
S104374,20,Male,Medium,Bachelor,11.0,0,0,3.18,63.9,0,6,62.2,8.4,2.27,11.0,1,0,1
S104375,24,Female,Medium,None,3.3,1,1,2.65,65.4,0,6,87.0,0.0,2.39,7.0,0,0,0
S104376,21,Male,Medium,Bachelor,9.4,1,1,3.07,64.9,0,3,94.7,1.3,2.71,7.0,0,1,0
S104377,20,Male,Low,None,20.6,0,0,2.55,68.8,2,5,54.1,12.5,2.65,5.0,1,0,1
S104378,19,Female,Low,Secondary,29.6,0,1,3.62,80.0,0,2,75.7,11.0,3.52,6.0,0,0,1
S104379,29,Male,Medium,Bachelor,18.3,0,0,3.02,93.8,1,4,99.5,13.5,2.39,0.0,0,0,0
S104380,29,Male,Medium,Secondary,79.4,1,1,3.53,72.5,0,1,57.1,24.2,3.07,7.0,0,0,1
S104381,18,Female,High,None,18.8,1,1,2.92,73.5,0,2,75.8,11.1,2.47,2.0,1,0,1
S104382,21,Male,Medium,Bachelor,13.8,1,0,3.57,61.4,0,3,76.8,9.5,2.16,14.0,1,1,1
S104383,24,Female,High,Secondary,3.4,1,0,2.19,63.4,0,8,73.8,11.7,3.22,11.0,0,1,0
S104384,21,Female,Low,Secondary,21.8,0,0,3.01,63.2,1,6,100.0,4.0,3.09,12.0,1,0,0
S104385,26,Female,Medium,Secondary,0.3,1,1,3.27,59.5,0,6,98.3,13.8,2.38,3.0,0,0,0
S104386,20,Female,High,Bachelor,32.0,0,0,2.87,66.9,0,7,75.5,9.1,0.61,11.0,1,0,0
S104387,17,Male,Low,Bachelor,53.8,1,0,3.18,74.4,0,2,64.7,18.4,3.58,5.0,1,1,0
S104388,21,Female,Medium,None,13.6,0,1,3.17,66.0,0,8,99.1,2.0,3.34,9.0,0,0,0
S104389,24,Female,Low,Bachelor,38.2,0,0,3.52,60.8,0,6,91.6,10.0,3.61,7.0,1,1,0
S104390,19,Female,Medium,Secondary,9.2,0,1,3.31,66.9,0,4,79.7,6.9,3.65,2.0,0,0,1
S104391,27,Male,Low,Secondary,1.4,0,0,3.2,50.6,2,5,89.8,4.7,2.81,4.0,0,0,0
S104392,17,Male,Medium,Secondary,3.3,0,1,3.44,77.1,0,3,89.7,13.1,2.51,11.0,0,0,1
S104393,17,Male,Medium,Secondary,3.5,0,1,2.32,58.8,1,4,66.9,8.4,1.55,11.0,0,0,1
S104394,23,Male,Low,None,22.1,0,0,2.62,47.7,0,8,71.1,16.7,2.89,3.0,0,0,0
S104395,23,Male,Low,Bachelor,11.3,1,0,2.31,71.9,1,5,80.1,7.3,2.49,13.0,1,0,0
S104396,20,Female,Low,Bachelor,17.2,0,0,3.27,72.7,0,5,51.0,8.0,2.25,6.0,0,0,1
S104397,20,Male,Low,Postgraduate,31.5,0,1,3.21,52.1,0,2,74.9,20.1,1.85,3.0,1,0,1
S104398,17,Female,Medium,Postgraduate,1.9,0,0,3.69,74.4,0,7,68.1,3.2,2.08,6.0,0,2,0
S104399,25,Female,High,Secondary,1.0,0,1,3.18,74.5,0,8,82.6,6.1,1.86,3.0,0,1,1
S104400,21,Male,Low,None,17.2,0,1,2.68,94.6,0,7,63.1,0.0,3.5,5.0,0,1,0
S104401,18,Female,Medium,None,3.6,1,1,3.07,61.5,0,4,86.4,7.8,3.58,6.0,1,0,0
S104402,22,Female,Medium,Secondary,20.8,0,0,2.06,64.2,0,8,83.3,13.5,2.28,10.0,1,0,0
S104403,29,Male,Low,Bachelor,20.6,0,0,2.8,55.9,0,5,78.5,12.0,3.66,11.0,0,1,1
S104404,20,Female,Low,Secondary,25.7,1,0,1.83,72.4,0,3,87.0,10.7,2.87,12.0,0,0,0
S104405,28,Female,Medium,Secondary,27.7,0,0,3.16,64.9,0,1,88.9,5.6,3.83,11.0,0,0,1
S104406,20,Female,Medium,Secondary,27.9,0,0,2.86,79.8,0,5,76.4,9.0,3.22,0.0,1,3,1
S104407,19,Female,High,Bachelor,28.0,1,0,2.93,58.5,2,8,80.5,8.0,3.24,2.0,0,0,0
S104408,20,Female,Medium,Secondary,32.9,0,1,2.53,72.1,0,8,69.8,10.0,2.97,12.0,1,0,1
S104409,21,Male,Medium,Bachelor,47.0,0,0,2.67,61.4,1,6,69.6,10.9,2.29,6.0,1,1,1
S104410,18,Female,High,Secondary,6.5,0,0,3.35,37.4,2,3,100.0,8.2,1.88,7.0,0,0,0
S104411,24,Female,High,Secondary,45.1,1,0,2.28,74.4,0,1,77.0,10.1,2.94,11.0,0,0,0
S104412,21,Female,High,Secondary,16.5,1,1,3.25,38.8,0,6,79.8,9.5,2.73,13.0,0,0,0
S104413,26,Female,Low,Bachelor,2.3,0,1,2.59,62.6,0,4,78.8,6.6,4.62,10.0,1,0,0
S104414,23,Female,High,Bachelor,5.5,0,1,2.16,62.8,1,4,85.6,10.4,3.32,5.0,0,0,0
S104415,22,Female,High,Secondary,5.5,0,0,3.61,64.9,1,3,71.8,3.6,2.21,3.0,0,0,0
S104416,23,Male,Medium,Secondary,1.4,0,1,3.66,65.7,0,1,73.3,10.9,2.74,4.0,1,0,0
S104417,19,Female,Medium,None,13.9,1,1,2.73,65.6,1,4,94.1,4.4,2.54,13.0,0,1,0
S104418,26,Male,High,None,29.3,0,0,2.73,70.4,1,4,57.7,9.9,2.77,11.0,1,1,1
S104419,18,Female,Medium,None,2.1,1,0,2.87,63.4,0,4,82.8,12.3,1.88,8.0,0,0,0
S104420,26,Female,Medium,Secondary,61.3,1,1,2.59,100.0,0,1,67.7,5.4,3.44,2.0,1,0,0
S104421,29,Female,Medium,Bachelor,15.5,0,0,2.68,59.9,0,7,49.9,15.2,2.52,12.0,0,0,1
S104422,26,Female,Medium,Bachelor,12.3,1,0,3.23,46.7,0,5,78.8,18.9,3.26,9.0,1,0,0
S104423,22,Female,Medium,Bachelor,10.6,1,0,4.0,43.8,1,5,62.7,6.7,2.38,5.0,0,0,1
S104424,21,Male,Low,Bachelor,9.8,0,1,2.82,74.9,0,1,60.0,9.3,2.52,8.0,0,0,0
S104425,28,Male,Low,Postgraduate,3.1,0,0,3.51,41.1,0,4,100.0,16.1,3.22,10.0,0,0,0
S104426,20,Male,Medium,Postgraduate,19.4,1,1,3.18,46.9,1,3,88.1,1.0,1.35,6.0,1,0,0
S104427,23,Female,Medium,Secondary,6.9,0,1,2.16,44.7,0,2,88.5,10.2,3.49,4.0,1,1,0
S104428,27,Male,Medium,None,1.6,1,1,2.99,71.9,1,8,79.2,8.5,3.83,9.0,0,1,1
S104429,28,Female,High,Secondary,35.6,0,0,2.92,85.0,0,8,62.1,14.5,3.82,9.0,1,1,0
S104430,28,Male,Medium,Bachelor,2.6,1,0,3.73,50.8,0,8,77.5,8.8,2.31,0.0,0,0,1
S104431,18,Female,Medium,None,64.7,1,1,3.75,71.3,1,3,74.7,12.3,3.01,8.0,0,0,0
S104432,28,Female,Low,Secondary,11.2,0,1,3.19,25.4,0,2,51.1,5.9,2.49,5.0,0,0,1
S104433,18,Female,Medium,Secondary,3.7,0,1,3.61,53.8,1,1,100.0,14.8,1.76,10.0,0,0,1
S104434,24,Female,High,Bachelor,39.2,0,1,2.93,74.0,0,5,78.7,4.4,2.86,1.0,0,0,0
S104435,29,Female,Medium,Bachelor,15.6,1,1,3.56,60.3,0,3,67.5,14.4,1.78,3.0,0,0,0
S104436,25,Female,High,Bachelor,0.9,0,0,3.05,79.9,0,8,81.8,10.4,3.22,0.0,0,0,0
S104437,29,Female,High,Bachelor,7.4,1,0,3.55,31.5,1,2,59.3,0.0,3.37,10.0,0,0,0
S104438,21,Male,Medium,Bachelor,16.1,0,0,3.6,54.0,0,8,65.9,10.3,3.7,2.0,0,0,0
S104439,21,Male,Medium,None,23.1,1,0,3.36,71.8,0,3,100.0,13.0,3.16,3.0,0,0,0
S104440,21,Female,Medium,Bachelor,31.5,0,0,2.63,71.6,1,8,72.2,3.9,2.51,8.0,1,0,0
S104441,21,Female,Medium,Bachelor,1.4,1,0,2.79,72.8,1,7,79.7,5.8,2.67,7.0,0,0,1
S104442,25,Female,Low,Secondary,11.9,0,0,3.38,68.1,0,6,81.6,10.4,2.89,11.0,0,0,1
S104443,22,Female,Low,Postgraduate,44.5,0,0,3.45,47.8,0,4,77.4,7.4,3.82,11.0,0,0,0
S104444,26,Male,Low,Postgraduate,10.0,1,1,3.08,53.3,0,6,71.9,11.6,3.83,13.0,1,0,1
S104445,22,Female,Medium,Bachelor,3.3,0,1,2.84,99.7,0,4,100.0,9.0,2.74,14.0,1,0,1
S104446,21,Female,Low,Postgraduate,40.8,0,1,3.1,46.1,0,8,68.9,3.4,3.49,12.0,1,1,0
S104447,19,Female,Medium,Secondary,20.3,0,1,2.86,43.8,0,7,66.6,21.6,2.44,9.0,1,1,1
S104448,24,Female,Medium,Secondary,26.0,0,0,2.86,75.2,0,5,87.4,8.3,3.11,9.0,0,1,0
S104449,28,Female,Medium,Secondary,17.4,1,0,3.98,49.1,1,5,60.7,10.6,2.56,10.0,0,0,0
S104450,28,Female,High,Bachelor,5.9,0,0,2.76,91.9,0,1,95.3,18.9,2.97,0.0,1,0,0
S104451,20,Female,Medium,Bachelor,15.9,1,0,3.25,100.0,1,6,77.0,14.3,2.22,7.0,0,0,0
S104452,23,Male,Low,Postgraduate,3.3,0,1,3.08,61.4,0,7,81.9,12.7,1.81,1.0,1,0,0
S104453,26,Female,High,Bachelor,12.1,1,1,2.39,69.6,0,4,84.4,15.3,1.93,5.0,1,0,0
S104454,24,Female,High,Bachelor,14.5,0,0,2.37,37.6,1,4,74.9,12.8,3.21,2.0,0,2,0
S104455,17,Female,Medium,None,2.4,1,1,2.96,80.5,0,3,93.7,12.8,2.02,10.0,0,0,0
S104456,24,Male,Medium,Secondary,1.9,0,0,2.02,31.4,0,5,89.7,12.8,2.56,10.0,1,0,1
S104457,17,Female,Low,Secondary,4.5,1,0,3.92,44.9,0,5,87.7,9.2,3.42,13.0,1,0,0
S104458,18,Male,Medium,Bachelor,4.1,0,1,2.82,66.8,0,7,57.3,15.4,3.58,4.0,0,0,0
S104459,25,Female,Low,Secondary,19.6,0,1,2.78,73.2,0,8,74.8,13.4,2.11,5.0,0,0,1
S104460,18,Male,Medium,Postgraduate,14.5,1,1,3.61,42.7,0,3,78.3,0.0,1.12,12.0,1,0,0
S104461,21,Male,Low,Bachelor,3.9,0,1,2.93,56.9,0,1,100.0,14.3,2.24,6.0,0,0,1
S104462,24,Female,Medium,Secondary,5.9,0,0,3.33,40.1,0,5,58.8,6.0,2.94,5.0,0,0,0
S104463,25,Male,Low,Bachelor,10.1,0,1,2.71,60.2,0,8,70.4,11.2,3.27,11.0,0,2,0
S104464,22,Male,Low,Bachelor,0.6,1,1,3.02,53.0,0,2,96.2,1.6,1.97,10.0,1,0,0
S104465,18,Female,Low,Bachelor,22.5,1,0,3.48,55.5,0,6,65.9,7.1,1.56,12.0,0,1,1
S104466,27,Female,Medium,Secondary,3.7,0,0,2.57,74.8,0,1,70.1,8.2,2.16,10.0,0,0,1
S104467,29,Male,Low,Secondary,3.1,1,1,3.26,69.2,0,8,100.0,12.7,2.44,6.0,0,1,0
S104468,28,Female,Medium,None,11.2,0,0,1.79,73.4,0,2,85.5,7.1,4.26,13.0,0,0,0
S104469,26,Female,Low,Secondary,8.9,0,1,3.63,63.1,0,2,92.9,0.0,2.88,12.0,0,0,0
S104470,22,Female,Medium,Bachelor,14.5,0,0,2.72,75.8,2,3,90.8,7.5,3.25,8.0,0,0,0
S104471,28,Male,Low,Postgraduate,45.3,0,0,2.96,64.5,1,4,81.8,8.1,3.57,12.0,0,0,1
S104472,23,Male,High,Bachelor,6.7,0,1,2.95,57.6,0,7,81.4,13.2,2.49,8.0,0,2,0
S104473,18,Female,Low,None,35.6,0,1,2.51,73.6,0,1,93.3,10.7,2.87,4.0,0,1,0
S104474,28,Female,Low,Postgraduate,2.0,0,0,2.47,58.6,0,2,67.3,6.2,2.98,8.0,1,0,0
S104475,21,Male,Low,None,57.2,0,0,3.26,60.1,1,1,100.0,11.4,3.22,16.0,0,0,1
S104476,29,Female,Low,None,0.8,1,0,3.28,81.0,1,1,72.0,19.2,2.71,12.0,1,0,0
S104477,21,Male,Medium,Bachelor,2.2,0,1,2.56,79.6,0,4,95.3,15.9,3.53,10.0,0,0,0
S104478,28,Female,Low,Postgraduate,11.4,0,0,3.27,60.5,0,2,87.6,0.5,3.57,4.0,1,0,1
S104479,23,Female,High,Postgraduate,14.8,1,0,3.28,78.1,0,1,71.8,22.4,2.6,3.0,0,0,1
S104480,23,Female,Medium,Bachelor,12.7,0,0,2.81,45.8,0,6,87.3,15.9,3.33,7.0,1,0,0
S104481,20,Female,Low,Secondary,25.4,1,0,2.35,60.6,0,5,81.9,17.9,3.07,6.0,1,0,0
S104482,27,Male,Medium,Secondary,58.4,0,0,2.98,53.7,0,1,53.5,2.4,4.66,8.0,0,0,0
S104483,17,Female,Low,None,0.8,0,0,3.18,65.0,1,5,78.7,7.9,3.43,9.0,0,0,1
S104484,23,Male,Low,Bachelor,1.5,0,1,2.97,76.0,0,3,61.3,12.9,3.07,2.0,1,0,0
S104485,21,Female,Low,Secondary,0.1,0,1,2.7,73.3,0,8,87.6,4.4,2.4,5.0,1,0,1
S104486,24,Female,Low,None,2.9,0,0,3.23,71.3,0,6,77.9,12.6,2.08,7.0,0,0,1
S104487,20,Male,Low,Secondary,3.6,1,0,3.63,67.1,0,8,93.2,18.2,3.17,10.0,0,1,0
S104488,25,Male,High,Bachelor,29.6,0,1,2.61,62.6,0,6,69.5,8.3,1.6,10.0,1,1,1
S104489,22,Male,Medium,Bachelor,0.5,0,0,2.85,83.0,0,3,60.6,18.5,3.94,4.0,1,1,0
S104490,19,Male,High,Secondary,7.1,0,0,4.0,41.8,0,4,63.9,13.5,1.36,3.0,0,0,0
S104491,19,Male,Low,Secondary,5.7,1,1,3.15,55.0,0,8,100.0,0.7,2.08,4.0,0,1,1
S104492,26,Female,High,Bachelor,10.8,1,0,2.37,71.2,1,6,100.0,5.7,3.5,11.0,1,0,1
S104493,20,Female,Medium,Bachelor,1.9,0,0,2.76,87.9,1,1,100.0,15.5,2.78,6.0,1,1,0
S104494,20,Female,Low,Secondary,10.8,1,1,2.62,59.8,0,2,56.9,4.8,2.93,8.0,0,0,1
S104495,25,Female,High,None,5.7,1,1,3.19,61.1,0,6,59.3,15.4,2.32,10.0,0,0,0
S104496,21,Female,Low,Postgraduate,19.7,0,1,3.15,45.7,2,4,64.0,13.1,2.71,13.0,0,0,0
S104497,22,Male,Medium,Bachelor,17.3,0,0,2.68,56.9,0,5,91.6,11.6,3.28,3.0,1,0,0
S104498,20,Female,High,Secondary,54.3,0,0,3.93,75.6,0,4,100.0,7.1,2.22,13.0,1,0,0
S104499,21,Female,Medium,Bachelor,6.6,0,1,3.04,88.7,0,3,93.6,11.5,2.62,10.0,1,0,0
S104500,26,Female,Medium,Bachelor,24.1,1,1,2.77,60.6,0,3,82.8,18.4,2.8,15.0,0,0,1
S104501,23,Female,Medium,None,0.4,1,1,2.39,53.0,0,7,66.1,8.0,2.61,14.0,0,2,1
S104502,29,Female,Low,Secondary,2.2,0,0,2.55,66.0,0,4,75.7,13.1,3.33,8.0,1,0,0
S104503,27,Female,High,Postgraduate,1.7,0,1,2.38,40.8,0,3,81.3,20.0,3.12,5.0,1,1,0
S104504,17,Female,Low,Secondary,71.0,1,0,2.9,83.5,1,8,93.2,11.3,2.73,11.0,1,1,0
S104505,21,Female,Low,Secondary,0.8,0,1,2.56,46.5,1,5,72.5,7.5,1.61,4.0,1,0,1
S104506,20,Female,Low,Bachelor,3.5,0,1,3.39,69.7,0,6,86.0,7.5,3.63,9.0,1,0,0
S104507,24,Male,High,Secondary,11.3,1,0,2.71,69.5,0,6,84.1,0.0,2.15,5.0,0,0,0
S104508,20,Male,Medium,Bachelor,9.0,0,0,3.42,74.4,1,3,81.5,3.9,4.04,7.0,1,0,0
S104509,29,Female,Medium,Secondary,2.8,0,1,3.25,68.8,0,3,74.1,11.7,2.21,0.0,1,0,0
S104510,20,Male,High,None,56.8,1,1,3.32,65.0,1,5,81.8,14.8,2.98,8.0,0,1,0
S104511,23,Female,Low,Secondary,1.1,0,0,3.45,71.4,0,1,78.6,7.9,3.25,8.0,0,0,1
S104512,18,Male,High,Postgraduate,7.5,0,0,4.0,77.5,0,3,68.3,14.8,2.66,6.0,0,0,0
S104513,28,Female,Low,Bachelor,18.2,1,1,2.58,91.9,0,6,93.3,14.5,3.02,8.0,1,0,1
S104514,28,Male,Medium,Bachelor,4.8,0,0,3.42,48.5,2,2,100.0,6.1,2.6,4.0,0,0,0
S104515,27,Female,Low,None,15.8,0,0,3.2,37.4,0,2,82.6,7.0,4.12,11.0,1,1,0
S104516,21,Male,High,Bachelor,2.2,0,0,3.53,41.8,1,8,79.3,3.3,2.94,8.0,1,1,1
S104517,17,Male,High,Secondary,4.7,1,0,3.06,37.8,1,2,91.4,13.7,2.72,17.0,0,0,0
S104518,26,Male,Medium,Bachelor,0.4,0,0,3.59,47.0,0,5,82.8,10.0,2.97,9.0,0,0,0
S104519,22,Female,Low,Secondary,6.3,0,1,2.35,45.1,0,2,97.1,14.4,3.59,10.0,0,0,1
S104520,29,Female,Low,Bachelor,0.0,0,1,2.5,58.8,0,8,81.6,9.7,3.07,6.0,0,0,1
S104521,26,Female,Medium,None,25.3,0,0,2.72,77.8,0,6,88.8,5.3,2.93,13.0,1,1,1
S104522,24,Male,Low,None,3.5,1,0,2.96,74.4,1,6,100.0,13.9,1.8,6.0,1,0,0
S104523,29,Female,Low,Bachelor,1.1,1,1,3.02,55.7,1,3,99.0,0.1,3.61,15.0,0,1,0
S104524,27,Male,Medium,None,3.1,0,0,2.63,57.0,1,6,77.6,8.3,3.05,15.0,0,1,0
S104525,22,Female,Medium,None,15.6,1,1,2.5,95.2,1,6,96.2,6.1,2.49,6.0,0,0,1
S104526,17,Female,High,Postgraduate,7.2,1,0,2.67,73.9,1,6,64.0,17.6,3.03,7.0,1,0,0
S104527,18,Male,Medium,Secondary,44.8,1,1,2.15,67.6,0,5,77.0,18.7,3.77,5.0,0,1,0
S104528,22,Female,Low,Bachelor,2.1,0,0,2.86,66.8,1,5,92.5,12.1,3.3,3.0,0,0,1
S104529,24,Female,Medium,Bachelor,13.2,0,1,2.97,60.7,0,5,100.0,7.1,4.18,9.0,1,0,0
S104530,17,Male,Low,Bachelor,4.0,0,1,3.22,95.0,0,5,68.7,18.6,3.41,8.0,1,0,0
S104531,18,Male,Medium,None,33.1,0,0,3.08,62.2,1,8,79.6,6.5,1.45,11.0,0,0,0
S104532,26,Male,Medium,Bachelor,12.8,0,1,3.9,67.2,1,2,80.0,3.1,3.68,8.0,0,0,0
S104533,26,Male,Low,Secondary,39.4,0,0,3.41,40.3,0,5,78.6,0.1,1.58,11.0,0,0,0
S104534,17,Male,Low,Secondary,0.4,0,0,3.37,55.5,1,7,61.8,10.5,3.75,8.0,1,0,0
S104535,23,Female,High,Bachelor,4.7,0,1,3.18,56.7,0,2,87.5,1.4,3.42,7.0,0,1,0
S104536,18,Male,Medium,Postgraduate,13.3,0,1,3.27,72.3,2,1,60.9,17.1,3.98,8.0,0,0,0
S104537,26,Female,Medium,None,67.3,0,0,2.89,53.4,0,8,97.1,7.1,3.11,11.0,0,0,0
S104538,27,Female,Medium,None,4.7,0,0,3.05,65.7,2,7,100.0,3.6,3.0,7.0,1,1,0
S104539,28,Female,Medium,Bachelor,42.8,0,0,3.96,55.9,2,3,70.4,15.6,3.67,12.0,0,0,1
S104540,24,Female,Low,Secondary,9.7,0,0,2.96,48.5,0,1,61.0,14.4,1.98,5.0,0,0,1
S104541,25,Male,High,Bachelor,11.4,1,0,2.33,47.9,0,4,79.5,18.3,2.83,7.0,0,0,0
S104542,29,Male,High,None,24.3,0,0,3.35,62.4,0,6,72.2,1.5,2.64,1.0,1,0,0
S104543,24,Male,Low,None,8.8,0,0,3.44,66.5,0,4,76.9,0.4,2.5,7.0,1,0,1
S104544,22,Female,Low,Bachelor,8.3,1,1,3.08,62.1,0,6,81.4,17.8,2.4,4.0,0,0,1
S104545,26,Female,Medium,Postgraduate,6.9,0,1,2.06,52.5,1,6,66.0,0.0,2.91,10.0,0,0,1
S104546,24,Male,Medium,None,8.4,0,1,3.64,62.9,0,3,100.0,3.9,3.3,10.0,1,0,1
S104547,27,Male,Medium,Bachelor,19.1,0,0,3.11,60.2,0,4,70.4,10.3,3.84,13.0,1,0,0
S104548,23,Female,Medium,Secondary,1.6,0,0,2.84,49.4,1,7,94.0,3.4,2.6,15.0,1,0,0
S104549,28,Male,Medium,None,1.6,0,0,3.59,66.2,0,3,66.7,11.1,2.54,7.0,0,1,0
S104550,17,Female,Medium,Secondary,5.2,0,0,1.99,92.2,0,3,80.9,4.3,0.83,5.0,0,1,0
S104551,17,Male,Low,Secondary,16.1,0,0,3.06,62.8,0,6,86.8,16.5,3.83,10.0,0,0,0
S104552,18,Male,Low,Bachelor,3.1,0,0,2.73,43.1,0,4,82.0,13.6,1.85,6.0,0,0,0
S104553,24,Female,Medium,Secondary,31.1,0,1,3.75,87.0,1,4,76.2,11.4,3.14,6.0,1,0,0
S104554,26,Male,High,Secondary,1.7,0,1,3.12,83.9,1,5,72.6,8.2,3.0,8.0,1,0,0
S104555,19,Male,Medium,Secondary,28.4,0,0,2.57,86.5,0,1,73.9,4.8,3.49,6.0,0,0,1
S104556,19,Female,Medium,Bachelor,14.1,0,0,3.57,64.4,0,6,69.9,9.3,2.18,16.0,0,0,1
S104557,28,Male,High,Postgraduate,17.5,0,1,1.77,53.2,0,6,85.0,3.8,3.2,7.0,0,0,1
S104558,26,Female,Medium,Secondary,20.9,0,1,3.25,51.6,0,7,100.0,19.6,3.94,8.0,1,0,0
S104559,25,Female,Medium,Secondary,6.2,0,0,2.37,82.1,0,2,85.4,11.6,2.96,11.0,0,0,0
S104560,23,Male,Low,Postgraduate,6.7,1,1,2.77,89.1,0,1,88.9,5.6,2.19,17.0,0,0,0
S104561,22,Male,Medium,None,17.3,0,0,2.88,51.2,0,8,96.2,17.8,1.77,7.0,1,0,1
S104562,17,Male,Medium,Bachelor,26.7,1,1,3.46,27.2,0,1,73.2,9.8,3.84,1.0,0,1,0
S104563,19,Male,Medium,Bachelor,2.3,0,1,4.0,64.7,1,6,52.9,17.0,2.49,8.0,0,0,1
S104564,28,Male,Low,Bachelor,2.8,1,0,2.11,51.4,0,6,80.0,16.8,2.63,1.0,1,0,1
S104565,21,Female,Medium,Secondary,3.8,0,0,3.22,54.4,0,3,92.8,12.2,4.57,6.0,1,0,0
S104566,26,Female,Low,Secondary,7.1,0,1,4.0,61.4,0,3,100.0,3.7,3.45,14.0,1,0,0
S104567,26,Female,High,Secondary,18.2,1,1,2.71,71.1,1,1,65.3,7.1,3.6,5.0,1,0,0
S104568,21,Female,Low,None,3.4,1,1,2.68,53.3,2,7,96.5,27.9,3.95,4.0,1,1,1
S104569,19,Female,Medium,Secondary,12.6,1,0,3.12,67.0,0,3,83.9,7.2,1.71,11.0,1,0,0
S104570,25,Female,Medium,Postgraduate,17.5,0,1,3.41,63.1,0,8,74.2,8.7,3.87,7.0,1,1,0
S104571,18,Male,Low,Secondary,12.4,0,1,3.33,30.4,0,6,64.3,7.6,3.97,13.0,1,0,0
S104572,23,Male,Medium,None,5.3,0,1,2.82,73.2,2,1,71.2,5.3,2.49,7.0,0,0,1
S104573,28,Female,Low,Secondary,4.6,0,0,2.6,58.2,0,8,88.6,13.5,3.33,11.0,0,0,0
S104574,26,Female,Medium,Secondary,13.2,0,0,3.66,46.0,0,8,98.3,3.3,3.48,2.0,0,0,0
S104575,26,Female,High,Secondary,20.3,0,1,2.61,54.1,0,6,39.1,5.8,2.3,4.0,0,1,0
S104576,18,Male,Medium,None,4.4,0,0,2.04,68.0,1,8,87.7,11.5,3.44,7.0,0,0,0
S104577,19,Female,High,Bachelor,42.7,1,0,2.27,65.7,0,7,71.4,8.7,2.36,6.0,0,0,0
S104578,20,Male,Low,Bachelor,9.7,0,0,2.71,74.7,0,5,72.8,10.8,4.61,18.0,1,0,0
S104579,20,Female,Medium,Secondary,10.5,0,1,3.75,71.5,0,2,86.2,9.8,2.91,12.0,1,0,1
S104580,19,Female,High,Bachelor,46.7,0,1,2.41,47.4,0,4,100.0,4.1,3.2,12.0,0,0,1
S104581,29,Female,High,Secondary,19.3,0,1,3.76,20.7,0,2,69.2,17.3,1.66,7.0,0,0,1
S104582,19,Female,Low,Secondary,41.9,0,1,3.65,66.8,0,3,78.6,15.7,3.08,2.0,1,0,1
S104583,26,Male,Medium,Postgraduate,13.3,1,1,3.11,74.5,0,7,56.4,5.2,3.65,15.0,0,0,0
S104584,24,Female,High,Bachelor,1.9,0,0,1.73,62.0,0,7,86.6,12.4,2.17,2.0,0,0,0
S104585,24,Female,Medium,Secondary,0.8,0,0,2.41,74.9,0,4,69.6,7.5,2.43,6.0,1,0,0
S104586,19,Female,Medium,Secondary,16.7,0,1,2.68,50.0,1,2,100.0,15.4,2.3,10.0,0,0,1
S104587,20,Male,Low,Secondary,11.8,0,1,3.87,59.8,1,7,85.4,14.3,1.99,18.0,1,0,1
S104588,24,Male,Low,Secondary,51.9,0,1,2.72,51.2,1,6,75.8,16.3,1.89,15.0,0,1,1
S104589,20,Male,Medium,Bachelor,49.6,0,0,2.61,75.5,0,1,75.9,5.3,3.52,10.0,0,0,1
S104590,26,Female,Medium,None,44.6,0,1,3.09,51.3,1,4,85.5,3.2,1.91,17.0,1,0,1
S104591,17,Female,Low,Postgraduate,15.0,0,0,2.3,95.9,0,5,90.4,0.7,1.55,6.0,1,0,1
S104592,17,Female,Low,Bachelor,15.9,0,0,2.99,57.5,0,1,62.5,23.4,2.43,10.0,0,0,1
S104593,26,Female,Medium,None,7.7,0,0,2.6,77.0,2,5,77.8,14.5,2.84,14.0,0,0,0
S104594,25,Female,Medium,Bachelor,20.1,0,0,4.0,57.7,0,5,80.0,16.2,3.21,2.0,0,1,0
S104595,17,Male,Medium,Bachelor,12.2,0,0,2.54,85.1,0,7,83.2,2.8,2.18,10.0,0,0,0
S104596,28,Female,Medium,Secondary,4.9,0,1,3.96,84.5,0,4,99.6,13.2,2.39,10.0,0,1,1
S104597,17,Male,Low,Secondary,10.8,1,0,2.43,60.1,0,2,58.6,1.4,3.18,10.0,0,0,1
S104598,29,Male,High,Bachelor,7.6,0,1,3.13,69.1,0,4,94.3,12.3,3.43,4.0,1,0,1
S104599,26,Male,Medium,Postgraduate,9.1,0,0,3.25,84.1,2,2,85.5,10.1,3.67,10.0,1,0,1
S104600,29,Male,Low,Secondary,2.0,0,0,3.07,69.6,0,7,72.5,8.5,3.14,9.0,1,0,1
S104601,29,Male,Medium,Bachelor,9.0,0,0,3.04,51.2,0,4,92.1,7.3,1.64,6.0,0,2,0
S104602,21,Female,Medium,Bachelor,2.3,0,0,3.43,66.1,0,5,74.3,15.9,2.19,11.0,1,0,1
S104603,26,Male,Medium,Postgraduate,11.0,0,0,3.21,53.8,0,5,52.8,7.4,3.68,13.0,0,0,0
S104604,19,Male,Medium,None,2.1,0,0,2.91,67.3,0,7,28.5,16.8,4.04,5.0,1,0,0
S104605,23,Male,Medium,Secondary,15.9,0,0,2.66,53.2,0,2,61.8,9.8,2.74,10.0,1,0,0
S104606,20,Female,Medium,Bachelor,9.4,0,0,2.92,70.6,0,1,71.8,11.9,2.68,14.0,0,0,1
S104607,23,Female,Low,None,18.8,0,1,2.91,38.2,0,8,82.6,12.8,2.1,14.0,1,1,1
S104608,28,Male,Low,Secondary,11.2,1,0,2.9,48.2,1,8,89.0,12.3,3.79,7.0,0,0,0
S104609,22,Male,Low,Bachelor,17.9,0,0,3.04,53.1,1,7,76.1,11.1,2.06,12.0,1,0,1
S104610,18,Female,Medium,Secondary,5.7,0,0,2.3,62.6,0,2,58.8,20.8,4.17,7.0,1,0,0
S104611,21,Female,Medium,Bachelor,7.8,0,0,2.49,42.3,0,2,74.3,15.6,2.74,11.0,0,0,1
S104612,27,Female,Medium,None,5.3,0,1,3.42,51.7,1,3,76.7,0.0,2.2,5.0,0,0,1
S104613,23,Female,Low,Bachelor,2.6,0,0,1.87,76.7,0,7,100.0,9.0,1.55,2.0,0,0,1
S104614,24,Female,Medium,Secondary,1.0,0,1,3.6,78.5,0,8,88.4,17.4,2.61,10.0,0,0,0
S104615,22,Female,Low,Bachelor,16.9,0,1,2.72,27.0,2,8,55.2,5.9,2.71,12.0,1,1,1
S104616,20,Male,Medium,Secondary,3.6,0,0,3.83,56.2,0,3,75.3,10.0,2.58,11.0,0,0,0
S104617,24,Female,Medium,None,19.2,0,1,3.61,84.1,0,2,90.4,10.4,2.8,5.0,0,0,0
S104618,25,Male,Low,Postgraduate,2.4,0,1,2.84,70.8,0,3,80.3,18.0,3.77,0.0,0,0,0
S104619,28,Female,Low,Bachelor,6.5,0,1,2.89,71.1,0,7,55.6,4.8,3.23,11.0,0,0,0
S104620,25,Male,Medium,Secondary,12.0,0,1,3.8,73.5,1,1,92.3,5.5,2.94,14.0,0,1,1
S104621,29,Male,Medium,Secondary,6.9,1,0,3.64,50.6,0,5,85.5,12.5,3.6,0.0,0,0,0
S104622,27,Female,Low,Bachelor,25.8,1,0,3.49,68.2,1,1,77.6,11.7,2.16,7.0,1,0,1
S104623,18,Female,High,Postgraduate,13.7,1,0,3.57,72.1,0,7,67.9,12.6,3.3,4.0,0,0,0
S104624,22,Male,High,Secondary,4.4,0,1,2.46,66.6,0,3,95.2,11.6,3.29,9.0,0,1,0
S104625,22,Female,High,Postgraduate,6.8,0,0,3.1,59.1,0,5,52.8,9.4,3.85,13.0,1,1,0
S104626,17,Male,Low,Secondary,34.3,1,0,2.61,64.3,0,4,56.7,12.8,1.84,7.0,1,0,1
S104627,19,Female,Medium,Bachelor,5.5,0,1,2.44,47.9,0,3,69.0,11.0,2.19,6.0,0,0,0
S104628,26,Female,Low,Secondary,6.4,0,0,3.08,74.2,2,7,84.5,8.8,2.23,10.0,1,0,0
S104629,21,Male,High,None,15.4,1,0,2.79,43.5,1,6,59.5,9.7,3.13,0.0,1,0,0
S104630,18,Female,Medium,Postgraduate,45.3,0,0,2.92,52.8,0,7,71.8,7.3,2.96,11.0,0,0,0
S104631,20,Female,Low,Secondary,10.9,1,1,2.75,75.2,0,6,74.9,6.5,3.2,12.0,0,0,0
S104632,20,Male,Low,Postgraduate,3.2,1,0,2.37,69.4,0,7,85.1,12.8,1.33,8.0,0,0,1
S104633,19,Female,High,None,157.4,1,0,3.85,57.7,0,6,75.8,3.5,3.83,6.0,1,0,0
S104634,18,Male,High,Secondary,2.8,0,1,3.08,39.3,1,1,75.9,13.4,2.96,7.0,1,0,0
S104635,26,Female,Medium,Postgraduate,17.6,0,0,2.28,64.3,0,7,69.4,8.7,3.19,7.0,0,0,0
S104636,27,Male,Medium,Bachelor,4.3,0,0,3.09,55.5,0,4,96.3,9.5,3.06,8.0,0,0,0
S104637,23,Male,Medium,Secondary,35.2,0,1,3.76,72.2,0,6,89.9,9.1,2.36,2.0,0,0,0
S104638,25,Female,High,Bachelor,19.6,0,0,3.48,57.3,1,1,89.4,12.5,3.16,10.0,1,0,0
S104639,28,Male,Medium,Secondary,3.9,0,0,2.74,38.7,0,4,68.3,17.4,2.85,7.0,0,1,0
S104640,27,Female,Medium,Bachelor,0.9,0,1,2.75,44.2,1,3,72.3,19.0,2.84,8.0,0,0,0
S104641,17,Female,Medium,None,43.2,0,1,2.52,58.6,1,3,87.1,15.2,3.15,6.0,1,0,1
S104642,29,Female,High,Secondary,12.5,1,0,2.63,66.6,2,4,71.2,10.4,2.73,10.0,1,0,1
S104643,17,Male,Low,None,10.2,1,1,2.67,47.5,0,8,66.1,14.0,1.85,13.0,0,0,1
S104644,17,Female,Medium,Bachelor,55.0,0,1,2.27,53.6,0,6,84.3,0.0,2.67,9.0,1,0,0
S104645,22,Female,Low,Postgraduate,31.7,0,1,2.78,76.9,0,7,60.4,13.0,3.94,1.0,0,1,1
S104646,26,Male,Medium,Bachelor,3.9,0,1,3.17,81.6,0,5,76.9,11.9,2.41,8.0,1,0,0
S104647,18,Female,Medium,Secondary,7.1,0,1,2.79,69.2,0,7,93.4,2.3,2.87,9.0,0,2,0
S104648,20,Female,Low,Secondary,4.0,0,0,3.11,60.7,0,6,82.2,7.1,3.38,8.0,0,0,1
S104649,20,Female,Medium,None,33.1,1,0,3.81,55.7,1,1,64.3,11.4,4.28,5.0,1,0,0
S104650,22,Female,Low,Bachelor,34.2,1,0,3.92,73.1,0,6,87.1,11.9,2.62,8.0,1,0,0
S104651,29,Female,High,None,62.7,0,0,2.97,60.3,0,4,71.0,14.8,1.94,11.0,0,1,1
S104652,21,Female,High,Bachelor,9.5,1,1,3.44,78.8,0,4,92.7,18.3,3.27,7.0,0,0,0
S104653,19,Female,Medium,Secondary,5.0,1,0,2.92,79.6,0,3,87.6,9.3,2.23,14.0,1,0,0
S104654,18,Female,Medium,Postgraduate,4.0,1,0,2.76,71.2,0,1,74.8,4.3,3.01,5.0,1,1,1
S104655,19,Female,Low,Secondary,47.0,1,0,2.44,57.5,0,8,68.8,14.1,3.22,4.0,1,0,1
S104656,18,Female,High,Secondary,21.9,0,1,3.04,58.7,1,2,67.3,16.4,2.46,7.0,1,1,1
S104657,24,Female,Medium,Postgraduate,28.2,1,1,3.54,40.3,0,3,100.0,16.3,2.61,0.0,0,1,1
S104658,22,Male,Low,Postgraduate,26.0,1,0,2.36,64.2,1,6,45.6,12.4,3.37,8.0,0,0,0
S104659,23,Male,High,Bachelor,6.2,0,1,2.86,63.7,1,8,53.6,20.0,3.56,7.0,0,0,0
S104660,27,Female,Low,Bachelor,25.7,0,0,2.83,44.3,0,3,96.5,8.6,2.83,11.0,0,1,1
S104661,24,Female,Medium,Bachelor,2.8,0,1,3.12,100.0,1,7,93.3,18.0,2.92,1.0,1,0,1
S104662,19,Female,Low,Secondary,17.5,0,1,3.13,73.3,1,2,85.4,4.2,2.01,11.0,0,0,1
S104663,21,Female,Medium,None,8.4,1,0,3.27,52.4,0,7,50.1,0.0,2.88,9.0,0,0,0
S104664,21,Female,Low,Bachelor,25.4,0,1,3.95,95.8,0,2,88.1,4.1,2.53,14.0,0,0,1
S104665,27,Female,Low,Bachelor,2.5,1,0,2.56,57.6,0,1,65.3,7.1,2.86,7.0,0,0,0
S104666,20,Female,Medium,None,19.6,1,0,2.54,77.5,0,5,78.5,10.0,3.79,9.0,0,1,0
S104667,18,Male,High,Secondary,6.0,0,0,3.12,66.3,0,8,86.1,5.3,2.01,11.0,0,0,0
S104668,26,Female,Low,Bachelor,21.1,0,0,3.73,58.1,0,8,87.6,10.6,3.62,0.0,0,0,0
S104669,22,Male,Medium,None,30.8,1,1,2.27,59.9,0,3,70.2,13.2,2.94,12.0,1,0,0
S104670,18,Female,Medium,Bachelor,7.9,0,1,3.17,86.5,0,1,99.3,11.8,2.78,7.0,0,1,0
S104671,25,Female,High,Bachelor,13.1,1,1,2.9,78.1,1,1,92.2,9.3,2.19,3.0,0,1,0
S104672,19,Female,Low,Secondary,8.1,1,1,3.43,63.2,0,2,65.6,16.0,3.0,8.0,1,0,0
S104673,28,Female,Medium,Secondary,6.7,0,0,3.31,34.2,1,5,72.8,6.0,4.32,13.0,1,1,0
S104674,27,Male,High,Secondary,2.5,0,0,3.02,69.6,0,4,68.6,8.8,1.02,7.0,1,0,0
S104675,21,Male,Low,Secondary,10.9,1,1,3.24,46.3,1,7,79.1,7.3,1.43,8.0,0,0,1
S104676,24,Male,Medium,Bachelor,43.2,1,0,2.67,73.1,0,1,89.4,13.3,2.68,0.0,0,0,0
S104677,24,Female,High,Bachelor,9.4,0,1,3.4,54.3,0,6,52.2,7.9,3.03,5.0,0,0,0
S104678,25,Female,Low,Bachelor,19.2,1,0,3.69,55.9,0,8,50.2,12.0,3.46,11.0,0,0,0
S104679,17,Male,Medium,None,28.5,0,0,3.05,55.4,0,6,67.5,14.1,3.12,12.0,1,0,0
S104680,21,Male,Low,Bachelor,10.2,0,0,2.8,80.3,1,8,100.0,7.5,1.65,9.0,0,0,1
S104681,19,Female,High,Secondary,35.9,0,0,2.93,38.5,0,8,83.6,2.0,3.23,10.0,0,0,1
S104682,26,Female,High,Bachelor,1.0,1,0,3.39,76.1,1,3,100.0,8.9,2.68,6.0,0,1,0
S104683,17,Male,Medium,None,91.5,1,0,2.98,70.1,2,8,77.7,6.0,3.42,8.0,0,0,0
S104684,23,Male,Medium,Bachelor,8.7,0,0,2.4,63.9,0,2,67.4,6.8,2.3,4.0,0,1,0
S104685,26,Female,Medium,Secondary,67.8,0,1,3.48,58.3,1,7,54.9,0.0,1.73,6.0,1,0,1
S104686,29,Male,Low,Secondary,24.6,0,0,2.51,72.3,0,8,67.6,1.9,2.48,8.0,0,0,1
S104687,20,Male,Low,Postgraduate,5.2,1,0,3.21,58.4,1,7,70.7,14.0,3.14,2.0,0,0,1
S104688,17,Male,Low,None,13.1,1,0,2.07,58.3,1,7,43.6,5.3,3.07,18.0,1,1,0
S104689,26,Female,Low,None,0.3,0,0,3.05,66.0,1,3,67.4,15.8,2.81,5.0,1,0,0
S104690,17,Female,Medium,Bachelor,16.7,1,0,2.97,90.8,0,6,67.3,6.4,2.37,9.0,0,2,0
S104691,17,Male,Low,Secondary,22.6,0,0,2.02,42.3,1,4,80.3,12.4,2.71,3.0,0,0,0
S104692,29,Female,Low,Secondary,2.4,1,0,3.17,72.5,1,2,79.4,8.7,3.84,0.0,0,0,0
S104693,28,Female,Medium,Secondary,7.5,1,1,2.45,62.9,0,5,84.8,13.2,4.59,15.0,0,0,0
S104694,26,Female,Low,Secondary,15.6,0,0,3.04,61.7,1,8,55.7,8.7,3.1,8.0,0,0,0
S104695,27,Female,Low,Bachelor,8.7,1,0,2.79,42.1,2,4,63.0,11.1,3.52,0.0,1,0,1
S104696,17,Male,Low,Bachelor,6.2,0,1,2.26,38.7,4,4,93.9,16.2,2.29,4.0,0,2,1
S104697,18,Female,Low,Secondary,6.3,1,0,2.48,70.1,1,7,76.1,12.4,3.75,16.0,0,1,1
S104698,20,Female,Medium,Secondary,3.4,0,0,2.52,46.0,0,8,92.7,6.6,2.56,10.0,1,0,0
S104699,17,Female,Medium,Postgraduate,17.3,1,0,3.49,80.2,1,8,77.9,0.6,1.91,0.0,1,0,0
S104700,28,Male,High,Bachelor,13.0,0,1,3.42,49.8,0,8,82.8,9.5,3.61,6.0,0,0,0
S104701,17,Male,Medium,None,40.0,0,1,4.0,73.3,0,2,87.9,12.2,2.86,7.0,0,0,0
S104702,24,Male,Medium,Bachelor,18.7,1,0,2.74,56.4,0,2,71.7,10.8,3.78,10.0,0,1,0
S104703,28,Female,High,Secondary,3.2,0,1,2.73,55.6,1,7,70.0,5.6,3.38,8.0,1,0,1
S104704,26,Female,Medium,Secondary,12.4,0,0,3.07,51.3,0,7,69.8,10.8,1.89,1.0,1,0,1
S104705,20,Female,Medium,Bachelor,26.5,1,1,2.82,71.6,0,5,78.8,13.3,2.93,5.0,1,1,0
S104706,23,Female,Medium,Bachelor,87.8,0,0,2.71,75.7,1,6,88.6,17.0,2.17,4.0,0,1,0
S104707,24,Male,Low,None,0.3,0,1,3.03,60.3,0,6,73.9,8.9,3.68,11.0,0,0,0
S104708,26,Male,Low,Bachelor,11.8,1,0,3.35,73.9,0,2,97.3,22.3,2.86,6.0,0,0,0
S104709,22,Female,Low,Bachelor,6.5,0,0,1.94,65.2,1,5,100.0,17.3,2.34,6.0,0,0,1
S104710,20,Female,Medium,Bachelor,4.9,0,0,2.71,45.0,1,5,66.8,10.8,1.38,7.0,0,0,1
S104711,27,Female,Low,Bachelor,13.7,0,1,2.3,70.7,0,6,97.8,11.3,3.62,5.0,0,0,1
S104712,28,Female,Medium,Secondary,12.5,1,0,2.92,60.5,1,2,79.7,16.9,2.56,14.0,1,0,0
S104713,23,Female,High,Postgraduate,24.1,0,0,3.22,25.8,0,6,85.7,5.2,2.62,12.0,1,1,0
S104714,17,Female,Medium,Secondary,6.2,0,1,3.56,59.1,0,4,78.0,6.0,3.14,13.0,0,2,0
S104715,23,Male,Low,Secondary,4.0,0,1,2.78,39.6,0,6,98.3,3.6,2.18,3.0,0,0,0
S104716,28,Female,Medium,Secondary,15.7,0,1,3.05,46.5,0,2,85.2,8.7,1.74,9.0,1,0,0
S104717,29,Female,Low,Bachelor,2.8,0,0,2.16,61.3,0,8,74.8,5.7,2.94,11.0,1,0,0
S104718,22,Male,High,None,24.7,1,0,2.57,63.9,0,4,73.7,8.2,2.15,4.0,0,0,1
S104719,18,Male,Medium,Secondary,28.2,0,1,3.1,52.5,0,1,62.0,9.8,2.75,3.0,1,0,0
S104720,24,Male,Medium,Bachelor,48.9,0,0,2.32,72.9,0,3,71.4,3.1,2.19,4.0,0,0,1
S104721,27,Male,Medium,Secondary,2.7,1,1,3.62,63.3,1,3,98.3,16.8,1.85,2.0,1,0,0
S104722,29,Female,Medium,Secondary,13.2,0,1,3.26,58.6,0,3,96.2,16.0,1.65,12.0,0,1,1
S104723,17,Male,Medium,Secondary,22.4,1,1,2.55,65.7,0,6,70.4,7.7,2.87,12.0,1,0,1
S104724,20,Female,Low,Bachelor,42.0,1,1,2.26,83.1,1,1,63.5,17.4,3.57,7.0,0,1,1
S104725,23,Male,Low,Secondary,17.7,0,0,2.64,32.7,0,4,94.3,11.9,3.48,8.0,0,0,1
S104726,18,Male,Low,Secondary,10.1,0,1,2.55,84.5,1,2,86.4,15.5,2.82,5.0,0,0,1
S104727,28,Male,Medium,Secondary,11.5,0,1,2.39,55.8,0,4,50.4,3.2,3.8,17.0,0,0,1
S104728,18,Male,High,Postgraduate,2.7,0,1,2.3,53.3,1,3,100.0,8.3,2.43,6.0,0,0,0
S104729,25,Female,Medium,Bachelor,51.6,0,0,2.88,59.0,0,4,80.2,13.1,3.37,6.0,1,0,0
S104730,28,Male,Medium,Secondary,11.1,0,0,3.37,51.7,0,4,100.0,9.2,2.46,7.0,0,0,1
S104731,25,Male,High,Bachelor,11.3,0,1,2.64,49.4,2,7,82.6,9.1,2.29,3.0,0,0,0
S104732,26,Male,Low,Bachelor,1.9,1,1,3.22,77.7,0,8,64.4,9.4,3.37,9.0,0,0,0
S104733,20,Male,Low,Bachelor,30.9,0,0,2.84,67.4,0,1,82.9,11.9,3.1,14.0,1,0,1
S104734,27,Female,High,Secondary,15.3,0,0,3.31,36.2,1,4,58.0,10.6,3.24,7.0,0,0,0
S104735,22,Female,High,None,84.2,0,0,2.61,75.1,0,4,78.1,17.8,1.76,11.0,0,1,0
S104736,17,Male,Medium,Bachelor,11.4,0,0,3.14,72.9,2,4,63.7,5.1,3.52,0.0,0,1,1
S104737,21,Female,Low,Secondary,27.1,1,0,3.06,42.7,0,6,76.9,10.5,3.27,4.0,0,1,0
S104738,21,Female,High,Secondary,53.3,1,1,3.68,67.7,1,6,83.7,13.5,2.52,8.0,1,0,1
S104739,23,Female,Medium,None,0.5,0,1,3.28,74.3,1,4,84.4,3.8,3.21,1.0,0,0,1
S104740,20,Female,Medium,Secondary,0.3,0,0,3.13,40.9,0,5,58.1,8.3,3.57,9.0,1,1,0
S104741,23,Male,Low,Bachelor,2.1,0,1,2.27,69.3,2,1,70.3,10.9,2.28,7.0,1,0,1
S104742,22,Female,Medium,None,25.9,1,0,2.74,54.9,1,2,50.4,17.5,2.29,9.0,0,0,0
S104743,21,Female,High,Bachelor,10.0,0,1,2.6,73.1,1,8,89.3,10.7,2.6,7.0,1,1,0
S104744,26,Female,High,Bachelor,10.8,1,1,2.59,51.0,2,5,83.0,13.8,1.25,7.0,0,0,0
S104745,20,Female,Medium,Secondary,5.8,0,0,3.01,80.6,0,4,62.4,14.1,3.03,0.0,1,0,1
S104746,26,Female,Medium,None,59.6,0,1,3.12,61.3,0,8,100.0,0.0,3.44,4.0,0,1,1
S104747,20,Male,Medium,None,75.5,0,0,3.14,55.8,0,8,87.0,10.4,3.2,10.0,0,0,0
S104748,28,Female,Medium,Secondary,54.5,0,1,3.63,54.2,0,1,78.4,7.8,3.14,2.0,0,1,1
S104749,21,Female,Medium,Bachelor,19.0,0,1,3.24,78.1,1,8,72.9,17.5,3.52,4.0,1,0,0
S104750,17,Female,Low,Bachelor,2.8,0,1,2.39,54.2,0,2,70.4,13.5,2.73,6.0,0,0,1
S104751,18,Female,Low,Bachelor,31.0,0,0,3.1,80.9,0,2,68.2,14.4,1.7,7.0,1,0,1
S104752,27,Female,Medium,Postgraduate,15.6,1,0,3.29,68.2,1,1,97.6,12.6,2.89,11.0,1,0,0
S104753,28,Female,Low,Secondary,14.1,0,0,3.63,44.2,1,6,84.1,10.5,3.71,9.0,1,0,1
S104754,19,Female,Low,Bachelor,15.6,1,0,2.92,65.4,0,5,64.3,14.2,3.05,5.0,0,0,1
S104755,24,Male,High,Secondary,2.6,0,0,2.93,65.7,0,3,99.5,9.9,2.54,1.0,1,0,0
S104756,24,Female,Medium,Secondary,6.6,0,0,3.54,43.7,0,7,78.6,16.4,3.35,20.0,0,0,0
S104757,18,Female,Low,Secondary,4.9,0,1,3.09,65.1,0,2,66.2,4.7,3.07,8.0,0,0,0
S104758,22,Female,Low,Secondary,6.3,0,0,2.2,73.1,1,3,100.0,15.2,2.65,12.0,0,0,1
S104759,26,Male,Medium,Bachelor,3.7,1,0,2.09,81.9,2,5,63.6,8.2,2.88,0.0,1,1,0
S104760,29,Female,Medium,Bachelor,1.2,0,1,3.92,81.3,1,8,67.6,13.4,2.58,7.0,0,1,0
S104761,28,Female,Medium,Secondary,3.1,0,0,2.14,100.0,0,5,80.0,2.1,3.23,6.0,1,1,0
S104762,18,Female,Medium,None,3.0,0,1,2.92,65.0,0,7,84.8,11.3,2.17,6.0,0,2,1
S104763,20,Male,Low,Bachelor,21.4,1,1,3.44,73.3,0,8,68.7,9.2,3.03,11.0,1,0,0
S104764,22,Female,Medium,Bachelor,19.0,1,0,2.12,55.9,0,5,46.8,9.8,3.41,7.0,1,1,0
S104765,18,Male,Low,Bachelor,50.3,0,0,2.46,93.3,0,6,80.5,1.2,2.97,6.0,0,0,0
S104766,24,Male,Medium,None,14.6,1,1,2.38,51.6,0,4,64.3,10.2,2.97,8.0,0,0,0
S104767,17,Female,Low,Secondary,5.7,0,0,3.9,92.6,0,6,74.6,10.6,2.85,8.0,0,0,0
S104768,18,Female,Low,Bachelor,20.6,0,0,4.0,90.7,1,3,67.8,1.1,3.17,3.0,0,0,0
S104769,17,Male,Low,Bachelor,37.1,0,1,2.63,53.2,0,7,63.7,4.2,2.55,12.0,1,1,1
S104770,20,Female,High,None,2.5,0,1,3.29,80.5,0,2,76.0,10.8,2.71,6.0,1,0,0
S104771,26,Female,Low,Secondary,25.3,0,0,3.15,71.9,0,1,70.5,12.0,2.17,8.0,1,0,0
S104772,19,Male,Low,Secondary,6.9,1,0,2.86,58.8,0,1,67.4,9.7,2.61,14.0,1,1,1
S104773,29,Male,Low,Bachelor,26.2,1,1,2.19,63.0,0,3,94.5,10.2,1.4,20.0,1,1,1
S104774,20,Female,Medium,None,0.0,0,0,4.0,69.0,0,2,65.1,10.1,2.82,10.0,0,1,1
S104775,17,Female,Medium,Bachelor,14.5,0,1,2.09,70.4,0,5,76.2,7.3,3.23,1.0,1,1,1
S104776,21,Male,High,Postgraduate,2.6,0,0,3.11,87.4,0,5,79.4,9.1,2.75,7.0,1,0,0
S104777,26,Female,Medium,Secondary,5.0,0,0,2.68,73.6,0,7,54.6,3.0,3.44,15.0,0,1,1
S104778,18,Female,Medium,Secondary,2.5,0,0,3.5,53.5,1,3,63.2,7.1,3.73,7.0,1,1,0
S104779,17,Female,Medium,None,23.1,0,1,3.42,76.2,0,7,79.4,9.8,2.79,11.0,1,1,0
S104780,28,Female,Low,None,0.5,0,0,2.51,38.8,0,7,78.8,16.2,2.1,11.0,1,0,1
S104781,24,Male,High,Postgraduate,29.7,1,1,2.6,59.2,1,7,68.2,9.4,3.56,5.0,1,0,0
S104782,21,Male,High,Postgraduate,3.0,0,1,2.22,60.6,0,7,79.6,20.3,3.42,16.0,0,1,1
S104783,26,Male,Low,None,7.3,0,1,3.1,74.9,0,6,84.0,19.6,3.11,10.0,0,1,1
S104784,27,Female,Medium,Postgraduate,2.5,1,1,3.36,91.6,1,1,88.8,10.3,2.43,8.0,0,0,0
S104785,21,Female,Low,Secondary,23.2,0,0,2.78,68.3,0,2,90.0,7.9,3.06,7.0,0,0,1
S104786,24,Female,Medium,Bachelor,25.0,0,0,2.88,59.6,0,8,98.1,21.3,2.58,3.0,1,1,1
S104787,17,Male,Medium,Bachelor,1.7,0,0,3.95,54.5,1,3,81.6,13.7,2.29,5.0,0,0,0
S104788,20,Female,High,Secondary,1.5,0,0,3.47,77.5,0,8,59.2,12.2,3.05,4.0,0,2,1
S104789,24,Male,Low,Secondary,4.9,1,0,3.67,62.1,0,5,75.6,6.4,2.12,17.0,0,1,0
S104790,19,Male,Medium,Bachelor,4.0,0,1,1.88,57.5,0,5,61.0,7.9,3.33,12.0,0,0,0
S104791,29,Male,Medium,Secondary,3.1,0,1,3.27,79.3,0,6,92.7,5.0,3.0,4.0,1,0,0
S104792,29,Female,Low,Postgraduate,2.8,0,0,3.13,82.5,1,3,100.0,17.4,2.72,15.0,1,0,1
S104793,20,Male,Medium,Secondary,3.1,0,0,2.37,50.6,0,1,79.9,12.5,2.77,13.0,0,0,1
S104794,22,Female,Medium,None,10.7,1,1,2.48,42.6,0,2,97.4,8.4,2.05,5.0,0,0,0
S104795,19,Female,Medium,Postgraduate,10.2,1,1,2.89,63.5,0,4,96.4,7.6,2.09,10.0,0,0,0
S104796,23,Female,High,Secondary,17.3,0,1,2.33,47.9,0,2,84.6,5.0,4.01,5.0,1,0,0
S104797,18,Male,Low,Secondary,14.1,0,0,2.6,45.8,0,8,87.9,9.7,2.69,12.0,0,0,0
S104798,22,Female,Low,Secondary,23.1,1,0,2.77,49.4,0,4,94.2,10.9,1.8,10.0,0,2,1
S104799,24,Female,Low,None,3.6,1,1,3.29,80.7,1,1,59.1,0.0,3.44,6.0,0,0,1
S104800,24,Female,Low,Secondary,37.5,0,0,2.65,74.8,1,4,83.7,5.2,2.08,3.0,1,1,1
S104801,24,Female,Medium,Secondary,3.5,0,1,2.78,100.0,0,3,88.3,6.6,3.2,8.0,0,1,0
S104802,19,Female,High,Secondary,16.6,0,0,3.51,55.4,1,6,58.5,15.4,3.83,10.0,1,0,1
S104803,27,Female,Medium,Secondary,26.4,0,0,2.12,84.9,0,5,100.0,7.2,2.65,13.0,0,0,0
S104804,25,Female,Medium,Bachelor,14.6,0,1,3.11,72.4,0,4,96.4,1.0,3.61,11.0,1,0,0
S104805,26,Female,Medium,Postgraduate,3.5,0,1,3.19,56.7,0,8,96.5,4.5,3.31,12.0,1,1,0
S104806,23,Male,Low,Secondary,6.2,0,0,3.21,62.8,0,6,86.1,18.6,3.9,5.0,0,0,0
S104807,28,Female,High,Postgraduate,24.2,0,1,2.75,56.6,0,1,65.8,8.1,3.21,0.0,1,0,0
S104808,22,Male,Medium,Bachelor,34.9,0,1,2.47,68.9,0,3,61.0,4.8,2.43,1.0,0,0,1
S104809,27,Male,Medium,Postgraduate,0.1,0,1,3.76,79.8,0,7,78.5,1.6,1.34,7.0,0,0,1
S104810,19,Male,High,Bachelor,21.3,0,1,2.57,59.5,0,6,90.5,10.1,2.25,5.0,1,0,0
S104811,20,Male,Medium,Secondary,44.8,0,1,2.44,77.7,0,3,88.1,10.6,2.45,8.0,1,0,0
S104812,23,Female,Low,Secondary,3.2,1,1,3.01,84.1,2,3,100.0,12.2,3.49,11.0,1,0,0
S104813,24,Female,Medium,Postgraduate,5.4,0,1,2.63,87.4,2,3,75.3,23.6,3.65,11.0,0,0,1
S104814,26,Male,Medium,Secondary,22.5,1,1,3.53,47.4,2,5,74.6,3.8,2.03,0.0,1,0,0
S104815,20,Male,Medium,Bachelor,4.4,1,1,2.87,64.3,0,3,80.1,8.2,3.66,18.0,0,0,0
S104816,28,Female,High,Bachelor,4.1,1,1,3.59,75.6,1,4,62.7,11.5,2.26,10.0,0,0,0
S104817,21,Female,Medium,Secondary,6.9,0,0,3.22,48.7,1,8,100.0,7.8,2.22,9.0,0,1,0
S104818,23,Female,Medium,Secondary,1.4,0,0,2.81,45.4,2,5,76.2,0.0,1.83,7.0,1,1,1
S104819,29,Male,High,Postgraduate,17.0,1,1,3.56,64.6,0,2,83.8,12.6,3.04,7.0,0,0,0
S104820,24,Male,Medium,None,24.2,0,1,2.67,58.8,0,5,92.2,6.8,2.39,12.0,0,0,1
S104821,25,Male,Medium,Bachelor,24.5,1,0,2.84,62.4,0,1,68.7,4.7,3.72,4.0,0,0,0
S104822,28,Male,Low,Postgraduate,19.9,0,1,3.26,57.9,2,5,84.2,5.5,2.16,9.0,0,0,1
S104823,29,Female,Medium,None,10.6,0,0,3.11,97.4,1,7,79.9,17.8,3.31,14.0,0,0,1
S104824,23,Female,Medium,Secondary,60.8,0,0,2.66,58.1,0,3,94.6,16.5,1.95,9.0,1,0,1
S104825,22,Male,Low,Secondary,35.0,0,1,2.23,73.8,0,7,80.1,4.5,3.52,10.0,0,0,1
S104826,19,Female,Medium,Bachelor,11.6,0,1,2.99,72.8,0,8,37.1,1.3,2.88,2.0,1,1,1
S104827,23,Female,Low,Secondary,5.1,1,1,2.64,39.7,2,3,66.0,14.5,3.01,11.0,0,0,0
S104828,28,Male,Low,None,14.6,1,1,3.01,87.0,0,3,57.5,20.3,2.55,9.0,0,2,0
S104829,23,Female,Medium,None,0.5,0,1,2.79,74.4,0,8,100.0,21.7,2.51,8.0,0,0,0
S104830,21,Male,Low,Secondary,23.1,0,1,2.64,67.4,0,2,100.0,2.9,3.15,11.0,0,2,1
S104831,18,Female,Medium,Secondary,11.3,0,1,2.87,80.9,0,8,47.7,16.8,4.07,3.0,1,0,0
S104832,22,Male,Medium,Secondary,2.4,0,0,2.96,64.3,0,4,64.8,10.0,2.07,15.0,0,0,0
S104833,20,Female,Low,Bachelor,17.4,1,0,3.35,78.2,1,1,59.2,0.4,2.56,20.0,1,0,1
S104834,29,Male,Low,None,1.1,1,0,3.21,36.9,0,8,83.2,5.7,2.37,6.0,0,0,0
S104835,23,Female,Medium,Bachelor,70.1,0,0,4.0,77.3,0,2,65.7,6.1,1.74,13.0,0,0,1
S104836,18,Female,Low,Postgraduate,3.2,1,0,3.07,67.8,0,5,76.0,12.4,1.73,7.0,0,0,1
S104837,17,Female,Medium,Bachelor,43.3,0,0,2.66,68.0,2,4,59.3,3.2,2.29,3.0,0,0,1
S104838,28,Male,Medium,Bachelor,19.1,1,0,2.92,52.4,0,8,86.5,14.7,2.52,13.0,1,0,0
S104839,29,Female,Medium,None,5.9,0,1,3.28,61.7,1,6,54.8,12.4,3.79,7.0,0,0,1
S104840,26,Female,Medium,Bachelor,39.3,0,0,3.5,61.3,0,7,100.0,15.1,3.49,10.0,1,0,0
S104841,18,Male,High,Secondary,1.1,1,0,3.67,47.9,0,1,100.0,6.7,2.23,16.0,0,0,0
S104842,18,Female,Low,Secondary,9.5,0,0,2.49,70.4,0,3,100.0,12.0,3.34,10.0,0,0,1
S104843,19,Male,High,Bachelor,8.8,0,0,3.64,88.6,1,5,89.1,4.8,2.24,9.0,1,0,0
S104844,26,Male,High,None,24.8,0,1,2.98,43.7,1,3,100.0,13.4,2.74,4.0,0,0,0
S104845,26,Female,Medium,Secondary,15.8,0,1,2.54,72.4,0,7,93.4,8.8,3.03,4.0,0,0,0
S104846,27,Male,Low,Bachelor,0.3,0,1,2.9,58.7,0,7,64.9,9.3,4.28,7.0,0,1,0
S104847,18,Female,Low,Secondary,17.3,0,1,3.61,57.0,0,4,74.4,9.8,2.99,6.0,1,1,0
S104848,18,Male,High,None,14.3,0,1,3.23,66.1,1,3,86.4,1.3,1.77,11.0,0,1,1
S104849,28,Male,Low,None,6.4,1,1,2.39,66.3,0,1,97.3,15.9,3.32,4.0,0,0,1
S104850,29,Male,High,Secondary,6.3,0,0,2.4,67.8,1,7,79.9,10.4,3.6,5.0,1,0,0
S104851,26,Male,Medium,Secondary,18.0,0,0,2.38,48.0,0,2,88.3,16.0,3.42,7.0,0,0,0
S104852,18,Female,Medium,Secondary,13.5,0,1,2.63,81.3,0,7,75.0,15.6,2.1,8.0,0,1,0
S104853,17,Female,Medium,None,13.6,0,1,3.04,66.2,0,5,73.8,5.9,2.89,8.0,1,0,0
S104854,17,Female,Low,Bachelor,18.2,1,1,2.44,73.9,0,6,57.9,8.7,2.79,7.0,1,0,0
S104855,25,Male,Medium,Postgraduate,23.3,0,0,2.79,83.2,0,5,86.6,2.2,4.04,5.0,0,0,1
S104856,27,Female,High,Bachelor,6.3,0,1,3.7,36.2,2,4,72.6,16.1,3.23,10.0,0,0,0
S104857,25,Male,Low,Secondary,9.8,0,0,3.81,74.5,0,2,60.7,11.6,4.0,13.0,0,0,0
S104858,20,Male,High,Bachelor,12.2,0,1,3.78,62.5,1,8,71.1,11.0,2.3,9.0,0,0,1
S104859,26,Female,High,Bachelor,22.1,0,0,2.1,80.3,1,5,84.3,8.6,2.65,6.0,0,1,0
S104860,17,Female,Low,Postgraduate,1.4,0,0,3.84,53.0,0,8,90.0,5.2,2.42,0.0,1,2,1
S104861,27,Female,Medium,None,14.3,0,0,3.05,79.0,0,3,77.2,16.4,3.49,15.0,1,0,0
S104862,28,Female,Low,Secondary,5.7,0,0,3.04,49.2,0,3,96.0,20.0,3.6,7.0,0,0,0
S104863,26,Female,Medium,None,24.4,0,0,3.51,71.0,0,1,100.0,16.6,3.07,13.0,1,1,0
S104864,28,Male,High,Bachelor,4.5,0,1,3.35,69.3,1,4,75.7,9.2,2.87,15.0,0,0,0
S104865,24,Male,High,None,3.3,0,0,2.07,62.7,0,5,94.6,12.0,3.09,11.0,0,1,0
S104866,23,Male,High,Postgraduate,39.5,0,0,2.69,49.5,1,5,70.0,15.3,1.83,12.0,1,1,0
S104867,21,Female,Low,None,0.7,0,0,2.82,59.5,0,6,60.5,10.5,2.51,12.0,0,0,1
S104868,28,Female,Medium,Bachelor,14.0,0,1,2.33,78.8,0,7,65.8,19.7,2.57,7.0,0,0,1
S104869,26,Female,Low,Secondary,8.0,0,0,3.5,87.3,0,3,67.0,16.2,2.79,3.0,0,0,0
S104870,19,Male,High,Secondary,13.3,0,0,3.72,94.3,1,1,73.4,23.9,2.34,11.0,0,0,0
S104871,29,Female,Low,Secondary,15.3,0,1,2.99,72.9,1,7,100.0,11.0,2.21,2.0,1,0,1
S104872,17,Female,Low,Bachelor,11.0,0,0,3.15,68.8,2,6,72.1,0.0,1.68,6.0,0,0,1
S104873,24,Female,Low,Secondary,14.3,0,1,2.99,71.7,0,1,74.4,10.4,3.1,5.0,0,0,1
S104874,19,Female,Low,Secondary,4.9,0,0,3.05,93.9,1,6,82.3,8.1,1.84,10.0,1,1,0
S104875,25,Male,Low,Bachelor,1.6,0,1,3.56,72.8,1,3,60.2,10.9,3.5,9.0,0,0,0
S104876,22,Male,Low,Postgraduate,3.5,0,1,2.12,66.3,1,7,82.2,18.9,3.03,5.0,1,0,0
S104877,22,Female,High,Bachelor,13.2,0,0,3.24,60.9,0,4,89.9,7.3,3.42,6.0,0,0,0
S104878,25,Female,Medium,Bachelor,0.5,0,1,3.01,62.6,1,3,100.0,5.8,2.18,16.0,0,0,1
S104879,26,Male,Low,Secondary,7.1,1,0,2.64,70.8,0,4,99.7,6.8,4.1,5.0,1,0,1
S104880,21,Male,Medium,Postgraduate,10.5,0,0,2.75,53.7,1,4,85.4,20.8,4.35,7.0,1,0,0
S104881,29,Male,Medium,Secondary,20.7,0,1,3.92,55.6,1,5,76.6,7.7,2.82,10.0,0,0,0
S104882,23,Female,Medium,Postgraduate,22.3,0,1,2.34,64.0,1,6,77.5,11.3,3.08,8.0,1,0,0
S104883,19,Male,Low,Bachelor,24.6,0,0,2.92,58.2,0,3,86.1,19.2,2.79,10.0,0,0,1
S104884,17,Male,Medium,Secondary,5.1,1,1,3.81,73.9,1,4,79.3,13.3,3.51,12.0,0,0,0
S104885,19,Female,Medium,None,3.6,0,0,2.36,75.1,0,2,78.6,0.0,3.35,14.0,0,1,1
S104886,25,Female,Low,Bachelor,7.1,0,0,2.77,68.9,0,8,66.0,7.6,1.56,8.0,0,0,0
S104887,24,Male,Medium,Bachelor,20.3,0,0,3.02,72.3,0,8,90.1,6.7,2.22,10.0,0,0,1
S104888,21,Male,Medium,Bachelor,29.8,1,1,3.21,66.8,0,2,84.5,1.3,3.07,9.0,1,1,0
S104889,23,Male,Medium,Postgraduate,11.0,1,1,2.96,20.0,0,1,68.7,7.6,3.34,4.0,0,1,0
S104890,27,Male,Medium,Secondary,40.1,0,0,2.55,51.9,0,3,100.0,0.0,2.9,9.0,0,0,0
S104891,24,Male,Medium,Secondary,0.2,0,1,3.22,75.6,0,1,83.1,11.6,1.61,1.0,1,0,1
S104892,17,Male,Medium,Bachelor,29.9,0,1,2.95,52.4,2,4,58.6,10.0,3.19,9.0,0,0,1
S104893,17,Female,Low,None,2.1,1,0,3.31,77.8,1,5,94.2,6.5,4.08,0.0,0,0,0
S104894,23,Female,Low,Bachelor,9.1,0,0,3.46,78.7,0,5,69.9,1.0,1.19,4.0,1,1,1
S104895,22,Female,Medium,Postgraduate,141.1,0,1,2.26,61.0,0,2,73.9,17.0,3.46,11.0,0,2,1
S104896,28,Male,Low,None,0.3,0,0,3.52,56.1,1,8,77.2,7.2,4.08,10.0,0,1,0
S104897,24,Male,Medium,Bachelor,34.2,0,0,2.87,65.1,0,6,92.9,15.5,3.46,8.0,1,1,1
S104898,26,Female,Low,Bachelor,17.5,0,0,3.41,64.3,0,8,79.1,9.4,2.74,6.0,1,0,1
S104899,24,Female,Medium,None,14.3,1,0,3.25,74.4,0,6,89.3,17.3,3.43,5.0,0,0,0
S104900,21,Female,Medium,Bachelor,4.0,0,0,3.93,29.9,1,3,56.4,12.9,2.74,6.0,1,0,0
S104901,25,Male,Medium,Bachelor,16.7,0,1,3.0,54.0,0,5,63.5,10.6,3.18,11.0,1,0,1
S104902,25,Male,Medium,Secondary,3.6,1,1,2.8,49.8,1,1,80.5,5.8,2.86,7.0,0,2,0
S104903,26,Female,Medium,Secondary,26.9,1,1,2.74,27.2,0,3,69.1,16.5,2.88,0.0,1,0,1
S104904,19,Female,High,Secondary,2.0,0,1,2.48,57.6,0,7,76.9,9.0,2.27,3.0,0,0,0
S104905,25,Male,Medium,Bachelor,8.1,0,0,3.4,42.5,0,6,91.2,5.9,2.48,5.0,1,0,0
S104906,20,Female,Medium,Secondary,8.4,1,0,2.45,59.2,0,3,68.0,9.2,3.94,7.0,0,0,0
S104907,27,Female,Low,Secondary,8.5,0,0,3.4,57.7,1,5,69.0,9.8,2.37,7.0,0,0,1
S104908,27,Female,Medium,Postgraduate,0.3,1,1,2.89,71.8,1,2,81.6,14.4,1.43,4.0,0,0,1
S104909,25,Male,Medium,Bachelor,71.7,0,0,2.12,61.2,0,3,48.1,0.6,5.0,10.0,0,0,0
S104910,29,Female,Medium,Bachelor,37.4,1,0,3.74,39.6,0,3,95.1,21.9,2.49,0.0,0,0,0
S104911,23,Female,Medium,Postgraduate,21.7,0,1,1.31,70.2,0,1,82.0,12.3,2.61,5.0,1,0,0
S104912,17,Male,High,None,3.6,0,0,2.96,100.0,0,5,81.4,9.9,2.52,11.0,0,0,1
S104913,24,Female,High,Secondary,8.7,1,1,3.12,81.1,1,2,71.9,12.2,2.81,10.0,0,0,1
S104914,27,Female,Medium,Bachelor,8.0,0,0,1.85,75.2,2,5,90.3,2.3,2.27,7.0,1,0,0
S104915,18,Female,High,Secondary,11.6,0,0,3.22,62.1,0,5,77.6,10.6,3.84,12.0,1,1,0
S104916,18,Male,High,None,3.1,0,1,2.67,57.6,1,3,98.4,13.3,2.66,9.0,0,0,1
S104917,20,Female,Low,Bachelor,6.6,0,0,2.88,56.6,0,4,54.3,8.5,2.07,8.0,0,0,0
S104918,27,Female,Medium,None,1.3,0,0,3.67,68.6,0,3,80.9,12.6,0.79,10.0,1,0,0
S104919,23,Male,Low,Secondary,58.7,0,1,3.07,48.0,1,6,80.6,14.0,3.57,10.0,0,1,1
S104920,29,Male,Low,Bachelor,3.2,0,1,2.82,68.3,0,5,84.7,6.4,2.49,13.0,0,1,0
S104921,28,Male,Low,Bachelor,5.6,0,0,2.91,55.0,2,1,100.0,16.2,3.06,7.0,1,1,0
S104922,24,Male,Medium,Secondary,8.0,0,0,3.89,39.3,3,7,59.5,9.7,2.15,7.0,0,1,1
S104923,25,Female,Low,None,3.2,1,0,3.2,54.8,0,8,59.1,19.5,2.87,9.0,1,0,0
S104924,21,Female,Low,Bachelor,34.7,0,0,2.56,83.8,2,4,74.7,16.5,2.78,8.0,0,0,1
S104925,18,Male,Low,Postgraduate,45.4,1,0,2.76,67.1,0,5,51.6,12.0,3.44,15.0,1,0,0
S104926,22,Female,Medium,Secondary,36.4,0,0,2.4,20.0,0,6,100.0,5.9,2.92,10.0,0,0,1
S104927,24,Male,High,None,20.9,0,1,2.77,54.9,0,2,94.0,9.4,2.01,5.0,1,0,0
S104928,19,Female,High,Bachelor,20.3,0,1,3.8,78.5,0,6,87.8,15.0,4.48,2.0,1,0,0
S104929,19,Female,Medium,Secondary,12.9,0,0,2.92,60.5,0,2,91.7,7.2,3.1,14.0,0,1,0
S104930,17,Female,Low,Secondary,0.3,0,0,2.33,72.9,0,1,99.1,12.2,2.14,6.0,0,1,0
S104931,26,Female,High,Secondary,10.8,1,0,3.22,59.1,0,8,70.8,12.7,2.93,9.0,0,0,0
S104932,28,Female,Low,Secondary,2.9,0,0,2.8,67.8,1,7,74.6,9.4,3.07,8.0,1,0,1
S104933,27,Male,High,Secondary,0.1,0,1,3.28,65.5,1,1,85.1,5.9,3.14,11.0,0,0,0
S104934,21,Male,Medium,Secondary,7.3,1,0,2.88,55.3,1,1,72.4,18.0,3.05,6.0,1,0,0
S104935,24,Female,Medium,Bachelor,0.1,0,1,3.72,73.6,0,1,66.1,12.4,2.97,8.0,0,0,1
S104936,29,Male,Low,Secondary,4.6,1,1,2.54,88.0,0,8,72.1,8.5,3.44,6.0,0,0,1
S104937,24,Male,Low,Secondary,0.1,0,1,2.42,70.8,0,7,85.7,6.0,3.31,19.0,0,0,1
S104938,20,Male,Medium,None,18.0,0,1,3.47,66.6,1,8,93.7,14.5,3.32,5.0,0,0,0
S104939,21,Female,Medium,Bachelor,3.6,0,1,2.0,52.4,0,8,60.9,9.7,1.56,10.0,0,0,1
S104940,26,Female,High,None,40.3,0,1,2.91,79.1,1,7,77.2,14.9,1.59,19.0,0,0,0
S104941,22,Female,Medium,Secondary,3.5,0,0,3.4,57.3,0,4,79.2,5.4,2.24,12.0,0,0,1
S104942,27,Female,Medium,Bachelor,40.7,1,1,1.9,73.4,1,7,59.1,11.5,2.63,8.0,0,2,0
S104943,28,Male,Low,Bachelor,15.3,0,0,3.03,76.4,0,1,86.7,7.6,2.27,9.0,0,0,1
S104944,17,Male,Medium,Bachelor,9.6,1,0,2.25,79.8,0,2,78.4,18.7,2.09,5.0,1,0,0
S104945,26,Female,Low,Secondary,8.1,0,1,2.08,80.1,0,6,65.9,11.8,2.97,15.0,1,1,0
S104946,21,Female,Medium,Secondary,4.8,0,1,2.47,79.5,0,1,72.8,5.0,2.19,7.0,0,1,0
S104947,23,Male,Medium,Secondary,18.2,0,0,2.91,46.2,0,3,88.0,14.7,1.12,8.0,1,1,0
S104948,20,Female,High,Bachelor,6.3,1,1,2.65,52.1,0,3,94.7,16.2,1.85,4.0,0,0,0
S104949,21,Female,Medium,Secondary,5.2,0,0,3.55,44.4,0,8,85.1,8.3,2.37,7.0,1,0,0
S104950,21,Male,Low,Secondary,1.1,1,1,3.04,43.4,0,2,100.0,6.0,2.62,8.0,1,1,1
S104951,17,Male,High,None,10.3,0,1,2.76,87.9,2,8,96.7,0.0,3.43,12.0,0,1,0
S104952,27,Female,Medium,Postgraduate,10.2,1,0,2.35,50.2,0,7,88.3,15.5,3.1,9.0,0,0,0
S104953,18,Female,Medium,None,23.1,1,0,3.11,48.1,0,8,69.5,1.2,1.4,12.0,1,0,1
S104954,21,Female,Medium,Secondary,14.8,0,1,4.0,64.2,0,7,97.0,9.8,3.82,0.0,1,0,0
S104955,19,Female,High,Postgraduate,35.2,0,0,2.65,53.8,0,1,68.5,1.4,2.66,14.0,0,2,0
S104956,19,Female,Low,Bachelor,11.0,0,1,2.71,98.9,0,1,91.2,19.0,2.85,3.0,1,0,0
S104957,21,Female,Medium,Bachelor,35.4,1,0,2.47,60.9,0,8,43.3,16.7,2.88,11.0,0,0,0
S104958,28,Male,Medium,Bachelor,5.5,0,0,3.59,71.7,2,4,72.6,11.5,2.2,0.0,1,0,1
S104959,29,Female,Low,None,3.2,0,1,3.46,53.3,1,6,59.0,15.2,3.19,8.0,1,0,0
S104960,21,Female,High,Bachelor,5.9,1,0,2.78,40.1,0,8,75.7,9.3,1.44,12.0,1,0,0
S104961,23,Female,Medium,Secondary,21.3,0,0,2.7,54.1,0,1,56.9,5.9,3.74,5.0,1,1,1
S104962,29,Male,Low,Postgraduate,27.1,0,1,2.53,54.2,0,3,80.4,1.6,2.93,8.0,1,0,0
S104963,20,Female,Low,Secondary,18.2,0,0,2.86,54.1,0,6,87.0,14.0,3.05,12.0,0,0,0
S104964,29,Female,High,Bachelor,14.8,0,0,3.51,41.0,0,5,70.2,5.0,3.17,11.0,0,0,1
S104965,18,Male,Medium,Secondary,57.5,0,1,3.02,67.0,1,8,75.2,22.6,2.49,2.0,0,0,0
S104966,19,Male,Low,None,55.6,0,0,3.64,59.9,0,4,83.3,4.4,3.69,12.0,0,1,0
S104967,21,Male,Low,Secondary,1.1,1,1,2.64,41.9,1,3,79.3,15.1,2.29,15.0,0,0,1
S104968,17,Female,Low,Bachelor,11.5,0,1,1.84,66.6,0,3,100.0,16.4,2.1,13.0,1,1,1
S104969,27,Female,Low,Secondary,5.6,1,1,4.0,76.4,0,6,69.7,3.3,2.9,3.0,0,0,0
S104970,28,Male,Medium,Postgraduate,24.9,0,0,3.11,83.0,0,2,88.1,7.8,1.84,4.0,1,1,1
S104971,21,Female,Low,Secondary,43.1,1,1,3.39,28.7,2,3,83.9,8.9,2.4,8.0,1,1,1
S104972,27,Male,Low,Bachelor,23.9,0,0,2.61,54.0,0,4,56.2,27.4,2.98,10.0,1,0,1
S104973,27,Female,Low,Bachelor,19.5,0,1,2.32,44.4,2,6,81.3,8.8,3.31,11.0,0,1,0
S104974,27,Male,Medium,Secondary,23.5,1,1,3.08,55.2,0,1,78.7,4.3,2.77,5.0,1,0,1
S104975,27,Female,Medium,Bachelor,0.2,0,1,2.0,85.8,0,5,72.6,12.5,2.17,8.0,0,0,0
S104976,24,Female,Medium,Bachelor,80.2,1,0,2.87,54.1,0,4,100.0,4.8,2.56,5.0,0,0,0
S104977,18,Male,Medium,Bachelor,12.8,0,0,3.51,57.9,0,2,99.3,9.7,2.33,4.0,1,0,0
S104978,29,Female,High,Bachelor,12.2,0,0,3.22,52.6,1,3,68.6,7.7,2.73,10.0,0,0,0
S104979,24,Female,Medium,Bachelor,6.7,0,1,3.13,89.4,1,1,89.5,12.6,2.37,8.0,1,0,1
S104980,28,Female,High,Secondary,19.1,1,0,3.87,30.5,0,8,91.2,7.2,2.12,10.0,1,0,0
S104981,29,Female,Medium,None,12.1,0,0,3.19,56.7,1,7,82.2,6.5,2.03,6.0,0,0,0
S104982,19,Female,Low,Secondary,12.4,1,0,2.05,52.0,0,7,63.5,15.4,1.51,11.0,0,0,0
S104983,22,Female,High,Bachelor,3.4,0,0,2.93,39.2,0,2,65.7,11.4,3.56,3.0,1,0,1
S104984,19,Male,Medium,Postgraduate,10.1,0,0,3.96,81.5,1,4,87.9,10.1,3.3,6.0,1,0,0
S104985,17,Female,Medium,None,1.6,1,0,2.85,38.0,0,4,87.6,0.4,1.94,4.0,0,1,1
S104986,29,Male,Low,Secondary,9.2,1,0,3.93,58.1,0,1,75.7,13.1,3.26,9.0,0,0,0
S104987,29,Male,Medium,Secondary,4.2,0,0,3.51,63.8,1,8,99.7,7.6,2.83,15.0,0,0,0
S104988,29,Male,High,Bachelor,36.2,0,0,2.8,53.7,0,1,100.0,11.4,1.9,9.0,1,0,0
S104989,28,Male,Low,Bachelor,20.9,0,1,2.46,39.0,0,7,100.0,0.8,2.06,8.0,1,0,1
S104990,25,Female,Low,Bachelor,3.8,0,1,3.17,62.5,0,2,100.0,11.4,2.7,7.0,0,0,1
S104991,23,Female,Low,Bachelor,4.2,1,0,3.64,53.6,0,6,79.8,11.0,3.32,6.0,0,0,1
S104992,29,Female,Medium,Bachelor,2.2,0,1,2.21,77.1,0,8,60.0,8.9,3.22,12.0,1,1,0
S104993,24,Male,High,None,23.4,0,0,3.06,72.7,2,3,75.2,5.6,2.42,10.0,0,0,1
S104994,25,Female,Medium,Secondary,30.3,1,1,1.98,94.2,0,3,78.3,15.8,3.12,1.0,0,0,0
S104995,19,Female,High,Secondary,5.5,1,0,2.83,66.6,0,1,70.6,6.3,2.69,12.0,1,0,0
S104996,26,Male,Medium,Postgraduate,17.8,0,1,2.17,73.8,0,8,74.3,14.6,2.29,5.0,1,0,0
S104997,27,Female,Medium,Bachelor,2.1,1,1,3.28,59.6,0,2,62.7,15.2,3.47,5.0,0,0,1
S104998,25,Female,Low,None,2.4,0,1,2.66,90.7,0,7,90.7,5.8,2.91,10.0,1,1,0
S104999,23,Male,Low,Secondary,4.6,0,0,3.58,65.2,0,8,100.0,13.7,3.16,6.0,0,0,0
